resume_id,name,category,title,years_experience,resume_text
software_engineer_000,Ethan Patel,Software Engineer,Backend Engineer,5,"Ethan Patel is a Backend Engineer with 5 years of experience helping organizations improve developer. At EchoWorks, they partnered with business stakeholders to design and execute solutions that improved performance, workflow, and customer outcomes. led strategic initiatives impacting 11 teams and 12731 stakeholders. 5 years of experience delivering developer across regional partners and enterprise clients. improved operational efficiency by 53%.

Core capabilities include C++, Java, REST APIs, Docker, AWS, Python. Proficient with GitHub, Linux, Jenkins, Terraform. Strong background in process design, stakeholder communication, reporting, and performance optimization. They are passionate about turning business goals into action plans that deliver measurable results in fast-moving environments."
software_engineer_001,Matthew Wilson,Software Engineer,Software Engineer,14,"Matthew Wilson is a Software Engineer with 14 years of experience helping organizations improve engineering. At BrightPath Group, they partnered with business stakeholders to design and execute solutions that improved performance, workflow, and customer outcomes. 14 years of experience delivering engineering across remote-first teams and regional partners. drove measurable impact across product, delivery, and customer experience. improved operational efficiency by 56%.

Core capabilities include C++, Microservices, Kubernetes, Agile, Java, SQL. Proficient with PostgreSQL, GitHub, Terraform, Jenkins. Strong background in process design, stakeholder communication, reporting, and performance optimization. They are passionate about turning business goals into action plans that deliver measurable results in fast-moving environments."
software_engineer_002,Aria Kim,Software Engineer,Platform Engineer,3,"Aria Kim is a Platform Engineer with 3 years of experience helping organizations improve api. At Harbor Analytics, they partnered with business stakeholders to design and execute solutions that improved performance, workflow, and customer outcomes. drove measurable impact across product, delivery, and customer experience. 3 years of experience delivering api across enterprise clients and startup stakeholders. improved operational efficiency by 35%.

Core capabilities include Docker, Kubernetes, AWS, REST APIs, Python, Microservices. Proficient with Linux, Jenkins, PostgreSQL, GitHub. Strong background in process design, stakeholder communication, reporting, and performance optimization. They are passionate about turning business goals into action plans that deliver measurable results in fast-moving environments."
software_engineer_003,Isabella Lee,Software Engineer,Backend Engineer,13,"Isabella Lee is a Backend Engineer with 13 years of experience helping organizations improve cloud. At Signal Forge, they partnered with business stakeholders to design and execute solutions that improved performance, workflow, and customer outcomes. drove measurable impact across product, delivery, and customer experience. 13 years of experience delivering cloud across enterprise clients and cross-functional teams. led strategic initiatives impacting 15 teams and 7572 stakeholders.

Core capabilities include Java, C++, AWS, Agile, SQL, Kubernetes. Proficient with PostgreSQL, Terraform, Jenkins, Linux. Strong background in process design, stakeholder communication, reporting, and performance optimization. They are passionate about turning business goals into action plans that deliver measurable results in fast-moving environments."
software_engineer_004,Hannah Davis,Software Engineer,Full Stack Developer,12,"Hannah Davis is a Full Stack Developer with 12 years of experience helping organizations improve backend. At PrimeCore, they partnered with business stakeholders to design and execute solutions that improved performance, workflow, and customer outcomes. led strategic initiatives impacting 12 teams and 3266 stakeholders. 12 years of experience delivering backend across startup stakeholders and regional partners. drove measurable impact across product, delivery, and customer experience.

Core capabilities include Microservices, SQL, C++, REST APIs, Java, Kubernetes. Proficient with Linux, Terraform, PostgreSQL, Redis. Strong background in process design, stakeholder communication, reporting, and performance optimization. They are passionate about turning business goals into action plans that deliver measurable results in fast-moving environments."
software_engineer_005,Ethan Brown,Software Engineer,Full Stack Developer,14,"Ethan Brown is a Full Stack Developer with 14 years of experience helping organizations improve cloud. At BrightPath Group, they partnered with business stakeholders to design and execute solutions that improved performance, workflow, and customer outcomes. 14 years of experience delivering cloud across regional partners and remote-first teams. improved operational efficiency by 67%. drove measurable impact across product, delivery, and customer experience.

Core capabilities include Microservices, Java, Agile, AWS, Docker, SQL. Proficient with Terraform, PostgreSQL, GitHub, Linux. Strong background in process design, stakeholder communication, reporting, and performance optimization. They are passionate about turning business goals into action plans that deliver measurable results in fast-moving environments."
software_engineer_006,Charlotte Thomas,Software Engineer,Software Engineer,13,"Charlotte Thomas is a Software Engineer with 13 years of experience helping organizations improve cloud. At Pioneer Enterprise, they partnered with business stakeholders to design and execute solutions that improved performance, workflow, and customer outcomes. 13 years of experience delivering cloud across cross-functional teams and enterprise clients. led strategic initiatives impacting 15 teams and 9005 stakeholders. improved operational efficiency by 56%.

Core capabilities include Docker, REST APIs, C++, Agile, Python, SQL. Proficient with Linux, Terraform, Jenkins, GitHub. Strong background in process design, stakeholder communication, reporting, and performance optimization. They are passionate about turning business goals into action plans that deliver measurable results in fast-moving environments."
software_engineer_007,Leo Garcia,Software Engineer,Software Engineer,5,"Leo Garcia is a Software Engineer with 5 years of experience helping organizations improve api. At Mercury Systems, they partnered with business stakeholders to design and execute solutions that improved performance, workflow, and customer outcomes. improved operational efficiency by 31%. drove measurable impact across product, delivery, and customer experience. led strategic initiatives impacting 22 teams and 13374 stakeholders.

Core capabilities include Java, Agile, SQL, Microservices, Python, Docker. Proficient with Jenkins, Linux, Redis, PostgreSQL. Strong background in process design, stakeholder communication, reporting, and performance optimization. They are passionate about turning business goals into action plans that deliver measurable results in fast-moving environments."
software_engineer_008,Samuel Taylor,Software Engineer,Platform Engineer,10,"Samuel Taylor is a Platform Engineer with 10 years of experience helping organizations improve backend. At Harbor Analytics, they partnered with business stakeholders to design and execute solutions that improved performance, workflow, and customer outcomes. improved operational efficiency by 63%. 10 years of experience delivering backend across enterprise clients and regional partners. drove measurable impact across product, delivery, and customer experience.

Core capabilities include Java, AWS, REST APIs, Python, C++, Microservices. Proficient with Terraform, Linux, Jenkins, PostgreSQL. Strong background in process design, stakeholder communication, reporting, and performance optimization. They are passionate about turning business goals into action plans that deliver measurable results in fast-moving environments."
software_engineer_009,Jack Martin,Software Engineer,Full Stack Developer,6,"Jack Martin is a Full Stack Developer with 6 years of experience helping organizations improve cloud. At BluePeak Solutions, they partnered with business stakeholders to design and execute solutions that improved performance, workflow, and customer outcomes. led strategic initiatives impacting 18 teams and 6804 stakeholders. improved operational efficiency by 60%. drove measurable impact across product, delivery, and customer experience.

Core capabilities include SQL, AWS, C++, Kubernetes, Docker, Microservices. Proficient with Redis, Jenkins, Linux, Terraform. Strong background in process design, stakeholder communication, reporting, and performance optimization. They are passionate about turning business goals into action plans that deliver measurable results in fast-moving environments."
software_engineer_010,Noah Kim,Software Engineer,Software Engineer,8,"Noah Kim is a Software Engineer with 8 years of experience helping organizations improve cloud. At Evergreen Consulting, they partnered with business stakeholders to design and execute solutions that improved performance, workflow, and customer outcomes. 8 years of experience delivering cloud across startup stakeholders and cross-functional teams. led strategic initiatives impacting 19 teams and 14238 stakeholders. drove measurable impact across product, delivery, and customer experience.

Core capabilities include Kubernetes, Java, AWS, REST APIs, Microservices, Docker. Proficient with Redis, Jenkins, Linux, GitHub. Strong background in process design, stakeholder communication, reporting, and performance optimization. They are passionate about turning business goals into action plans that deliver measurable results in fast-moving environments."
software_engineer_011,Liam Garcia,Software Engineer,Full Stack Developer,8,"Liam Garcia is a Full Stack Developer with 8 years of experience helping organizations improve backend. At Crestline Partners, they partnered with business stakeholders to design and execute solutions that improved performance, workflow, and customer outcomes. improved operational efficiency by 27%. 8 years of experience delivering backend across startup stakeholders and regional partners. drove measurable impact across product, delivery, and customer experience.

Core capabilities include SQL, AWS, Microservices, Python, Java, REST APIs. Proficient with GitHub, Redis, PostgreSQL, Jenkins. Strong background in process design, stakeholder communication, reporting, and performance optimization. They are passionate about turning business goals into action plans that deliver measurable results in fast-moving environments."
software_engineer_012,Nora Nguyen,Software Engineer,Software Engineer,11,"Nora Nguyen is a Software Engineer with 11 years of experience helping organizations improve backend. At Harbor Analytics, they partnered with business stakeholders to design and execute solutions that improved performance, workflow, and customer outcomes. 11 years of experience delivering backend across startup stakeholders and enterprise clients. drove measurable impact across product, delivery, and customer experience. led strategic initiatives impacting 12 teams and 10485 stakeholders.

Core capabilities include REST APIs, Agile, C++, Python, Docker, Microservices. Proficient with Jenkins, GitHub, Terraform, PostgreSQL. Strong background in process design, stakeholder communication, reporting, and performance optimization. They are passionate about turning business goals into action plans that deliver measurable results in fast-moving environments."
software_engineer_013,Grace Allen,Software Engineer,Backend Engineer,6,"Grace Allen is a Backend Engineer with 6 years of experience helping organizations improve developer. At CloudBridge, they partnered with business stakeholders to design and execute solutions that improved performance, workflow, and customer outcomes. drove measurable impact across product, delivery, and customer experience. 6 years of experience delivering developer across regional partners and enterprise clients. improved operational efficiency by 22%.

Core capabilities include Kubernetes, AWS, Docker, REST APIs, Java, C++. Proficient with Redis, PostgreSQL, GitHub, Linux. Strong background in process design, stakeholder communication, reporting, and performance optimization. They are passionate about turning business goals into action plans that deliver measurable results in fast-moving environments."
software_engineer_014,Emma Garcia,Software Engineer,Backend Engineer,6,"Emma Garcia is a Backend Engineer with 6 years of experience helping organizations improve developer. At BrightPath Group, they partnered with business stakeholders to design and execute solutions that improved performance, workflow, and customer outcomes. improved operational efficiency by 25%. led strategic initiatives impacting 8 teams and 13163 stakeholders. drove measurable impact across product, delivery, and customer experience.

Core capabilities include SQL, REST APIs, Docker, Agile, Kubernetes, Microservices. Proficient with GitHub, Terraform, PostgreSQL, Redis. Strong background in process design, stakeholder communication, reporting, and performance optimization. They are passionate about turning business goals into action plans that deliver measurable results in fast-moving environments."
software_engineer_015,Avery Lee,Software Engineer,Backend Engineer,5,"Avery Lee is a Backend Engineer with 5 years of experience helping organizations improve cloud. At NorthStar Labs, they partnered with business stakeholders to design and execute solutions that improved performance, workflow, and customer outcomes. led strategic initiatives impacting 13 teams and 3647 stakeholders. drove measurable impact across product, delivery, and customer experience. improved operational efficiency by 58%.

Core capabilities include Docker, REST APIs, SQL, C++, Python, Kubernetes. Proficient with Linux, Redis, PostgreSQL, GitHub. Strong background in process design, stakeholder communication, reporting, and performance optimization. They are passionate about turning business goals into action plans that deliver measurable results in fast-moving environments."
software_engineer_016,Sebastian Patel,Software Engineer,Software Engineer,3,"Sebastian Patel is a Software Engineer with 3 years of experience helping organizations improve cloud. At Summit Works, they partnered with business stakeholders to design and execute solutions that improved performance, workflow, and customer outcomes. improved operational efficiency by 68%. drove measurable impact across product, delivery, and customer experience. 3 years of experience delivering cloud across remote-first teams and regional partners.

Core capabilities include C++, REST APIs, Python, Microservices, Agile, Docker. Proficient with Terraform, Jenkins, Redis, GitHub. Strong background in process design, stakeholder communication, reporting, and performance optimization. They are passionate about turning business goals into action plans that deliver measurable results in fast-moving environments."
software_engineer_017,Olivia Taylor,Software Engineer,Platform Engineer,11,"Olivia Taylor is a Platform Engineer with 11 years of experience helping organizations improve cloud. At Harbor Analytics, they partnered with business stakeholders to design and execute solutions that improved performance, workflow, and customer outcomes. 11 years of experience delivering cloud across remote-first teams and cross-functional teams. improved operational efficiency by 68%. led strategic initiatives impacting 8 teams and 7267 stakeholders.

Core capabilities include C++, AWS, Agile, Microservices, Java, REST APIs. Proficient with GitHub, Jenkins, PostgreSQL, Terraform. Strong background in process design, stakeholder communication, reporting, and performance optimization. They are passionate about turning business goals into action plans that deliver measurable results in fast-moving environments."
software_engineer_018,Amelia Thomas,Software Engineer,Backend Engineer,6,"Amelia Thomas is a Backend Engineer with 6 years of experience helping organizations improve engineering. At Pioneer Enterprise, they partnered with business stakeholders to design and execute solutions that improved performance, workflow, and customer outcomes. 6 years of experience delivering engineering across regional partners and startup stakeholders. led strategic initiatives impacting 22 teams and 6425 stakeholders. improved operational efficiency by 61%.

Core capabilities include AWS, Agile, Python, Kubernetes, Java, REST APIs. Proficient with PostgreSQL, Linux, GitHub, Jenkins. Strong background in process design, stakeholder communication, reporting, and performance optimization. They are passionate about turning business goals into action plans that deliver measurable results in fast-moving environments."
software_engineer_019,James Allen,Software Engineer,Backend Engineer,2,"James Allen is a Backend Engineer with 2 years of experience helping organizations improve software. At PrimeCore, they partnered with business stakeholders to design and execute solutions that improved performance, workflow, and customer outcomes. improved operational efficiency by 20%. led strategic initiatives impacting 18 teams and 1027 stakeholders. drove measurable impact across product, delivery, and customer experience.

Core capabilities include Agile, Microservices, Kubernetes, SQL, C++, AWS. Proficient with Terraform, Linux, GitHub, Jenkins. Strong background in process design, stakeholder communication, reporting, and performance optimization. They are passionate about turning business goals into action plans that deliver measurable results in fast-moving environments."
software_engineer_020,Emma Davis,Software Engineer,Backend Engineer,12,"Emma Davis is a Backend Engineer with 12 years of experience helping organizations improve engineering. At Oak & Pine, they partnered with business stakeholders to design and execute solutions that improved performance, workflow, and customer outcomes. led strategic initiatives impacting 23 teams and 5930 stakeholders. drove measurable impact across product, delivery, and customer experience. 12 years of experience delivering engineering across startup stakeholders and cross-functional teams.

Core capabilities include Java, Docker, REST APIs, Kubernetes, AWS, C++. Proficient with Redis, PostgreSQL, Jenkins, GitHub. Strong background in process design, stakeholder communication, reporting, and performance optimization. They are passionate about turning business goals into action plans that deliver measurable results in fast-moving environments."
software_engineer_021,Leo Smith,Software Engineer,Full Stack Developer,8,"Leo Smith is a Full Stack Developer with 8 years of experience helping organizations improve engineering. At Lakeview Health, they partnered with business stakeholders to design and execute solutions that improved performance, workflow, and customer outcomes. drove measurable impact across product, delivery, and customer experience. 8 years of experience delivering engineering across remote-first teams and regional partners. led strategic initiatives impacting 12 teams and 12023 stakeholders.

Core capabilities include Agile, Kubernetes, SQL, AWS, Microservices, Java. Proficient with Terraform, Redis, Jenkins, PostgreSQL. Strong background in process design, stakeholder communication, reporting, and performance optimization. They are passionate about turning business goals into action plans that deliver measurable results in fast-moving environments."
software_engineer_022,Mason Patel,Software Engineer,Software Engineer,5,"Mason Patel is a Software Engineer with 5 years of experience helping organizations improve backend. At Harbor Analytics, they partnered with business stakeholders to design and execute solutions that improved performance, workflow, and customer outcomes. led strategic initiatives impacting 8 teams and 13753 stakeholders. 5 years of experience delivering backend across cross-functional teams and enterprise clients. drove measurable impact across product, delivery, and customer experience.

Core capabilities include Agile, Java, SQL, AWS, Kubernetes, Docker. Proficient with Jenkins, Redis, Terraform, Linux. Strong background in process design, stakeholder communication, reporting, and performance optimization. They are passionate about turning business goals into action plans that deliver measurable results in fast-moving environments."
software_engineer_023,Michael Thomas,Software Engineer,Software Engineer,10,"Michael Thomas is a Software Engineer with 10 years of experience helping organizations improve developer. At Horizon One, they partnered with business stakeholders to design and execute solutions that improved performance, workflow, and customer outcomes. led strategic initiatives impacting 19 teams and 3607 stakeholders. improved operational efficiency by 53%. drove measurable impact across product, delivery, and customer experience.

Core capabilities include Java, SQL, C++, Microservices, AWS, Docker. Proficient with Terraform, Linux, PostgreSQL, Jenkins. Strong background in process design, stakeholder communication, reporting, and performance optimization. They are passionate about turning business goals into action plans that deliver measurable results in fast-moving environments."
software_engineer_024,Elijah Wilson,Software Engineer,Platform Engineer,12,"Elijah Wilson is a Platform Engineer with 12 years of experience helping organizations improve developer. At Lakeview Health, they partnered with business stakeholders to design and execute solutions that improved performance, workflow, and customer outcomes. improved operational efficiency by 32%. drove measurable impact across product, delivery, and customer experience. 12 years of experience delivering developer across cross-functional teams and regional partners.

Core capabilities include Docker, SQL, Java, Kubernetes, C++, REST APIs. Proficient with PostgreSQL, Linux, Terraform, Redis. Strong background in process design, stakeholder communication, reporting, and performance optimization. They are passionate about turning business goals into action plans that deliver measurable results in fast-moving environments."
software_engineer_025,Emma Jackson,Software Engineer,Platform Engineer,7,"Emma Jackson is a Platform Engineer with 7 years of experience helping organizations improve api. At NorthStar Labs, they partnered with business stakeholders to design and execute solutions that improved performance, workflow, and customer outcomes. led strategic initiatives impacting 17 teams and 14982 stakeholders. drove measurable impact across product, delivery, and customer experience. 7 years of experience delivering api across remote-first teams and regional partners.

Core capabilities include SQL, Microservices, Python, Java, AWS, Kubernetes. Proficient with Terraform, GitHub, Redis, Jenkins. Strong background in process design, stakeholder communication, reporting, and performance optimization. They are passionate about turning business goals into action plans that deliver measurable results in fast-moving environments."
software_engineer_026,Joseph Garcia,Software Engineer,Backend Engineer,8,"Joseph Garcia is a Backend Engineer with 8 years of experience helping organizations improve backend. At Horizon One, they partnered with business stakeholders to design and execute solutions that improved performance, workflow, and customer outcomes. 8 years of experience delivering backend across regional partners and enterprise clients. led strategic initiatives impacting 23 teams and 10246 stakeholders. improved operational efficiency by 43%.

Core capabilities include Python, Microservices, Kubernetes, SQL, REST APIs, AWS. Proficient with Linux, Jenkins, Redis, GitHub. Strong background in process design, stakeholder communication, reporting, and performance optimization. They are passionate about turning business goals into action plans that deliver measurable results in fast-moving environments."
software_engineer_027,Sophia Thomas,Software Engineer,Full Stack Developer,2,"Sophia Thomas is a Full Stack Developer with 2 years of experience helping organizations improve python. At Lakeview Health, they partnered with business stakeholders to design and execute solutions that improved performance, workflow, and customer outcomes. drove measurable impact across product, delivery, and customer experience. 2 years of experience delivering python across startup stakeholders and enterprise clients. led strategic initiatives impacting 22 teams and 1853 stakeholders.

Core capabilities include Microservices, Kubernetes, AWS, SQL, C++, REST APIs. Proficient with Redis, PostgreSQL, Linux, Jenkins. Strong background in process design, stakeholder communication, reporting, and performance optimization. They are passionate about turning business goals into action plans that deliver measurable results in fast-moving environments."
software_engineer_028,Mia Patel,Software Engineer,Full Stack Developer,5,"Mia Patel is a Full Stack Developer with 5 years of experience helping organizations improve engineering. At Evergreen Consulting, they partnered with business stakeholders to design and execute solutions that improved performance, workflow, and customer outcomes. 5 years of experience delivering engineering across remote-first teams and cross-functional teams. led strategic initiatives impacting 24 teams and 13254 stakeholders. improved operational efficiency by 56%.

Core capabilities include Python, C++, AWS, Java, SQL, Agile. Proficient with Terraform, Jenkins, Redis, PostgreSQL. Strong background in process design, stakeholder communication, reporting, and performance optimization. They are passionate about turning business goals into action plans that deliver measurable results in fast-moving environments."
software_engineer_029,Olivia Allen,Software Engineer,Software Engineer,6,"Olivia Allen is a Software Engineer with 6 years of experience helping organizations improve api. At Summit Works, they partnered with business stakeholders to design and execute solutions that improved performance, workflow, and customer outcomes. drove measurable impact across product, delivery, and customer experience. 6 years of experience delivering api across remote-first teams and startup stakeholders. improved operational efficiency by 60%.

Core capabilities include Microservices, Agile, AWS, Python, Docker, Java. Proficient with GitHub, PostgreSQL, Linux, Terraform. Strong background in process design, stakeholder communication, reporting, and performance optimization. They are passionate about turning business goals into action plans that deliver measurable results in fast-moving environments."
software_engineer_030,Joseph Kim,Software Engineer,Platform Engineer,7,"Joseph Kim is a Platform Engineer with 7 years of experience helping organizations improve cloud. At Oak & Pine, they partnered with business stakeholders to design and execute solutions that improved performance, workflow, and customer outcomes. 7 years of experience delivering cloud across regional partners and remote-first teams. improved operational efficiency by 38%. drove measurable impact across product, delivery, and customer experience.

Core capabilities include SQL, C++, Microservices, Java, Kubernetes, Docker. Proficient with Linux, PostgreSQL, Redis, Jenkins. Strong background in process design, stakeholder communication, reporting, and performance optimization. They are passionate about turning business goals into action plans that deliver measurable results in fast-moving environments."
software_engineer_031,Elijah Thomas,Software Engineer,Platform Engineer,7,"Elijah Thomas is a Platform Engineer with 7 years of experience helping organizations improve software. At Evergreen Consulting, they partnered with business stakeholders to design and execute solutions that improved performance, workflow, and customer outcomes. improved operational efficiency by 51%. drove measurable impact across product, delivery, and customer experience. led strategic initiatives impacting 11 teams and 2402 stakeholders.

Core capabilities include SQL, Kubernetes, C++, AWS, Java, Agile. Proficient with PostgreSQL, Linux, Terraform, Redis. Strong background in process design, stakeholder communication, reporting, and performance optimization. They are passionate about turning business goals into action plans that deliver measurable results in fast-moving environments."
software_engineer_032,Joseph Young,Software Engineer,Full Stack Developer,13,"Joseph Young is a Full Stack Developer with 13 years of experience helping organizations improve backend. At PrimeCore, they partnered with business stakeholders to design and execute solutions that improved performance, workflow, and customer outcomes. led strategic initiatives impacting 21 teams and 6632 stakeholders. drove measurable impact across product, delivery, and customer experience. improved operational efficiency by 53%.

Core capabilities include SQL, Agile, Python, REST APIs, C++, Java. Proficient with Redis, Jenkins, PostgreSQL, Linux. Strong background in process design, stakeholder communication, reporting, and performance optimization. They are passionate about turning business goals into action plans that deliver measurable results in fast-moving environments."
software_engineer_033,Isabella Thomas,Software Engineer,Backend Engineer,6,"Isabella Thomas is a Backend Engineer with 6 years of experience helping organizations improve python. At Greenline Ventures, they partnered with business stakeholders to design and execute solutions that improved performance, workflow, and customer outcomes. improved operational efficiency by 24%. led strategic initiatives impacting 11 teams and 5853 stakeholders. 6 years of experience delivering python across remote-first teams and regional partners.

Core capabilities include AWS, Java, Agile, C++, Python, Docker. Proficient with Linux, Jenkins, Terraform, GitHub. Strong background in process design, stakeholder communication, reporting, and performance optimization. They are passionate about turning business goals into action plans that deliver measurable results in fast-moving environments."
software_engineer_034,Leo Patel,Software Engineer,Full Stack Developer,6,"Leo Patel is a Full Stack Developer with 6 years of experience helping organizations improve software. At Greenline Ventures, they partnered with business stakeholders to design and execute solutions that improved performance, workflow, and customer outcomes. led strategic initiatives impacting 6 teams and 5136 stakeholders. 6 years of experience delivering software across startup stakeholders and remote-first teams. drove measurable impact across product, delivery, and customer experience.

Core capabilities include Python, REST APIs, Docker, Kubernetes, Java, AWS. Proficient with GitHub, Linux, PostgreSQL, Jenkins. Strong background in process design, stakeholder communication, reporting, and performance optimization. They are passionate about turning business goals into action plans that deliver measurable results in fast-moving environments."
software_engineer_035,Samuel Harris,Software Engineer,Software Engineer,11,"Samuel Harris is a Software Engineer with 11 years of experience helping organizations improve cloud. At Oak & Pine, they partnered with business stakeholders to design and execute solutions that improved performance, workflow, and customer outcomes. led strategic initiatives impacting 21 teams and 7232 stakeholders. improved operational efficiency by 67%. drove measurable impact across product, delivery, and customer experience.

Core capabilities include Python, C++, REST APIs, Microservices, Docker, SQL. Proficient with GitHub, Jenkins, Linux, PostgreSQL. Strong background in process design, stakeholder communication, reporting, and performance optimization. They are passionate about turning business goals into action plans that deliver measurable results in fast-moving environments."
software_engineer_036,Matthew Jackson,Software Engineer,Backend Engineer,11,"Matthew Jackson is a Backend Engineer with 11 years of experience helping organizations improve api. At Mercury Systems, they partnered with business stakeholders to design and execute solutions that improved performance, workflow, and customer outcomes. led strategic initiatives impacting 5 teams and 7693 stakeholders. drove measurable impact across product, delivery, and customer experience. improved operational efficiency by 28%.

Core capabilities include Python, Java, AWS, Kubernetes, REST APIs, C++. Proficient with Linux, GitHub, Jenkins, Terraform. Strong background in process design, stakeholder communication, reporting, and performance optimization. They are passionate about turning business goals into action plans that deliver measurable results in fast-moving environments."
software_engineer_037,Abigail Nguyen,Software Engineer,Full Stack Developer,6,"Abigail Nguyen is a Full Stack Developer with 6 years of experience helping organizations improve cloud. At BrightPath Group, they partnered with business stakeholders to design and execute solutions that improved performance, workflow, and customer outcomes. improved operational efficiency by 59%. 6 years of experience delivering cloud across regional partners and cross-functional teams. drove measurable impact across product, delivery, and customer experience.

Core capabilities include Docker, SQL, Java, Kubernetes, REST APIs, C++. Proficient with Linux, Terraform, Jenkins, Redis. Strong background in process design, stakeholder communication, reporting, and performance optimization. They are passionate about turning business goals into action plans that deliver measurable results in fast-moving environments."
software_engineer_038,Charlotte Smith,Software Engineer,Backend Engineer,9,"Charlotte Smith is a Backend Engineer with 9 years of experience helping organizations improve software. At Summit Works, they partnered with business stakeholders to design and execute solutions that improved performance, workflow, and customer outcomes. 9 years of experience delivering software across startup stakeholders and remote-first teams. led strategic initiatives impacting 13 teams and 1423 stakeholders. drove measurable impact across product, delivery, and customer experience.

Core capabilities include SQL, Docker, Microservices, C++, REST APIs, Kubernetes. Proficient with Redis, Linux, GitHub, PostgreSQL. Strong background in process design, stakeholder communication, reporting, and performance optimization. They are passionate about turning business goals into action plans that deliver measurable results in fast-moving environments."
software_engineer_039,Henry Allen,Software Engineer,Software Engineer,14,"Henry Allen is a Software Engineer with 14 years of experience helping organizations improve engineering. At Pioneer Enterprise, they partnered with business stakeholders to design and execute solutions that improved performance, workflow, and customer outcomes. drove measurable impact across product, delivery, and customer experience. improved operational efficiency by 38%. led strategic initiatives impacting 8 teams and 3634 stakeholders.

Core capabilities include C++, SQL, REST APIs, Agile, Java, Docker. Proficient with Redis, Linux, GitHub, Jenkins. Strong background in process design, stakeholder communication, reporting, and performance optimization. They are passionate about turning business goals into action plans that deliver measurable results in fast-moving environments."
software_engineer_040,Abigail Moore,Software Engineer,Software Engineer,9,"Abigail Moore is a Software Engineer with 9 years of experience helping organizations improve software. At Summit Works, they partnered with business stakeholders to design and execute solutions that improved performance, workflow, and customer outcomes. led strategic initiatives impacting 20 teams and 11246 stakeholders. 9 years of experience delivering software across cross-functional teams and remote-first teams. drove measurable impact across product, delivery, and customer experience.

Core capabilities include Kubernetes, Docker, Agile, Python, AWS, REST APIs. Proficient with GitHub, Terraform, Redis, Jenkins. Strong background in process design, stakeholder communication, reporting, and performance optimization. They are passionate about turning business goals into action plans that deliver measurable results in fast-moving environments."
software_engineer_041,Henry Young,Software Engineer,Full Stack Developer,6,"Henry Young is a Full Stack Developer with 6 years of experience helping organizations improve backend. At NorthStar Labs, they partnered with business stakeholders to design and execute solutions that improved performance, workflow, and customer outcomes. 6 years of experience delivering backend across regional partners and startup stakeholders. improved operational efficiency by 23%. led strategic initiatives impacting 12 teams and 14785 stakeholders.

Core capabilities include SQL, Java, Python, Kubernetes, Docker, REST APIs. Proficient with Linux, Jenkins, PostgreSQL, Redis. Strong background in process design, stakeholder communication, reporting, and performance optimization. They are passionate about turning business goals into action plans that deliver measurable results in fast-moving environments."
software_engineer_042,Mason Harris,Software Engineer,Backend Engineer,10,"Mason Harris is a Backend Engineer with 10 years of experience helping organizations improve cloud. At Horizon One, they partnered with business stakeholders to design and execute solutions that improved performance, workflow, and customer outcomes. led strategic initiatives impacting 13 teams and 13659 stakeholders. improved operational efficiency by 22%. drove measurable impact across product, delivery, and customer experience.

Core capabilities include Docker, Microservices, SQL, AWS, Java, REST APIs. Proficient with Terraform, Jenkins, Redis, GitHub. Strong background in process design, stakeholder communication, reporting, and performance optimization. They are passionate about turning business goals into action plans that deliver measurable results in fast-moving environments."
software_engineer_043,Ava Smith,Software Engineer,Backend Engineer,11,"Ava Smith is a Backend Engineer with 11 years of experience helping organizations improve api. At Signal Forge, they partnered with business stakeholders to design and execute solutions that improved performance, workflow, and customer outcomes. led strategic initiatives impacting 17 teams and 4826 stakeholders. 11 years of experience delivering api across cross-functional teams and regional partners. improved operational efficiency by 54%.

Core capabilities include SQL, C++, Agile, Docker, AWS, REST APIs. Proficient with PostgreSQL, Terraform, Redis, Jenkins. Strong background in process design, stakeholder communication, reporting, and performance optimization. They are passionate about turning business goals into action plans that deliver measurable results in fast-moving environments."
software_engineer_044,Scarlett Moore,Software Engineer,Platform Engineer,12,"Scarlett Moore is a Platform Engineer with 12 years of experience helping organizations improve engineering. At EchoWorks, they partnered with business stakeholders to design and execute solutions that improved performance, workflow, and customer outcomes. improved operational efficiency by 64%. 12 years of experience delivering engineering across startup stakeholders and enterprise clients. led strategic initiatives impacting 9 teams and 7717 stakeholders.

Core capabilities include C++, SQL, Python, Java, Docker, Kubernetes. Proficient with PostgreSQL, GitHub, Redis, Terraform. Strong background in process design, stakeholder communication, reporting, and performance optimization. They are passionate about turning business goals into action plans that deliver measurable results in fast-moving environments."
software_engineer_045,Evelyn Davis,Software Engineer,Platform Engineer,12,"Evelyn Davis is a Platform Engineer with 12 years of experience helping organizations improve software. At Crestline Partners, they partnered with business stakeholders to design and execute solutions that improved performance, workflow, and customer outcomes. 12 years of experience delivering software across cross-functional teams and enterprise clients. improved operational efficiency by 45%. led strategic initiatives impacting 8 teams and 13457 stakeholders.

Core capabilities include Kubernetes, REST APIs, Microservices, C++, Agile, AWS. Proficient with Terraform, GitHub, Linux, Redis. Strong background in process design, stakeholder communication, reporting, and performance optimization. They are passionate about turning business goals into action plans that deliver measurable results in fast-moving environments."
software_engineer_046,Leo Patel,Software Engineer,Software Engineer,7,"Leo Patel is a Software Engineer with 7 years of experience helping organizations improve engineering. At Mercury Systems, they partnered with business stakeholders to design and execute solutions that improved performance, workflow, and customer outcomes. improved operational efficiency by 23%. led strategic initiatives impacting 24 teams and 7267 stakeholders. 7 years of experience delivering engineering across cross-functional teams and regional partners.

Core capabilities include Python, Docker, Kubernetes, C++, AWS, Java. Proficient with Jenkins, Terraform, Redis, PostgreSQL. Strong background in process design, stakeholder communication, reporting, and performance optimization. They are passionate about turning business goals into action plans that deliver measurable results in fast-moving environments."
software_engineer_047,Harper Thomas,Software Engineer,Backend Engineer,9,"Harper Thomas is a Backend Engineer with 9 years of experience helping organizations improve python. At Crestline Partners, they partnered with business stakeholders to design and execute solutions that improved performance, workflow, and customer outcomes. led strategic initiatives impacting 14 teams and 4263 stakeholders. improved operational efficiency by 47%. 9 years of experience delivering python across startup stakeholders and remote-first teams.

Core capabilities include Python, SQL, Docker, Kubernetes, REST APIs, Java. Proficient with GitHub, Redis, PostgreSQL, Terraform. Strong background in process design, stakeholder communication, reporting, and performance optimization. They are passionate about turning business goals into action plans that deliver measurable results in fast-moving environments."
software_engineer_048,Elijah Moore,Software Engineer,Backend Engineer,11,"Elijah Moore is a Backend Engineer with 11 years of experience helping organizations improve python. At Harbor Analytics, they partnered with business stakeholders to design and execute solutions that improved performance, workflow, and customer outcomes. drove measurable impact across product, delivery, and customer experience. led strategic initiatives impacting 25 teams and 4115 stakeholders. 11 years of experience delivering python across regional partners and remote-first teams.

Core capabilities include Docker, Python, Microservices, C++, REST APIs, Agile. Proficient with Linux, GitHub, Redis, Jenkins. Strong background in process design, stakeholder communication, reporting, and performance optimization. They are passionate about turning business goals into action plans that deliver measurable results in fast-moving environments."
software_engineer_049,Olivia Nguyen,Software Engineer,Backend Engineer,14,"Olivia Nguyen is a Backend Engineer with 14 years of experience helping organizations improve backend. At Nova Metrics, they partnered with business stakeholders to design and execute solutions that improved performance, workflow, and customer outcomes. improved operational efficiency by 51%. led strategic initiatives impacting 21 teams and 5465 stakeholders. drove measurable impact across product, delivery, and customer experience.

Core capabilities include Python, Kubernetes, C++, Agile, SQL, REST APIs. Proficient with Linux, Redis, Jenkins, GitHub. Strong background in process design, stakeholder communication, reporting, and performance optimization. They are passionate about turning business goals into action plans that deliver measurable results in fast-moving environments."
software_engineer_050,Abigail Davis,Software Engineer,Software Engineer,9,"Abigail Davis is a Software Engineer with 9 years of experience helping organizations improve software. At Validus Capital, they partnered with business stakeholders to design and execute solutions that improved performance, workflow, and customer outcomes. led strategic initiatives impacting 13 teams and 10577 stakeholders. drove measurable impact across product, delivery, and customer experience. improved operational efficiency by 41%.

Core capabilities include C++, AWS, Microservices, SQL, Docker, Agile. Proficient with GitHub, Redis, Linux, Jenkins. Strong background in process design, stakeholder communication, reporting, and performance optimization. They are passionate about turning business goals into action plans that deliver measurable results in fast-moving environments."
software_engineer_051,Olivia Garcia,Software Engineer,Platform Engineer,2,"Olivia Garcia is a Platform Engineer with 2 years of experience helping organizations improve api. At Nova Metrics, they partnered with business stakeholders to design and execute solutions that improved performance, workflow, and customer outcomes. 2 years of experience delivering api across enterprise clients and regional partners. led strategic initiatives impacting 20 teams and 2902 stakeholders. drove measurable impact across product, delivery, and customer experience.

Core capabilities include REST APIs, Kubernetes, AWS, Agile, Python, SQL. Proficient with Linux, PostgreSQL, Redis, GitHub. Strong background in process design, stakeholder communication, reporting, and performance optimization. They are passionate about turning business goals into action plans that deliver measurable results in fast-moving environments."
software_engineer_052,Ella Thomas,Software Engineer,Backend Engineer,12,"Ella Thomas is a Backend Engineer with 12 years of experience helping organizations improve cloud. At Summit Works, they partnered with business stakeholders to design and execute solutions that improved performance, workflow, and customer outcomes. drove measurable impact across product, delivery, and customer experience. 12 years of experience delivering cloud across remote-first teams and cross-functional teams. improved operational efficiency by 46%.

Core capabilities include REST APIs, Microservices, C++, AWS, Kubernetes, Python. Proficient with Redis, Terraform, Linux, Jenkins. Strong background in process design, stakeholder communication, reporting, and performance optimization. They are passionate about turning business goals into action plans that deliver measurable results in fast-moving environments."
software_engineer_053,Aria Taylor,Software Engineer,Software Engineer,8,"Aria Taylor is a Software Engineer with 8 years of experience helping organizations improve python. At Signal Forge, they partnered with business stakeholders to design and execute solutions that improved performance, workflow, and customer outcomes. 8 years of experience delivering python across cross-functional teams and regional partners. drove measurable impact across product, delivery, and customer experience. led strategic initiatives impacting 23 teams and 4362 stakeholders.

Core capabilities include AWS, Java, SQL, Python, Kubernetes, REST APIs. Proficient with Linux, Terraform, GitHub, Redis. Strong background in process design, stakeholder communication, reporting, and performance optimization. They are passionate about turning business goals into action plans that deliver measurable results in fast-moving environments."
software_engineer_054,Matthew Lee,Software Engineer,Full Stack Developer,7,"Matthew Lee is a Full Stack Developer with 7 years of experience helping organizations improve engineering. At NorthStar Labs, they partnered with business stakeholders to design and execute solutions that improved performance, workflow, and customer outcomes. drove measurable impact across product, delivery, and customer experience. 7 years of experience delivering engineering across cross-functional teams and enterprise clients. led strategic initiatives impacting 12 teams and 10647 stakeholders.

Core capabilities include C++, Python, Docker, Microservices, Java, Kubernetes. Proficient with Terraform, PostgreSQL, Jenkins, GitHub. Strong background in process design, stakeholder communication, reporting, and performance optimization. They are passionate about turning business goals into action plans that deliver measurable results in fast-moving environments."
software_engineer_055,Evelyn Nguyen,Software Engineer,Full Stack Developer,13,"Evelyn Nguyen is a Full Stack Developer with 13 years of experience helping organizations improve backend. At EchoWorks, they partnered with business stakeholders to design and execute solutions that improved performance, workflow, and customer outcomes. led strategic initiatives impacting 21 teams and 5941 stakeholders. drove measurable impact across product, delivery, and customer experience. 13 years of experience delivering backend across cross-functional teams and enterprise clients.

Core capabilities include REST APIs, Java, Agile, AWS, Microservices, C++. Proficient with Terraform, Linux, GitHub, Jenkins. Strong background in process design, stakeholder communication, reporting, and performance optimization. They are passionate about turning business goals into action plans that deliver measurable results in fast-moving environments."
software_engineer_056,Noah Harris,Software Engineer,Platform Engineer,8,"Noah Harris is a Platform Engineer with 8 years of experience helping organizations improve cloud. At Evergreen Consulting, they partnered with business stakeholders to design and execute solutions that improved performance, workflow, and customer outcomes. drove measurable impact across product, delivery, and customer experience. improved operational efficiency by 42%. led strategic initiatives impacting 24 teams and 9692 stakeholders.

Core capabilities include Java, SQL, REST APIs, Python, Microservices, C++. Proficient with Terraform, Jenkins, GitHub, Redis. Strong background in process design, stakeholder communication, reporting, and performance optimization. They are passionate about turning business goals into action plans that deliver measurable results in fast-moving environments."
software_engineer_057,Olivia Kim,Software Engineer,Full Stack Developer,8,"Olivia Kim is a Full Stack Developer with 8 years of experience helping organizations improve backend. At Signal Forge, they partnered with business stakeholders to design and execute solutions that improved performance, workflow, and customer outcomes. 8 years of experience delivering backend across remote-first teams and regional partners. led strategic initiatives impacting 20 teams and 2099 stakeholders. drove measurable impact across product, delivery, and customer experience.

Core capabilities include AWS, Microservices, Kubernetes, REST APIs, Agile, SQL. Proficient with Redis, GitHub, PostgreSQL, Jenkins. Strong background in process design, stakeholder communication, reporting, and performance optimization. They are passionate about turning business goals into action plans that deliver measurable results in fast-moving environments."
software_engineer_058,Alexander Kim,Software Engineer,Backend Engineer,14,"Alexander Kim is a Backend Engineer with 14 years of experience helping organizations improve developer. At Horizon One, they partnered with business stakeholders to design and execute solutions that improved performance, workflow, and customer outcomes. improved operational efficiency by 24%. 14 years of experience delivering developer across remote-first teams and regional partners. led strategic initiatives impacting 23 teams and 9313 stakeholders.

Core capabilities include REST APIs, Python, Kubernetes, SQL, Agile, AWS. Proficient with PostgreSQL, Redis, GitHub, Jenkins. Strong background in process design, stakeholder communication, reporting, and performance optimization. They are passionate about turning business goals into action plans that deliver measurable results in fast-moving environments."
software_engineer_059,Harper Kim,Software Engineer,Backend Engineer,10,"Harper Kim is a Backend Engineer with 10 years of experience helping organizations improve python. At Evergreen Consulting, they partnered with business stakeholders to design and execute solutions that improved performance, workflow, and customer outcomes. drove measurable impact across product, delivery, and customer experience. 10 years of experience delivering python across enterprise clients and cross-functional teams. led strategic initiatives impacting 14 teams and 6567 stakeholders.

Core capabilities include Java, Docker, AWS, Microservices, SQL, REST APIs. Proficient with Terraform, Linux, GitHub, PostgreSQL. Strong background in process design, stakeholder communication, reporting, and performance optimization. They are passionate about turning business goals into action plans that deliver measurable results in fast-moving environments."
software_engineer_060,Mason Allen,Software Engineer,Platform Engineer,3,"Mason Allen is a Platform Engineer with 3 years of experience helping organizations improve developer. At Signal Forge, they partnered with business stakeholders to design and execute solutions that improved performance, workflow, and customer outcomes. 3 years of experience delivering developer across regional partners and enterprise clients. drove measurable impact across product, delivery, and customer experience. led strategic initiatives impacting 9 teams and 3579 stakeholders.

Core capabilities include Python, Java, AWS, SQL, Microservices, Kubernetes. Proficient with PostgreSQL, Jenkins, Linux, Terraform. Strong background in process design, stakeholder communication, reporting, and performance optimization. They are passionate about turning business goals into action plans that deliver measurable results in fast-moving environments."
software_engineer_061,Henry Thomas,Software Engineer,Platform Engineer,9,"Henry Thomas is a Platform Engineer with 9 years of experience helping organizations improve api. At PrimeCore, they partnered with business stakeholders to design and execute solutions that improved performance, workflow, and customer outcomes. 9 years of experience delivering api across startup stakeholders and remote-first teams. led strategic initiatives impacting 12 teams and 7475 stakeholders. drove measurable impact across product, delivery, and customer experience.

Core capabilities include SQL, Microservices, Docker, Java, Agile, Python. Proficient with PostgreSQL, Redis, GitHub, Jenkins. Strong background in process design, stakeholder communication, reporting, and performance optimization. They are passionate about turning business goals into action plans that deliver measurable results in fast-moving environments."
software_engineer_062,Leo Lee,Software Engineer,Full Stack Developer,14,"Leo Lee is a Full Stack Developer with 14 years of experience helping organizations improve python. At Harbor Analytics, they partnered with business stakeholders to design and execute solutions that improved performance, workflow, and customer outcomes. 14 years of experience delivering python across regional partners and remote-first teams. improved operational efficiency by 22%. led strategic initiatives impacting 17 teams and 13157 stakeholders.

Core capabilities include Docker, Kubernetes, Java, Python, AWS, REST APIs. Proficient with Jenkins, Linux, Redis, PostgreSQL. Strong background in process design, stakeholder communication, reporting, and performance optimization. They are passionate about turning business goals into action plans that deliver measurable results in fast-moving environments."
software_engineer_063,David Martin,Software Engineer,Backend Engineer,11,"David Martin is a Backend Engineer with 11 years of experience helping organizations improve backend. At CloudBridge, they partnered with business stakeholders to design and execute solutions that improved performance, workflow, and customer outcomes. led strategic initiatives impacting 8 teams and 4986 stakeholders. drove measurable impact across product, delivery, and customer experience. improved operational efficiency by 45%.

Core capabilities include Agile, Microservices, REST APIs, C++, Python, AWS. Proficient with GitHub, PostgreSQL, Jenkins, Terraform. Strong background in process design, stakeholder communication, reporting, and performance optimization. They are passionate about turning business goals into action plans that deliver measurable results in fast-moving environments."
software_engineer_064,Michael Martin,Software Engineer,Platform Engineer,6,"Michael Martin is a Platform Engineer with 6 years of experience helping organizations improve cloud. At Pioneer Enterprise, they partnered with business stakeholders to design and execute solutions that improved performance, workflow, and customer outcomes. improved operational efficiency by 24%. 6 years of experience delivering cloud across cross-functional teams and regional partners. drove measurable impact across product, delivery, and customer experience.

Core capabilities include Kubernetes, AWS, Agile, Microservices, Java, Python. Proficient with Terraform, GitHub, Jenkins, Redis. Strong background in process design, stakeholder communication, reporting, and performance optimization. They are passionate about turning business goals into action plans that deliver measurable results in fast-moving environments."
software_engineer_065,Emma Johnson,Software Engineer,Platform Engineer,9,"Emma Johnson is a Platform Engineer with 9 years of experience helping organizations improve engineering. At CloudBridge, they partnered with business stakeholders to design and execute solutions that improved performance, workflow, and customer outcomes. 9 years of experience delivering engineering across remote-first teams and regional partners. improved operational efficiency by 55%. drove measurable impact across product, delivery, and customer experience.

Core capabilities include Agile, SQL, Kubernetes, Microservices, REST APIs, C++. Proficient with Jenkins, Redis, GitHub, Linux. Strong background in process design, stakeholder communication, reporting, and performance optimization. They are passionate about turning business goals into action plans that deliver measurable results in fast-moving environments."
software_engineer_066,Chloe Nguyen,Software Engineer,Software Engineer,7,"Chloe Nguyen is a Software Engineer with 7 years of experience helping organizations improve engineering. At PrimeCore, they partnered with business stakeholders to design and execute solutions that improved performance, workflow, and customer outcomes. improved operational efficiency by 56%. 7 years of experience delivering engineering across cross-functional teams and remote-first teams. led strategic initiatives impacting 20 teams and 9214 stakeholders.

Core capabilities include Docker, Java, REST APIs, Agile, Microservices, Kubernetes. Proficient with Redis, Linux, GitHub, Jenkins. Strong background in process design, stakeholder communication, reporting, and performance optimization. They are passionate about turning business goals into action plans that deliver measurable results in fast-moving environments."
software_engineer_067,Olivia Davis,Software Engineer,Software Engineer,10,"Olivia Davis is a Software Engineer with 10 years of experience helping organizations improve cloud. At Pioneer Enterprise, they partnered with business stakeholders to design and execute solutions that improved performance, workflow, and customer outcomes. 10 years of experience delivering cloud across remote-first teams and startup stakeholders. drove measurable impact across product, delivery, and customer experience. improved operational efficiency by 44%.

Core capabilities include C++, Python, AWS, Kubernetes, SQL, Microservices. Proficient with Terraform, Linux, Jenkins, Redis. Strong background in process design, stakeholder communication, reporting, and performance optimization. They are passionate about turning business goals into action plans that deliver measurable results in fast-moving environments."
software_engineer_068,Emma Davis,Software Engineer,Software Engineer,10,"Emma Davis is a Software Engineer with 10 years of experience helping organizations improve cloud. At Nova Metrics, they partnered with business stakeholders to design and execute solutions that improved performance, workflow, and customer outcomes. 10 years of experience delivering cloud across remote-first teams and regional partners. improved operational efficiency by 59%. drove measurable impact across product, delivery, and customer experience.

Core capabilities include Microservices, Docker, REST APIs, Kubernetes, Agile, SQL. Proficient with Jenkins, PostgreSQL, GitHub, Terraform. Strong background in process design, stakeholder communication, reporting, and performance optimization. They are passionate about turning business goals into action plans that deliver measurable results in fast-moving environments."
software_engineer_069,Jack Brown,Software Engineer,Software Engineer,12,"Jack Brown is a Software Engineer with 12 years of experience helping organizations improve cloud. At BluePeak Solutions, they partnered with business stakeholders to design and execute solutions that improved performance, workflow, and customer outcomes. 12 years of experience delivering cloud across cross-functional teams and regional partners. drove measurable impact across product, delivery, and customer experience. led strategic initiatives impacting 7 teams and 5846 stakeholders.

Core capabilities include Microservices, REST APIs, Kubernetes, Python, C++, SQL. Proficient with Jenkins, Linux, PostgreSQL, Terraform. Strong background in process design, stakeholder communication, reporting, and performance optimization. They are passionate about turning business goals into action plans that deliver measurable results in fast-moving environments."
software_engineer_070,Jack Scott,Software Engineer,Full Stack Developer,11,"Jack Scott is a Full Stack Developer with 11 years of experience helping organizations improve backend. At Pioneer Enterprise, they partnered with business stakeholders to design and execute solutions that improved performance, workflow, and customer outcomes. led strategic initiatives impacting 14 teams and 13327 stakeholders. 11 years of experience delivering backend across cross-functional teams and startup stakeholders. drove measurable impact across product, delivery, and customer experience.

Core capabilities include C++, Agile, REST APIs, Microservices, Kubernetes, Docker. Proficient with Jenkins, Redis, GitHub, Linux. Strong background in process design, stakeholder communication, reporting, and performance optimization. They are passionate about turning business goals into action plans that deliver measurable results in fast-moving environments."
software_engineer_071,Leo Harris,Software Engineer,Full Stack Developer,7,"Leo Harris is a Full Stack Developer with 7 years of experience helping organizations improve cloud. At BluePeak Solutions, they partnered with business stakeholders to design and execute solutions that improved performance, workflow, and customer outcomes. led strategic initiatives impacting 6 teams and 11505 stakeholders. improved operational efficiency by 34%. 7 years of experience delivering cloud across regional partners and cross-functional teams.

Core capabilities include Agile, SQL, REST APIs, Microservices, C++, AWS. Proficient with Terraform, Linux, Redis, GitHub. Strong background in process design, stakeholder communication, reporting, and performance optimization. They are passionate about turning business goals into action plans that deliver measurable results in fast-moving environments."
software_engineer_072,Michael Kim,Software Engineer,Backend Engineer,3,"Michael Kim is a Backend Engineer with 3 years of experience helping organizations improve engineering. At NorthStar Labs, they partnered with business stakeholders to design and execute solutions that improved performance, workflow, and customer outcomes. improved operational efficiency by 43%. led strategic initiatives impacting 21 teams and 7126 stakeholders. 3 years of experience delivering engineering across startup stakeholders and enterprise clients.

Core capabilities include C++, Docker, SQL, REST APIs, Java, AWS. Proficient with GitHub, Jenkins, Redis, Terraform. Strong background in process design, stakeholder communication, reporting, and performance optimization. They are passionate about turning business goals into action plans that deliver measurable results in fast-moving environments."
software_engineer_073,Daniel Garcia,Software Engineer,Software Engineer,7,"Daniel Garcia is a Software Engineer with 7 years of experience helping organizations improve software. At Horizon One, they partnered with business stakeholders to design and execute solutions that improved performance, workflow, and customer outcomes. improved operational efficiency by 19%. drove measurable impact across product, delivery, and customer experience. led strategic initiatives impacting 13 teams and 4533 stakeholders.

Core capabilities include Kubernetes, C++, REST APIs, Python, SQL, AWS. Proficient with Linux, Jenkins, Redis, Terraform. Strong background in process design, stakeholder communication, reporting, and performance optimization. They are passionate about turning business goals into action plans that deliver measurable results in fast-moving environments."
software_engineer_074,Ethan Smith,Software Engineer,Full Stack Developer,6,"Ethan Smith is a Full Stack Developer with 6 years of experience helping organizations improve software. At Validus Capital, they partnered with business stakeholders to design and execute solutions that improved performance, workflow, and customer outcomes. led strategic initiatives impacting 9 teams and 5772 stakeholders. 6 years of experience delivering software across enterprise clients and cross-functional teams. improved operational efficiency by 63%.

Core capabilities include Python, AWS, Microservices, Kubernetes, Docker, REST APIs. Proficient with GitHub, Linux, Redis, PostgreSQL. Strong background in process design, stakeholder communication, reporting, and performance optimization. They are passionate about turning business goals into action plans that deliver measurable results in fast-moving environments."
software_engineer_075,Elijah Allen,Software Engineer,Platform Engineer,4,"Elijah Allen is a Platform Engineer with 4 years of experience helping organizations improve cloud. At Greenline Ventures, they partnered with business stakeholders to design and execute solutions that improved performance, workflow, and customer outcomes. 4 years of experience delivering cloud across enterprise clients and startup stakeholders. improved operational efficiency by 41%. led strategic initiatives impacting 13 teams and 13244 stakeholders.

Core capabilities include Java, REST APIs, Kubernetes, Python, Docker, SQL. Proficient with Terraform, Linux, GitHub, Jenkins. Strong background in process design, stakeholder communication, reporting, and performance optimization. They are passionate about turning business goals into action plans that deliver measurable results in fast-moving environments."
software_engineer_076,Isabella Garcia,Software Engineer,Software Engineer,14,"Isabella Garcia is a Software Engineer with 14 years of experience helping organizations improve api. At Greenline Ventures, they partnered with business stakeholders to design and execute solutions that improved performance, workflow, and customer outcomes. drove measurable impact across product, delivery, and customer experience. 14 years of experience delivering api across cross-functional teams and regional partners. led strategic initiatives impacting 19 teams and 1605 stakeholders.

Core capabilities include Kubernetes, C++, Python, REST APIs, Docker, Microservices. Proficient with Linux, Jenkins, Redis, PostgreSQL. Strong background in process design, stakeholder communication, reporting, and performance optimization. They are passionate about turning business goals into action plans that deliver measurable results in fast-moving environments."
software_engineer_077,Amelia Nguyen,Software Engineer,Backend Engineer,6,"Amelia Nguyen is a Backend Engineer with 6 years of experience helping organizations improve api. At Signal Forge, they partnered with business stakeholders to design and execute solutions that improved performance, workflow, and customer outcomes. led strategic initiatives impacting 18 teams and 7553 stakeholders. improved operational efficiency by 41%. drove measurable impact across product, delivery, and customer experience.

Core capabilities include Microservices, REST APIs, SQL, C++, Python, Java. Proficient with PostgreSQL, Linux, GitHub, Terraform. Strong background in process design, stakeholder communication, reporting, and performance optimization. They are passionate about turning business goals into action plans that deliver measurable results in fast-moving environments."
software_engineer_078,James Harris,Software Engineer,Platform Engineer,7,"James Harris is a Platform Engineer with 7 years of experience helping organizations improve engineering. At Crestline Partners, they partnered with business stakeholders to design and execute solutions that improved performance, workflow, and customer outcomes. drove measurable impact across product, delivery, and customer experience. improved operational efficiency by 23%. led strategic initiatives impacting 15 teams and 11828 stakeholders.

Core capabilities include REST APIs, Docker, Java, Kubernetes, AWS, Python. Proficient with Redis, Terraform, Jenkins, PostgreSQL. Strong background in process design, stakeholder communication, reporting, and performance optimization. They are passionate about turning business goals into action plans that deliver measurable results in fast-moving environments."
software_engineer_079,Avery Jackson,Software Engineer,Full Stack Developer,13,"Avery Jackson is a Full Stack Developer with 13 years of experience helping organizations improve backend. At Vertex Studios, they partnered with business stakeholders to design and execute solutions that improved performance, workflow, and customer outcomes. led strategic initiatives impacting 9 teams and 14904 stakeholders. 13 years of experience delivering backend across remote-first teams and cross-functional teams. drove measurable impact across product, delivery, and customer experience.

Core capabilities include Kubernetes, SQL, Python, Agile, C++, Docker. Proficient with Redis, PostgreSQL, GitHub, Linux. Strong background in process design, stakeholder communication, reporting, and performance optimization. They are passionate about turning business goals into action plans that deliver measurable results in fast-moving environments."
software_engineer_080,Emma Garcia,Software Engineer,Backend Engineer,7,"Emma Garcia is a Backend Engineer with 7 years of experience helping organizations improve backend. At Nova Metrics, they partnered with business stakeholders to design and execute solutions that improved performance, workflow, and customer outcomes. drove measurable impact across product, delivery, and customer experience. 7 years of experience delivering backend across regional partners and remote-first teams. led strategic initiatives impacting 15 teams and 11642 stakeholders.

Core capabilities include Agile, Python, C++, Kubernetes, AWS, SQL. Proficient with PostgreSQL, Redis, GitHub, Linux. Strong background in process design, stakeholder communication, reporting, and performance optimization. They are passionate about turning business goals into action plans that deliver measurable results in fast-moving environments."
software_engineer_081,Lucas Johnson,Software Engineer,Platform Engineer,10,"Lucas Johnson is a Platform Engineer with 10 years of experience helping organizations improve backend. At Greenline Ventures, they partnered with business stakeholders to design and execute solutions that improved performance, workflow, and customer outcomes. improved operational efficiency by 26%. drove measurable impact across product, delivery, and customer experience. led strategic initiatives impacting 7 teams and 8406 stakeholders.

Core capabilities include REST APIs, Java, Docker, Microservices, C++, AWS. Proficient with Jenkins, Terraform, PostgreSQL, Redis. Strong background in process design, stakeholder communication, reporting, and performance optimization. They are passionate about turning business goals into action plans that deliver measurable results in fast-moving environments."
software_engineer_082,Liam Davis,Software Engineer,Backend Engineer,13,"Liam Davis is a Backend Engineer with 13 years of experience helping organizations improve software. At BluePeak Solutions, they partnered with business stakeholders to design and execute solutions that improved performance, workflow, and customer outcomes. drove measurable impact across product, delivery, and customer experience. led strategic initiatives impacting 20 teams and 1430 stakeholders. improved operational efficiency by 68%.

Core capabilities include REST APIs, Agile, Docker, C++, Java, Kubernetes. Proficient with PostgreSQL, Terraform, Jenkins, GitHub. Strong background in process design, stakeholder communication, reporting, and performance optimization. They are passionate about turning business goals into action plans that deliver measurable results in fast-moving environments."
software_engineer_083,David Young,Software Engineer,Full Stack Developer,11,"David Young is a Full Stack Developer with 11 years of experience helping organizations improve software. At Lakeview Health, they partnered with business stakeholders to design and execute solutions that improved performance, workflow, and customer outcomes. led strategic initiatives impacting 7 teams and 8372 stakeholders. drove measurable impact across product, delivery, and customer experience. improved operational efficiency by 59%.

Core capabilities include Java, Docker, Microservices, Kubernetes, SQL, AWS. Proficient with Terraform, Redis, Linux, PostgreSQL. Strong background in process design, stakeholder communication, reporting, and performance optimization. They are passionate about turning business goals into action plans that deliver measurable results in fast-moving environments."
software_engineer_084,Sophia Young,Software Engineer,Full Stack Developer,14,"Sophia Young is a Full Stack Developer with 14 years of experience helping organizations improve developer. At Signal Forge, they partnered with business stakeholders to design and execute solutions that improved performance, workflow, and customer outcomes. 14 years of experience delivering developer across cross-functional teams and remote-first teams. improved operational efficiency by 51%. led strategic initiatives impacting 14 teams and 14859 stakeholders.

Core capabilities include Microservices, REST APIs, Python, Agile, SQL, Docker. Proficient with Jenkins, PostgreSQL, Linux, GitHub. Strong background in process design, stakeholder communication, reporting, and performance optimization. They are passionate about turning business goals into action plans that deliver measurable results in fast-moving environments."
software_engineer_085,Sebastian Wilson,Software Engineer,Full Stack Developer,12,"Sebastian Wilson is a Full Stack Developer with 12 years of experience helping organizations improve python. At Horizon One, they partnered with business stakeholders to design and execute solutions that improved performance, workflow, and customer outcomes. 12 years of experience delivering python across regional partners and remote-first teams. led strategic initiatives impacting 6 teams and 14520 stakeholders. drove measurable impact across product, delivery, and customer experience.

Core capabilities include Agile, REST APIs, Java, Docker, Kubernetes, SQL. Proficient with Terraform, Linux, Jenkins, GitHub. Strong background in process design, stakeholder communication, reporting, and performance optimization. They are passionate about turning business goals into action plans that deliver measurable results in fast-moving environments."
software_engineer_086,Hannah Wilson,Software Engineer,Full Stack Developer,14,"Hannah Wilson is a Full Stack Developer with 14 years of experience helping organizations improve api. At Vertex Studios, they partnered with business stakeholders to design and execute solutions that improved performance, workflow, and customer outcomes. led strategic initiatives impacting 6 teams and 3589 stakeholders. improved operational efficiency by 22%. drove measurable impact across product, delivery, and customer experience.

Core capabilities include Microservices, Python, SQL, Kubernetes, Docker, C++. Proficient with Linux, PostgreSQL, Redis, GitHub. Strong background in process design, stakeholder communication, reporting, and performance optimization. They are passionate about turning business goals into action plans that deliver measurable results in fast-moving environments."
software_engineer_087,David Lee,Software Engineer,Backend Engineer,11,"David Lee is a Backend Engineer with 11 years of experience helping organizations improve developer. At Harbor Analytics, they partnered with business stakeholders to design and execute solutions that improved performance, workflow, and customer outcomes. improved operational efficiency by 35%. 11 years of experience delivering developer across startup stakeholders and enterprise clients. drove measurable impact across product, delivery, and customer experience.

Core capabilities include Kubernetes, Agile, REST APIs, AWS, Java, C++. Proficient with Terraform, Linux, GitHub, Jenkins. Strong background in process design, stakeholder communication, reporting, and performance optimization. They are passionate about turning business goals into action plans that deliver measurable results in fast-moving environments."
software_engineer_088,Abigail Moore,Software Engineer,Platform Engineer,5,"Abigail Moore is a Platform Engineer with 5 years of experience helping organizations improve engineering. At Greenline Ventures, they partnered with business stakeholders to design and execute solutions that improved performance, workflow, and customer outcomes. improved operational efficiency by 43%. 5 years of experience delivering engineering across enterprise clients and regional partners. led strategic initiatives impacting 21 teams and 8491 stakeholders.

Core capabilities include C++, Kubernetes, REST APIs, Java, Microservices, AWS. Proficient with Terraform, Redis, Linux, Jenkins. Strong background in process design, stakeholder communication, reporting, and performance optimization. They are passionate about turning business goals into action plans that deliver measurable results in fast-moving environments."
software_engineer_089,Noah Nguyen,Software Engineer,Backend Engineer,9,"Noah Nguyen is a Backend Engineer with 9 years of experience helping organizations improve api. At Pioneer Enterprise, they partnered with business stakeholders to design and execute solutions that improved performance, workflow, and customer outcomes. improved operational efficiency by 21%. led strategic initiatives impacting 23 teams and 10204 stakeholders. drove measurable impact across product, delivery, and customer experience.

Core capabilities include SQL, Docker, Python, Microservices, Agile, AWS. Proficient with Jenkins, PostgreSQL, Terraform, Linux. Strong background in process design, stakeholder communication, reporting, and performance optimization. They are passionate about turning business goals into action plans that deliver measurable results in fast-moving environments."
software_engineer_090,Emma Moore,Software Engineer,Platform Engineer,14,"Emma Moore is a Platform Engineer with 14 years of experience helping organizations improve api. At BluePeak Solutions, they partnered with business stakeholders to design and execute solutions that improved performance, workflow, and customer outcomes. 14 years of experience delivering api across regional partners and startup stakeholders. led strategic initiatives impacting 6 teams and 1742 stakeholders. improved operational efficiency by 50%.

Core capabilities include Docker, Java, C++, Python, AWS, SQL. Proficient with PostgreSQL, Terraform, Linux, GitHub. Strong background in process design, stakeholder communication, reporting, and performance optimization. They are passionate about turning business goals into action plans that deliver measurable results in fast-moving environments."
software_engineer_091,Scarlett Walker,Software Engineer,Platform Engineer,4,"Scarlett Walker is a Platform Engineer with 4 years of experience helping organizations improve api. At Signal Forge, they partnered with business stakeholders to design and execute solutions that improved performance, workflow, and customer outcomes. led strategic initiatives impacting 23 teams and 5911 stakeholders. 4 years of experience delivering api across regional partners and startup stakeholders. improved operational efficiency by 63%.

Core capabilities include REST APIs, C++, Kubernetes, Docker, Agile, Java. Proficient with Redis, Terraform, PostgreSQL, Linux. Strong background in process design, stakeholder communication, reporting, and performance optimization. They are passionate about turning business goals into action plans that deliver measurable results in fast-moving environments."
software_engineer_092,Jack Kim,Software Engineer,Platform Engineer,11,"Jack Kim is a Platform Engineer with 11 years of experience helping organizations improve python. At EchoWorks, they partnered with business stakeholders to design and execute solutions that improved performance, workflow, and customer outcomes. 11 years of experience delivering python across regional partners and startup stakeholders. led strategic initiatives impacting 12 teams and 1517 stakeholders. drove measurable impact across product, delivery, and customer experience.

Core capabilities include Python, SQL, Docker, Kubernetes, REST APIs, Microservices. Proficient with Jenkins, GitHub, Redis, Terraform. Strong background in process design, stakeholder communication, reporting, and performance optimization. They are passionate about turning business goals into action plans that deliver measurable results in fast-moving environments."
software_engineer_093,Chloe Davis,Software Engineer,Platform Engineer,4,"Chloe Davis is a Platform Engineer with 4 years of experience helping organizations improve backend. At Signal Forge, they partnered with business stakeholders to design and execute solutions that improved performance, workflow, and customer outcomes. drove measurable impact across product, delivery, and customer experience. led strategic initiatives impacting 10 teams and 8531 stakeholders. improved operational efficiency by 38%.

Core capabilities include AWS, Microservices, SQL, REST APIs, Kubernetes, Python. Proficient with Linux, Jenkins, Terraform, PostgreSQL. Strong background in process design, stakeholder communication, reporting, and performance optimization. They are passionate about turning business goals into action plans that deliver measurable results in fast-moving environments."
software_engineer_094,Evelyn Scott,Software Engineer,Platform Engineer,5,"Evelyn Scott is a Platform Engineer with 5 years of experience helping organizations improve developer. At Greenline Ventures, they partnered with business stakeholders to design and execute solutions that improved performance, workflow, and customer outcomes. led strategic initiatives impacting 8 teams and 10395 stakeholders. improved operational efficiency by 36%. drove measurable impact across product, delivery, and customer experience.

Core capabilities include Docker, REST APIs, Agile, Java, C++, Kubernetes. Proficient with Linux, Jenkins, Redis, Terraform. Strong background in process design, stakeholder communication, reporting, and performance optimization. They are passionate about turning business goals into action plans that deliver measurable results in fast-moving environments."
software_engineer_095,Mason Smith,Software Engineer,Software Engineer,6,"Mason Smith is a Software Engineer with 6 years of experience helping organizations improve cloud. At Evergreen Consulting, they partnered with business stakeholders to design and execute solutions that improved performance, workflow, and customer outcomes. improved operational efficiency by 57%. 6 years of experience delivering cloud across cross-functional teams and enterprise clients. drove measurable impact across product, delivery, and customer experience.

Core capabilities include Java, Kubernetes, SQL, REST APIs, C++, AWS. Proficient with Jenkins, Linux, PostgreSQL, Redis. Strong background in process design, stakeholder communication, reporting, and performance optimization. They are passionate about turning business goals into action plans that deliver measurable results in fast-moving environments."
software_engineer_096,Harper Nguyen,Software Engineer,Software Engineer,8,"Harper Nguyen is a Software Engineer with 8 years of experience helping organizations improve python. At BluePeak Solutions, they partnered with business stakeholders to design and execute solutions that improved performance, workflow, and customer outcomes. 8 years of experience delivering python across remote-first teams and regional partners. drove measurable impact across product, delivery, and customer experience. led strategic initiatives impacting 25 teams and 1969 stakeholders.

Core capabilities include SQL, Java, C++, Python, Docker, REST APIs. Proficient with Redis, Linux, Terraform, PostgreSQL. Strong background in process design, stakeholder communication, reporting, and performance optimization. They are passionate about turning business goals into action plans that deliver measurable results in fast-moving environments."
software_engineer_097,Aria Nguyen,Software Engineer,Full Stack Developer,8,"Aria Nguyen is a Full Stack Developer with 8 years of experience helping organizations improve engineering. At Crestline Partners, they partnered with business stakeholders to design and execute solutions that improved performance, workflow, and customer outcomes. led strategic initiatives impacting 14 teams and 8444 stakeholders. 8 years of experience delivering engineering across regional partners and enterprise clients. improved operational efficiency by 39%.

Core capabilities include C++, Python, Microservices, SQL, AWS, Java. Proficient with Linux, PostgreSQL, GitHub, Redis. Strong background in process design, stakeholder communication, reporting, and performance optimization. They are passionate about turning business goals into action plans that deliver measurable results in fast-moving environments."
software_engineer_098,Henry Lee,Software Engineer,Software Engineer,7,"Henry Lee is a Software Engineer with 7 years of experience helping organizations improve developer. At Horizon One, they partnered with business stakeholders to design and execute solutions that improved performance, workflow, and customer outcomes. led strategic initiatives impacting 15 teams and 2421 stakeholders. drove measurable impact across product, delivery, and customer experience. 7 years of experience delivering developer across startup stakeholders and regional partners.

Core capabilities include SQL, Docker, C++, Python, Kubernetes, Agile. Proficient with PostgreSQL, Terraform, Jenkins, GitHub. Strong background in process design, stakeholder communication, reporting, and performance optimization. They are passionate about turning business goals into action plans that deliver measurable results in fast-moving environments."
software_engineer_099,James Brown,Software Engineer,Platform Engineer,7,"James Brown is a Platform Engineer with 7 years of experience helping organizations improve developer. At Pioneer Enterprise, they partnered with business stakeholders to design and execute solutions that improved performance, workflow, and customer outcomes. drove measurable impact across product, delivery, and customer experience. 7 years of experience delivering developer across cross-functional teams and enterprise clients. improved operational efficiency by 60%.

Core capabilities include Python, Docker, Microservices, Java, AWS, C++. Proficient with PostgreSQL, Linux, GitHub, Jenkins. Strong background in process design, stakeholder communication, reporting, and performance optimization. They are passionate about turning business goals into action plans that deliver measurable results in fast-moving environments."
data_scientist_000,Luna Smith,Data Scientist,AI Research Analyst,3,"Luna Smith is a AI Research Analyst with 3 years of experience helping organizations improve statistics. At Validus Capital, they partnered with business stakeholders to design and execute solutions that improved performance, workflow, and customer outcomes. 3 years of experience delivering statistics across startup stakeholders and cross-functional teams. drove measurable impact across product, delivery, and customer experience. improved operational efficiency by 66%.

Core capabilities include TensorFlow, scikit-learn, PyTorch, R, NLP, Time Series. Proficient with MLflow, Databricks, Airflow, Spark. Strong background in process design, stakeholder communication, reporting, and performance optimization. They are passionate about turning business goals into action plans that deliver measurable results in fast-moving environments."
data_scientist_001,Michael Taylor,Data Scientist,Data Scientist,11,"Michael Taylor is a Data Scientist with 11 years of experience helping organizations improve data. At BluePeak Solutions, they partnered with business stakeholders to design and execute solutions that improved performance, workflow, and customer outcomes. 11 years of experience delivering data across regional partners and startup stakeholders. improved operational efficiency by 23%. led strategic initiatives impacting 21 teams and 8298 stakeholders.

Core capabilities include Python, A/B Testing, PyTorch, TensorFlow, NLP, R. Proficient with MLflow, Airflow, Databricks, Jupyter. Strong background in process design, stakeholder communication, reporting, and performance optimization. They are passionate about turning business goals into action plans that deliver measurable results in fast-moving environments."
data_scientist_002,Luna Jackson,Data Scientist,Machine Learning Engineer,11,"Luna Jackson is a Machine Learning Engineer with 11 years of experience helping organizations improve data. At Lakeview Health, they partnered with business stakeholders to design and execute solutions that improved performance, workflow, and customer outcomes. 11 years of experience delivering data across enterprise clients and startup stakeholders. led strategic initiatives impacting 7 teams and 9866 stakeholders. improved operational efficiency by 40%.

Core capabilities include A/B Testing, Time Series, TensorFlow, scikit-learn, Python, PyTorch. Proficient with Airflow, Jupyter, MLflow, Spark. Strong background in process design, stakeholder communication, reporting, and performance optimization. They are passionate about turning business goals into action plans that deliver measurable results in fast-moving environments."
data_scientist_003,Mia Smith,Data Scientist,Machine Learning Engineer,4,"Mia Smith is a Machine Learning Engineer with 4 years of experience helping organizations improve ai. At Pioneer Enterprise, they partnered with business stakeholders to design and execute solutions that improved performance, workflow, and customer outcomes. improved operational efficiency by 52%. drove measurable impact across product, delivery, and customer experience. 4 years of experience delivering ai across enterprise clients and cross-functional teams.

Core capabilities include SQL, NLP, scikit-learn, PyTorch, A/B Testing, Time Series. Proficient with Databricks, Jupyter, MLflow, Airflow. Strong background in process design, stakeholder communication, reporting, and performance optimization. They are passionate about turning business goals into action plans that deliver measurable results in fast-moving environments."
data_scientist_004,Ava Patel,Data Scientist,Machine Learning Engineer,9,"Ava Patel is a Machine Learning Engineer with 9 years of experience helping organizations improve statistics. At BluePeak Solutions, they partnered with business stakeholders to design and execute solutions that improved performance, workflow, and customer outcomes. 9 years of experience delivering statistics across enterprise clients and regional partners. led strategic initiatives impacting 18 teams and 11074 stakeholders. drove measurable impact across product, delivery, and customer experience.

Core capabilities include A/B Testing, NLP, Statistics, Time Series, R, scikit-learn. Proficient with Databricks, Airflow, MLflow, Spark. Strong background in process design, stakeholder communication, reporting, and performance optimization. They are passionate about turning business goals into action plans that deliver measurable results in fast-moving environments."
data_scientist_005,Emma Kim,Data Scientist,AI Research Analyst,2,"Emma Kim is a AI Research Analyst with 2 years of experience helping organizations improve model. At Nova Metrics, they partnered with business stakeholders to design and execute solutions that improved performance, workflow, and customer outcomes. drove measurable impact across product, delivery, and customer experience. 2 years of experience delivering model across regional partners and remote-first teams. improved operational efficiency by 32%.

Core capabilities include Statistics, Python, PyTorch, scikit-learn, A/B Testing, Time Series. Proficient with Databricks, MLflow, Snowflake, Jupyter. Strong background in process design, stakeholder communication, reporting, and performance optimization. They are passionate about turning business goals into action plans that deliver measurable results in fast-moving environments."
data_scientist_006,Mason Walker,Data Scientist,Data Scientist,8,"Mason Walker is a Data Scientist with 8 years of experience helping organizations improve analysis. At Vertex Studios, they partnered with business stakeholders to design and execute solutions that improved performance, workflow, and customer outcomes. improved operational efficiency by 62%. led strategic initiatives impacting 18 teams and 7688 stakeholders. drove measurable impact across product, delivery, and customer experience.

Core capabilities include TensorFlow, Python, SQL, scikit-learn, NLP, PyTorch. Proficient with Snowflake, Databricks, Jupyter, MLflow. Strong background in process design, stakeholder communication, reporting, and performance optimization. They are passionate about turning business goals into action plans that deliver measurable results in fast-moving environments."
data_scientist_007,James Young,Data Scientist,Machine Learning Engineer,5,"James Young is a Machine Learning Engineer with 5 years of experience helping organizations improve ai. At EchoWorks, they partnered with business stakeholders to design and execute solutions that improved performance, workflow, and customer outcomes. drove measurable impact across product, delivery, and customer experience. led strategic initiatives impacting 13 teams and 4331 stakeholders. 5 years of experience delivering ai across cross-functional teams and startup stakeholders.

Core capabilities include PyTorch, TensorFlow, SQL, NLP, Statistics, Python. Proficient with Snowflake, Databricks, Spark, Airflow. Strong background in process design, stakeholder communication, reporting, and performance optimization. They are passionate about turning business goals into action plans that deliver measurable results in fast-moving environments."
data_scientist_008,Chloe Taylor,Data Scientist,Data Scientist,10,"Chloe Taylor is a Data Scientist with 10 years of experience helping organizations improve statistics. At PrimeCore, they partnered with business stakeholders to design and execute solutions that improved performance, workflow, and customer outcomes. drove measurable impact across product, delivery, and customer experience. 10 years of experience delivering statistics across regional partners and cross-functional teams. led strategic initiatives impacting 11 teams and 6455 stakeholders.

Core capabilities include PyTorch, Python, TensorFlow, Statistics, scikit-learn, Time Series. Proficient with Snowflake, Jupyter, Spark, Databricks. Strong background in process design, stakeholder communication, reporting, and performance optimization. They are passionate about turning business goals into action plans that deliver measurable results in fast-moving environments."
data_scientist_009,Amelia Kim,Data Scientist,AI Research Analyst,14,"Amelia Kim is a AI Research Analyst with 14 years of experience helping organizations improve model. At Pioneer Enterprise, they partnered with business stakeholders to design and execute solutions that improved performance, workflow, and customer outcomes. led strategic initiatives impacting 21 teams and 9147 stakeholders. 14 years of experience delivering model across remote-first teams and regional partners. improved operational efficiency by 41%.

Core capabilities include PyTorch, Statistics, NLP, R, TensorFlow, SQL. Proficient with Airflow, Databricks, Snowflake, Spark. Strong background in process design, stakeholder communication, reporting, and performance optimization. They are passionate about turning business goals into action plans that deliver measurable results in fast-moving environments."
data_scientist_010,Nora Lee,Data Scientist,Machine Learning Engineer,7,"Nora Lee is a Machine Learning Engineer with 7 years of experience helping organizations improve model. At Nova Metrics, they partnered with business stakeholders to design and execute solutions that improved performance, workflow, and customer outcomes. improved operational efficiency by 32%. led strategic initiatives impacting 17 teams and 10335 stakeholders. drove measurable impact across product, delivery, and customer experience.

Core capabilities include Python, PyTorch, SQL, Statistics, Time Series, TensorFlow. Proficient with Snowflake, Spark, Databricks, MLflow. Strong background in process design, stakeholder communication, reporting, and performance optimization. They are passionate about turning business goals into action plans that deliver measurable results in fast-moving environments."
data_scientist_011,Evelyn Harris,Data Scientist,AI Research Analyst,12,"Evelyn Harris is a AI Research Analyst with 12 years of experience helping organizations improve statistics. At Validus Capital, they partnered with business stakeholders to design and execute solutions that improved performance, workflow, and customer outcomes. 12 years of experience delivering statistics across enterprise clients and regional partners. improved operational efficiency by 22%. led strategic initiatives impacting 6 teams and 13522 stakeholders.

Core capabilities include Time Series, Statistics, SQL, scikit-learn, A/B Testing, R. Proficient with MLflow, Snowflake, Databricks, Jupyter. Strong background in process design, stakeholder communication, reporting, and performance optimization. They are passionate about turning business goals into action plans that deliver measurable results in fast-moving environments."
data_scientist_012,Harper Martin,Data Scientist,AI Research Analyst,4,"Harper Martin is a AI Research Analyst with 4 years of experience helping organizations improve data. At Greenline Ventures, they partnered with business stakeholders to design and execute solutions that improved performance, workflow, and customer outcomes. 4 years of experience delivering data across enterprise clients and regional partners. led strategic initiatives impacting 22 teams and 7739 stakeholders. improved operational efficiency by 52%.

Core capabilities include PyTorch, A/B Testing, Time Series, SQL, Python, TensorFlow. Proficient with Spark, Snowflake, Databricks, Airflow. Strong background in process design, stakeholder communication, reporting, and performance optimization. They are passionate about turning business goals into action plans that deliver measurable results in fast-moving environments."
data_scientist_013,Aria Smith,Data Scientist,Data Scientist,10,"Aria Smith is a Data Scientist with 10 years of experience helping organizations improve ai. At Evergreen Consulting, they partnered with business stakeholders to design and execute solutions that improved performance, workflow, and customer outcomes. improved operational efficiency by 41%. drove measurable impact across product, delivery, and customer experience. 10 years of experience delivering ai across startup stakeholders and enterprise clients.

Core capabilities include NLP, SQL, R, Python, TensorFlow, Time Series. Proficient with MLflow, Spark, Airflow, Snowflake. Strong background in process design, stakeholder communication, reporting, and performance optimization. They are passionate about turning business goals into action plans that deliver measurable results in fast-moving environments."
data_scientist_014,Leo Martin,Data Scientist,AI Research Analyst,12,"Leo Martin is a AI Research Analyst with 12 years of experience helping organizations improve ai. At Mercury Systems, they partnered with business stakeholders to design and execute solutions that improved performance, workflow, and customer outcomes. drove measurable impact across product, delivery, and customer experience. led strategic initiatives impacting 25 teams and 13851 stakeholders. 12 years of experience delivering ai across enterprise clients and startup stakeholders.

Core capabilities include Python, R, NLP, PyTorch, Time Series, TensorFlow. Proficient with Databricks, Jupyter, Snowflake, Airflow. Strong background in process design, stakeholder communication, reporting, and performance optimization. They are passionate about turning business goals into action plans that deliver measurable results in fast-moving environments."
data_scientist_015,Michael Nguyen,Data Scientist,Data Scientist,5,"Michael Nguyen is a Data Scientist with 5 years of experience helping organizations improve ai. At Signal Forge, they partnered with business stakeholders to design and execute solutions that improved performance, workflow, and customer outcomes. led strategic initiatives impacting 9 teams and 13324 stakeholders. 5 years of experience delivering ai across enterprise clients and cross-functional teams. improved operational efficiency by 55%.

Core capabilities include Statistics, Time Series, TensorFlow, Python, NLP, SQL. Proficient with Snowflake, Spark, Jupyter, Databricks. Strong background in process design, stakeholder communication, reporting, and performance optimization. They are passionate about turning business goals into action plans that deliver measurable results in fast-moving environments."
data_scientist_016,Charlotte Allen,Data Scientist,Data Scientist,11,"Charlotte Allen is a Data Scientist with 11 years of experience helping organizations improve ai. At BrightPath Group, they partnered with business stakeholders to design and execute solutions that improved performance, workflow, and customer outcomes. led strategic initiatives impacting 15 teams and 10915 stakeholders. improved operational efficiency by 22%. 11 years of experience delivering ai across startup stakeholders and cross-functional teams.

Core capabilities include NLP, A/B Testing, scikit-learn, PyTorch, Time Series, R. Proficient with Spark, Jupyter, Airflow, Snowflake. Strong background in process design, stakeholder communication, reporting, and performance optimization. They are passionate about turning business goals into action plans that deliver measurable results in fast-moving environments."
data_scientist_017,Henry Thomas,Data Scientist,Machine Learning Engineer,5,"Henry Thomas is a Machine Learning Engineer with 5 years of experience helping organizations improve analysis. At Crestline Partners, they partnered with business stakeholders to design and execute solutions that improved performance, workflow, and customer outcomes. led strategic initiatives impacting 13 teams and 3526 stakeholders. drove measurable impact across product, delivery, and customer experience. 5 years of experience delivering analysis across cross-functional teams and enterprise clients.

Core capabilities include A/B Testing, NLP, Statistics, R, scikit-learn, TensorFlow. Proficient with Spark, Databricks, Jupyter, Airflow. Strong background in process design, stakeholder communication, reporting, and performance optimization. They are passionate about turning business goals into action plans that deliver measurable results in fast-moving environments."
data_scientist_018,Ella Davis,Data Scientist,Machine Learning Engineer,3,"Ella Davis is a Machine Learning Engineer with 3 years of experience helping organizations improve data. At CloudBridge, they partnered with business stakeholders to design and execute solutions that improved performance, workflow, and customer outcomes. drove measurable impact across product, delivery, and customer experience. led strategic initiatives impacting 5 teams and 2468 stakeholders. 3 years of experience delivering data across regional partners and startup stakeholders.

Core capabilities include Python, TensorFlow, Time Series, SQL, NLP, Statistics. Proficient with MLflow, Jupyter, Spark, Databricks. Strong background in process design, stakeholder communication, reporting, and performance optimization. They are passionate about turning business goals into action plans that deliver measurable results in fast-moving environments."
data_scientist_019,Avery Scott,Data Scientist,Machine Learning Engineer,8,"Avery Scott is a Machine Learning Engineer with 8 years of experience helping organizations improve data. At Vertex Studios, they partnered with business stakeholders to design and execute solutions that improved performance, workflow, and customer outcomes. led strategic initiatives impacting 14 teams and 5397 stakeholders. 8 years of experience delivering data across cross-functional teams and regional partners. drove measurable impact across product, delivery, and customer experience.

Core capabilities include TensorFlow, NLP, A/B Testing, Time Series, Python, Statistics. Proficient with MLflow, Snowflake, Spark, Airflow. Strong background in process design, stakeholder communication, reporting, and performance optimization. They are passionate about turning business goals into action plans that deliver measurable results in fast-moving environments."
data_scientist_020,Charlotte Jackson,Data Scientist,Machine Learning Engineer,8,"Charlotte Jackson is a Machine Learning Engineer with 8 years of experience helping organizations improve analysis. At BrightPath Group, they partnered with business stakeholders to design and execute solutions that improved performance, workflow, and customer outcomes. led strategic initiatives impacting 17 teams and 6443 stakeholders. improved operational efficiency by 18%. drove measurable impact across product, delivery, and customer experience.

Core capabilities include Time Series, R, scikit-learn, SQL, A/B Testing, PyTorch. Proficient with Snowflake, Spark, MLflow, Databricks. Strong background in process design, stakeholder communication, reporting, and performance optimization. They are passionate about turning business goals into action plans that deliver measurable results in fast-moving environments."
data_scientist_021,Jack Jackson,Data Scientist,AI Research Analyst,11,"Jack Jackson is a AI Research Analyst with 11 years of experience helping organizations improve machine learning. At Greenline Ventures, they partnered with business stakeholders to design and execute solutions that improved performance, workflow, and customer outcomes. led strategic initiatives impacting 17 teams and 5592 stakeholders. improved operational efficiency by 38%. 11 years of experience delivering machine learning across regional partners and cross-functional teams.

Core capabilities include TensorFlow, scikit-learn, PyTorch, Time Series, SQL, R. Proficient with Databricks, Airflow, Snowflake, Spark. Strong background in process design, stakeholder communication, reporting, and performance optimization. They are passionate about turning business goals into action plans that deliver measurable results in fast-moving environments."
data_scientist_022,Hannah Lee,Data Scientist,AI Research Analyst,10,"Hannah Lee is a AI Research Analyst with 10 years of experience helping organizations improve machine learning. At Greenline Ventures, they partnered with business stakeholders to design and execute solutions that improved performance, workflow, and customer outcomes. improved operational efficiency by 33%. drove measurable impact across product, delivery, and customer experience. led strategic initiatives impacting 13 teams and 11791 stakeholders.

Core capabilities include A/B Testing, Python, Time Series, scikit-learn, R, PyTorch. Proficient with Airflow, Jupyter, Databricks, Spark. Strong background in process design, stakeholder communication, reporting, and performance optimization. They are passionate about turning business goals into action plans that deliver measurable results in fast-moving environments."
data_scientist_023,Ella Martin,Data Scientist,Machine Learning Engineer,11,"Ella Martin is a Machine Learning Engineer with 11 years of experience helping organizations improve model. At Harbor Analytics, they partnered with business stakeholders to design and execute solutions that improved performance, workflow, and customer outcomes. led strategic initiatives impacting 24 teams and 1725 stakeholders. improved operational efficiency by 59%. drove measurable impact across product, delivery, and customer experience.

Core capabilities include Statistics, NLP, A/B Testing, TensorFlow, Python, SQL. Proficient with Spark, Snowflake, Jupyter, Databricks. Strong background in process design, stakeholder communication, reporting, and performance optimization. They are passionate about turning business goals into action plans that deliver measurable results in fast-moving environments."
data_scientist_024,Olivia Patel,Data Scientist,Data Scientist,6,"Olivia Patel is a Data Scientist with 6 years of experience helping organizations improve machine learning. At NorthStar Labs, they partnered with business stakeholders to design and execute solutions that improved performance, workflow, and customer outcomes. 6 years of experience delivering machine learning across startup stakeholders and enterprise clients. drove measurable impact across product, delivery, and customer experience. led strategic initiatives impacting 18 teams and 2406 stakeholders.

Core capabilities include A/B Testing, Statistics, PyTorch, Time Series, SQL, NLP. Proficient with Databricks, Snowflake, MLflow, Spark. Strong background in process design, stakeholder communication, reporting, and performance optimization. They are passionate about turning business goals into action plans that deliver measurable results in fast-moving environments."
data_scientist_025,Isabella Smith,Data Scientist,Machine Learning Engineer,9,"Isabella Smith is a Machine Learning Engineer with 9 years of experience helping organizations improve ai. At Crestline Partners, they partnered with business stakeholders to design and execute solutions that improved performance, workflow, and customer outcomes. 9 years of experience delivering ai across enterprise clients and regional partners. drove measurable impact across product, delivery, and customer experience. led strategic initiatives impacting 15 teams and 11616 stakeholders.

Core capabilities include PyTorch, A/B Testing, Time Series, SQL, Statistics, Python. Proficient with Databricks, Spark, Airflow, Jupyter. Strong background in process design, stakeholder communication, reporting, and performance optimization. They are passionate about turning business goals into action plans that deliver measurable results in fast-moving environments."
data_scientist_026,Elijah Walker,Data Scientist,Data Scientist,10,"Elijah Walker is a Data Scientist with 10 years of experience helping organizations improve machine learning. At Oak & Pine, they partnered with business stakeholders to design and execute solutions that improved performance, workflow, and customer outcomes. led strategic initiatives impacting 24 teams and 4232 stakeholders. drove measurable impact across product, delivery, and customer experience. improved operational efficiency by 65%.

Core capabilities include scikit-learn, A/B Testing, NLP, PyTorch, R, Time Series. Proficient with Spark, MLflow, Snowflake, Airflow. Strong background in process design, stakeholder communication, reporting, and performance optimization. They are passionate about turning business goals into action plans that deliver measurable results in fast-moving environments."
data_scientist_027,Ella Patel,Data Scientist,AI Research Analyst,5,"Ella Patel is a AI Research Analyst with 5 years of experience helping organizations improve machine learning. At BrightPath Group, they partnered with business stakeholders to design and execute solutions that improved performance, workflow, and customer outcomes. led strategic initiatives impacting 25 teams and 6134 stakeholders. drove measurable impact across product, delivery, and customer experience. improved operational efficiency by 51%.

Core capabilities include TensorFlow, R, A/B Testing, NLP, Statistics, Time Series. Proficient with Airflow, Spark, MLflow, Databricks. Strong background in process design, stakeholder communication, reporting, and performance optimization. They are passionate about turning business goals into action plans that deliver measurable results in fast-moving environments."
data_scientist_028,Matthew Kim,Data Scientist,Machine Learning Engineer,7,"Matthew Kim is a Machine Learning Engineer with 7 years of experience helping organizations improve ai. At Harbor Analytics, they partnered with business stakeholders to design and execute solutions that improved performance, workflow, and customer outcomes. improved operational efficiency by 29%. drove measurable impact across product, delivery, and customer experience. led strategic initiatives impacting 16 teams and 12361 stakeholders.

Core capabilities include Time Series, SQL, TensorFlow, Statistics, NLP, Python. Proficient with Spark, MLflow, Airflow, Jupyter. Strong background in process design, stakeholder communication, reporting, and performance optimization. They are passionate about turning business goals into action plans that deliver measurable results in fast-moving environments."
data_scientist_029,Grace Scott,Data Scientist,Data Scientist,11,"Grace Scott is a Data Scientist with 11 years of experience helping organizations improve model. At Nova Metrics, they partnered with business stakeholders to design and execute solutions that improved performance, workflow, and customer outcomes. drove measurable impact across product, delivery, and customer experience. 11 years of experience delivering model across cross-functional teams and remote-first teams. improved operational efficiency by 46%.

Core capabilities include NLP, SQL, Time Series, scikit-learn, TensorFlow, R. Proficient with Snowflake, MLflow, Databricks, Spark. Strong background in process design, stakeholder communication, reporting, and performance optimization. They are passionate about turning business goals into action plans that deliver measurable results in fast-moving environments."
data_scientist_030,Sophia Lee,Data Scientist,Machine Learning Engineer,10,"Sophia Lee is a Machine Learning Engineer with 10 years of experience helping organizations improve python. At NorthStar Labs, they partnered with business stakeholders to design and execute solutions that improved performance, workflow, and customer outcomes. drove measurable impact across product, delivery, and customer experience. 10 years of experience delivering python across cross-functional teams and remote-first teams. improved operational efficiency by 20%.

Core capabilities include Time Series, NLP, Statistics, PyTorch, scikit-learn, A/B Testing. Proficient with Databricks, MLflow, Jupyter, Airflow. Strong background in process design, stakeholder communication, reporting, and performance optimization. They are passionate about turning business goals into action plans that deliver measurable results in fast-moving environments."
data_scientist_031,Hannah Harris,Data Scientist,AI Research Analyst,10,"Hannah Harris is a AI Research Analyst with 10 years of experience helping organizations improve data. At BluePeak Solutions, they partnered with business stakeholders to design and execute solutions that improved performance, workflow, and customer outcomes. improved operational efficiency by 65%. led strategic initiatives impacting 25 teams and 13310 stakeholders. 10 years of experience delivering data across startup stakeholders and enterprise clients.

Core capabilities include Statistics, R, TensorFlow, NLP, Time Series, SQL. Proficient with Snowflake, Jupyter, Databricks, Airflow. Strong background in process design, stakeholder communication, reporting, and performance optimization. They are passionate about turning business goals into action plans that deliver measurable results in fast-moving environments."
data_scientist_032,Chloe Wilson,Data Scientist,Machine Learning Engineer,3,"Chloe Wilson is a Machine Learning Engineer with 3 years of experience helping organizations improve model. At Horizon One, they partnered with business stakeholders to design and execute solutions that improved performance, workflow, and customer outcomes. drove measurable impact across product, delivery, and customer experience. led strategic initiatives impacting 6 teams and 10340 stakeholders. improved operational efficiency by 31%.

Core capabilities include R, PyTorch, A/B Testing, NLP, scikit-learn, TensorFlow. Proficient with Spark, Airflow, Databricks, Jupyter. Strong background in process design, stakeholder communication, reporting, and performance optimization. They are passionate about turning business goals into action plans that deliver measurable results in fast-moving environments."
data_scientist_033,Avery Young,Data Scientist,Data Scientist,7,"Avery Young is a Data Scientist with 7 years of experience helping organizations improve statistics. At Nova Metrics, they partnered with business stakeholders to design and execute solutions that improved performance, workflow, and customer outcomes. improved operational efficiency by 27%. drove measurable impact across product, delivery, and customer experience. led strategic initiatives impacting 15 teams and 14573 stakeholders.

Core capabilities include TensorFlow, Statistics, A/B Testing, NLP, Time Series, Python. Proficient with MLflow, Databricks, Jupyter, Spark. Strong background in process design, stakeholder communication, reporting, and performance optimization. They are passionate about turning business goals into action plans that deliver measurable results in fast-moving environments."
data_scientist_034,Joseph Brown,Data Scientist,AI Research Analyst,12,"Joseph Brown is a AI Research Analyst with 12 years of experience helping organizations improve analysis. At Pioneer Enterprise, they partnered with business stakeholders to design and execute solutions that improved performance, workflow, and customer outcomes. 12 years of experience delivering analysis across startup stakeholders and regional partners. drove measurable impact across product, delivery, and customer experience. improved operational efficiency by 38%.

Core capabilities include NLP, Statistics, Time Series, Python, scikit-learn, A/B Testing. Proficient with Databricks, Snowflake, Airflow, Spark. Strong background in process design, stakeholder communication, reporting, and performance optimization. They are passionate about turning business goals into action plans that deliver measurable results in fast-moving environments."
data_scientist_035,Isabella Martin,Data Scientist,AI Research Analyst,8,"Isabella Martin is a AI Research Analyst with 8 years of experience helping organizations improve machine learning. At Greenline Ventures, they partnered with business stakeholders to design and execute solutions that improved performance, workflow, and customer outcomes. led strategic initiatives impacting 8 teams and 11259 stakeholders. 8 years of experience delivering machine learning across remote-first teams and enterprise clients. drove measurable impact across product, delivery, and customer experience.

Core capabilities include NLP, PyTorch, Time Series, SQL, Statistics, scikit-learn. Proficient with Airflow, Snowflake, MLflow, Spark. Strong background in process design, stakeholder communication, reporting, and performance optimization. They are passionate about turning business goals into action plans that deliver measurable results in fast-moving environments."
data_scientist_036,Charlotte Thomas,Data Scientist,Machine Learning Engineer,2,"Charlotte Thomas is a Machine Learning Engineer with 2 years of experience helping organizations improve model. At Pioneer Enterprise, they partnered with business stakeholders to design and execute solutions that improved performance, workflow, and customer outcomes. improved operational efficiency by 43%. led strategic initiatives impacting 25 teams and 6005 stakeholders. 2 years of experience delivering model across cross-functional teams and enterprise clients.

Core capabilities include PyTorch, SQL, TensorFlow, R, A/B Testing, Python. Proficient with Spark, Airflow, Snowflake, Jupyter. Strong background in process design, stakeholder communication, reporting, and performance optimization. They are passionate about turning business goals into action plans that deliver measurable results in fast-moving environments."
data_scientist_037,Olivia Patel,Data Scientist,Data Scientist,9,"Olivia Patel is a Data Scientist with 9 years of experience helping organizations improve data. At Lakeview Health, they partnered with business stakeholders to design and execute solutions that improved performance, workflow, and customer outcomes. drove measurable impact across product, delivery, and customer experience. improved operational efficiency by 23%. led strategic initiatives impacting 8 teams and 2690 stakeholders.

Core capabilities include SQL, PyTorch, Time Series, Python, NLP, Statistics. Proficient with Jupyter, Databricks, MLflow, Snowflake. Strong background in process design, stakeholder communication, reporting, and performance optimization. They are passionate about turning business goals into action plans that deliver measurable results in fast-moving environments."
data_scientist_038,Sophia Moore,Data Scientist,Data Scientist,12,"Sophia Moore is a Data Scientist with 12 years of experience helping organizations improve statistics. At Nova Metrics, they partnered with business stakeholders to design and execute solutions that improved performance, workflow, and customer outcomes. improved operational efficiency by 31%. 12 years of experience delivering statistics across startup stakeholders and regional partners. led strategic initiatives impacting 7 teams and 2646 stakeholders.

Core capabilities include SQL, R, Python, TensorFlow, scikit-learn, A/B Testing. Proficient with Databricks, Airflow, MLflow, Snowflake. Strong background in process design, stakeholder communication, reporting, and performance optimization. They are passionate about turning business goals into action plans that deliver measurable results in fast-moving environments."
data_scientist_039,Isabella Jackson,Data Scientist,Machine Learning Engineer,14,"Isabella Jackson is a Machine Learning Engineer with 14 years of experience helping organizations improve machine learning. At NorthStar Labs, they partnered with business stakeholders to design and execute solutions that improved performance, workflow, and customer outcomes. improved operational efficiency by 51%. drove measurable impact across product, delivery, and customer experience. led strategic initiatives impacting 24 teams and 9348 stakeholders.

Core capabilities include PyTorch, TensorFlow, R, Time Series, A/B Testing, scikit-learn. Proficient with Snowflake, Spark, Airflow, Databricks. Strong background in process design, stakeholder communication, reporting, and performance optimization. They are passionate about turning business goals into action plans that deliver measurable results in fast-moving environments."
data_scientist_040,Abigail Nguyen,Data Scientist,Data Scientist,9,"Abigail Nguyen is a Data Scientist with 9 years of experience helping organizations improve model. At Nova Metrics, they partnered with business stakeholders to design and execute solutions that improved performance, workflow, and customer outcomes. improved operational efficiency by 41%. led strategic initiatives impacting 22 teams and 12189 stakeholders. 9 years of experience delivering model across startup stakeholders and regional partners.

Core capabilities include R, PyTorch, Time Series, scikit-learn, TensorFlow, Python. Proficient with Snowflake, Jupyter, Airflow, MLflow. Strong background in process design, stakeholder communication, reporting, and performance optimization. They are passionate about turning business goals into action plans that deliver measurable results in fast-moving environments."
data_scientist_041,Lucas Allen,Data Scientist,Data Scientist,2,"Lucas Allen is a Data Scientist with 2 years of experience helping organizations improve analysis. At Vertex Studios, they partnered with business stakeholders to design and execute solutions that improved performance, workflow, and customer outcomes. 2 years of experience delivering analysis across enterprise clients and cross-functional teams. drove measurable impact across product, delivery, and customer experience. led strategic initiatives impacting 7 teams and 6077 stakeholders.

Core capabilities include PyTorch, Python, A/B Testing, NLP, Statistics, TensorFlow. Proficient with Airflow, Snowflake, Databricks, MLflow. Strong background in process design, stakeholder communication, reporting, and performance optimization. They are passionate about turning business goals into action plans that deliver measurable results in fast-moving environments."
data_scientist_042,Mason Young,Data Scientist,Machine Learning Engineer,8,"Mason Young is a Machine Learning Engineer with 8 years of experience helping organizations improve python. At CloudBridge, they partnered with business stakeholders to design and execute solutions that improved performance, workflow, and customer outcomes. 8 years of experience delivering python across regional partners and enterprise clients. drove measurable impact across product, delivery, and customer experience. led strategic initiatives impacting 10 teams and 2956 stakeholders.

Core capabilities include R, TensorFlow, NLP, scikit-learn, Statistics, Python. Proficient with MLflow, Jupyter, Databricks, Snowflake. Strong background in process design, stakeholder communication, reporting, and performance optimization. They are passionate about turning business goals into action plans that deliver measurable results in fast-moving environments."
data_scientist_043,Ava Johnson,Data Scientist,Machine Learning Engineer,7,"Ava Johnson is a Machine Learning Engineer with 7 years of experience helping organizations improve python. At Oak & Pine, they partnered with business stakeholders to design and execute solutions that improved performance, workflow, and customer outcomes. 7 years of experience delivering python across remote-first teams and enterprise clients. improved operational efficiency by 34%. drove measurable impact across product, delivery, and customer experience.

Core capabilities include A/B Testing, TensorFlow, SQL, Time Series, R, NLP. Proficient with Spark, Jupyter, Snowflake, MLflow. Strong background in process design, stakeholder communication, reporting, and performance optimization. They are passionate about turning business goals into action plans that deliver measurable results in fast-moving environments."
data_scientist_044,Luna Taylor,Data Scientist,Data Scientist,9,"Luna Taylor is a Data Scientist with 9 years of experience helping organizations improve ai. At EchoWorks, they partnered with business stakeholders to design and execute solutions that improved performance, workflow, and customer outcomes. led strategic initiatives impacting 12 teams and 1753 stakeholders. improved operational efficiency by 18%. drove measurable impact across product, delivery, and customer experience.

Core capabilities include Statistics, SQL, scikit-learn, R, A/B Testing, Python. Proficient with Snowflake, Jupyter, MLflow, Airflow. Strong background in process design, stakeholder communication, reporting, and performance optimization. They are passionate about turning business goals into action plans that deliver measurable results in fast-moving environments."
data_scientist_045,Mason Johnson,Data Scientist,Data Scientist,10,"Mason Johnson is a Data Scientist with 10 years of experience helping organizations improve ai. At EchoWorks, they partnered with business stakeholders to design and execute solutions that improved performance, workflow, and customer outcomes. led strategic initiatives impacting 21 teams and 1752 stakeholders. 10 years of experience delivering ai across enterprise clients and cross-functional teams. improved operational efficiency by 32%.

Core capabilities include NLP, PyTorch, scikit-learn, R, A/B Testing, SQL. Proficient with Airflow, Jupyter, Spark, Snowflake. Strong background in process design, stakeholder communication, reporting, and performance optimization. They are passionate about turning business goals into action plans that deliver measurable results in fast-moving environments."
data_scientist_046,Abigail Smith,Data Scientist,Machine Learning Engineer,3,"Abigail Smith is a Machine Learning Engineer with 3 years of experience helping organizations improve python. At Pioneer Enterprise, they partnered with business stakeholders to design and execute solutions that improved performance, workflow, and customer outcomes. improved operational efficiency by 67%. 3 years of experience delivering python across regional partners and startup stakeholders. drove measurable impact across product, delivery, and customer experience.

Core capabilities include Time Series, Python, scikit-learn, R, SQL, TensorFlow. Proficient with Airflow, Snowflake, MLflow, Databricks. Strong background in process design, stakeholder communication, reporting, and performance optimization. They are passionate about turning business goals into action plans that deliver measurable results in fast-moving environments."
data_scientist_047,Grace Patel,Data Scientist,Data Scientist,10,"Grace Patel is a Data Scientist with 10 years of experience helping organizations improve analysis. At EchoWorks, they partnered with business stakeholders to design and execute solutions that improved performance, workflow, and customer outcomes. drove measurable impact across product, delivery, and customer experience. 10 years of experience delivering analysis across cross-functional teams and startup stakeholders. led strategic initiatives impacting 6 teams and 3332 stakeholders.

Core capabilities include Python, scikit-learn, Statistics, NLP, A/B Testing, PyTorch. Proficient with Spark, Airflow, Jupyter, Databricks. Strong background in process design, stakeholder communication, reporting, and performance optimization. They are passionate about turning business goals into action plans that deliver measurable results in fast-moving environments."
data_scientist_048,Harper Walker,Data Scientist,Machine Learning Engineer,13,"Harper Walker is a Machine Learning Engineer with 13 years of experience helping organizations improve analysis. At Nova Metrics, they partnered with business stakeholders to design and execute solutions that improved performance, workflow, and customer outcomes. led strategic initiatives impacting 15 teams and 14120 stakeholders. drove measurable impact across product, delivery, and customer experience. improved operational efficiency by 34%.

Core capabilities include Time Series, R, A/B Testing, TensorFlow, Statistics, PyTorch. Proficient with Jupyter, Snowflake, Spark, MLflow. Strong background in process design, stakeholder communication, reporting, and performance optimization. They are passionate about turning business goals into action plans that deliver measurable results in fast-moving environments."
data_scientist_049,Nora Thomas,Data Scientist,Machine Learning Engineer,5,"Nora Thomas is a Machine Learning Engineer with 5 years of experience helping organizations improve data. At BrightPath Group, they partnered with business stakeholders to design and execute solutions that improved performance, workflow, and customer outcomes. drove measurable impact across product, delivery, and customer experience. improved operational efficiency by 67%. led strategic initiatives impacting 11 teams and 8404 stakeholders.

Core capabilities include PyTorch, SQL, R, Time Series, Python, NLP. Proficient with Databricks, Spark, Airflow, MLflow. Strong background in process design, stakeholder communication, reporting, and performance optimization. They are passionate about turning business goals into action plans that deliver measurable results in fast-moving environments."
data_scientist_050,Ethan Martin,Data Scientist,Data Scientist,14,"Ethan Martin is a Data Scientist with 14 years of experience helping organizations improve statistics. At EchoWorks, they partnered with business stakeholders to design and execute solutions that improved performance, workflow, and customer outcomes. led strategic initiatives impacting 10 teams and 1509 stakeholders. improved operational efficiency by 34%. 14 years of experience delivering statistics across enterprise clients and remote-first teams.

Core capabilities include TensorFlow, Python, PyTorch, NLP, SQL, R. Proficient with Jupyter, MLflow, Airflow, Snowflake. Strong background in process design, stakeholder communication, reporting, and performance optimization. They are passionate about turning business goals into action plans that deliver measurable results in fast-moving environments."
data_scientist_051,Olivia Thomas,Data Scientist,Data Scientist,14,"Olivia Thomas is a Data Scientist with 14 years of experience helping organizations improve ai. At Lakeview Health, they partnered with business stakeholders to design and execute solutions that improved performance, workflow, and customer outcomes. improved operational efficiency by 22%. drove measurable impact across product, delivery, and customer experience. led strategic initiatives impacting 5 teams and 2056 stakeholders.

Core capabilities include SQL, R, Python, Time Series, A/B Testing, scikit-learn. Proficient with MLflow, Databricks, Airflow, Snowflake. Strong background in process design, stakeholder communication, reporting, and performance optimization. They are passionate about turning business goals into action plans that deliver measurable results in fast-moving environments."
data_scientist_052,Sophia Martin,Data Scientist,Machine Learning Engineer,3,"Sophia Martin is a Machine Learning Engineer with 3 years of experience helping organizations improve data. At Oak & Pine, they partnered with business stakeholders to design and execute solutions that improved performance, workflow, and customer outcomes. drove measurable impact across product, delivery, and customer experience. improved operational efficiency by 31%. 3 years of experience delivering data across cross-functional teams and remote-first teams.

Core capabilities include Time Series, Python, SQL, TensorFlow, PyTorch, scikit-learn. Proficient with Databricks, Jupyter, Spark, Airflow. Strong background in process design, stakeholder communication, reporting, and performance optimization. They are passionate about turning business goals into action plans that deliver measurable results in fast-moving environments."
data_scientist_053,Mia Scott,Data Scientist,AI Research Analyst,11,"Mia Scott is a AI Research Analyst with 11 years of experience helping organizations improve machine learning. At Oak & Pine, they partnered with business stakeholders to design and execute solutions that improved performance, workflow, and customer outcomes. 11 years of experience delivering machine learning across cross-functional teams and regional partners. improved operational efficiency by 58%. drove measurable impact across product, delivery, and customer experience.

Core capabilities include TensorFlow, Time Series, NLP, Statistics, PyTorch, Python. Proficient with Jupyter, Airflow, Databricks, Spark. Strong background in process design, stakeholder communication, reporting, and performance optimization. They are passionate about turning business goals into action plans that deliver measurable results in fast-moving environments."
data_scientist_054,Scarlett Young,Data Scientist,Machine Learning Engineer,7,"Scarlett Young is a Machine Learning Engineer with 7 years of experience helping organizations improve python. At Evergreen Consulting, they partnered with business stakeholders to design and execute solutions that improved performance, workflow, and customer outcomes. improved operational efficiency by 51%. 7 years of experience delivering python across enterprise clients and startup stakeholders. drove measurable impact across product, delivery, and customer experience.

Core capabilities include A/B Testing, scikit-learn, NLP, SQL, R, Python. Proficient with Airflow, Snowflake, MLflow, Jupyter. Strong background in process design, stakeholder communication, reporting, and performance optimization. They are passionate about turning business goals into action plans that deliver measurable results in fast-moving environments."
data_scientist_055,Elijah Garcia,Data Scientist,Machine Learning Engineer,10,"Elijah Garcia is a Machine Learning Engineer with 10 years of experience helping organizations improve ai. At Pioneer Enterprise, they partnered with business stakeholders to design and execute solutions that improved performance, workflow, and customer outcomes. improved operational efficiency by 63%. drove measurable impact across product, delivery, and customer experience. 10 years of experience delivering ai across regional partners and enterprise clients.

Core capabilities include Python, PyTorch, NLP, SQL, R, scikit-learn. Proficient with MLflow, Snowflake, Airflow, Databricks. Strong background in process design, stakeholder communication, reporting, and performance optimization. They are passionate about turning business goals into action plans that deliver measurable results in fast-moving environments."
data_scientist_056,Joseph Young,Data Scientist,Machine Learning Engineer,4,"Joseph Young is a Machine Learning Engineer with 4 years of experience helping organizations improve model. At Signal Forge, they partnered with business stakeholders to design and execute solutions that improved performance, workflow, and customer outcomes. improved operational efficiency by 26%. led strategic initiatives impacting 15 teams and 12746 stakeholders. 4 years of experience delivering model across regional partners and cross-functional teams.

Core capabilities include Python, R, Statistics, A/B Testing, TensorFlow, NLP. Proficient with Jupyter, Snowflake, Databricks, Spark. Strong background in process design, stakeholder communication, reporting, and performance optimization. They are passionate about turning business goals into action plans that deliver measurable results in fast-moving environments."
data_scientist_057,Lucas Brown,Data Scientist,AI Research Analyst,13,"Lucas Brown is a AI Research Analyst with 13 years of experience helping organizations improve machine learning. At Signal Forge, they partnered with business stakeholders to design and execute solutions that improved performance, workflow, and customer outcomes. led strategic initiatives impacting 18 teams and 13973 stakeholders. drove measurable impact across product, delivery, and customer experience. improved operational efficiency by 64%.

Core capabilities include R, A/B Testing, scikit-learn, Python, SQL, PyTorch. Proficient with Snowflake, Jupyter, Airflow, MLflow. Strong background in process design, stakeholder communication, reporting, and performance optimization. They are passionate about turning business goals into action plans that deliver measurable results in fast-moving environments."
data_scientist_058,James Young,Data Scientist,AI Research Analyst,11,"James Young is a AI Research Analyst with 11 years of experience helping organizations improve ai. At PrimeCore, they partnered with business stakeholders to design and execute solutions that improved performance, workflow, and customer outcomes. improved operational efficiency by 29%. drove measurable impact across product, delivery, and customer experience. 11 years of experience delivering ai across startup stakeholders and enterprise clients.

Core capabilities include scikit-learn, PyTorch, SQL, A/B Testing, Time Series, Statistics. Proficient with MLflow, Spark, Jupyter, Airflow. Strong background in process design, stakeholder communication, reporting, and performance optimization. They are passionate about turning business goals into action plans that deliver measurable results in fast-moving environments."
data_scientist_059,Joseph Brown,Data Scientist,Machine Learning Engineer,13,"Joseph Brown is a Machine Learning Engineer with 13 years of experience helping organizations improve data. At Evergreen Consulting, they partnered with business stakeholders to design and execute solutions that improved performance, workflow, and customer outcomes. drove measurable impact across product, delivery, and customer experience. 13 years of experience delivering data across cross-functional teams and regional partners. led strategic initiatives impacting 7 teams and 6742 stakeholders.

Core capabilities include PyTorch, scikit-learn, A/B Testing, R, Time Series, Python. Proficient with Spark, Airflow, Databricks, Jupyter. Strong background in process design, stakeholder communication, reporting, and performance optimization. They are passionate about turning business goals into action plans that deliver measurable results in fast-moving environments."
data_scientist_060,Noah Moore,Data Scientist,Machine Learning Engineer,13,"Noah Moore is a Machine Learning Engineer with 13 years of experience helping organizations improve model. At Harbor Analytics, they partnered with business stakeholders to design and execute solutions that improved performance, workflow, and customer outcomes. 13 years of experience delivering model across cross-functional teams and startup stakeholders. improved operational efficiency by 22%. drove measurable impact across product, delivery, and customer experience.

Core capabilities include SQL, NLP, Time Series, PyTorch, Statistics, TensorFlow. Proficient with Databricks, Jupyter, Spark, Airflow. Strong background in process design, stakeholder communication, reporting, and performance optimization. They are passionate about turning business goals into action plans that deliver measurable results in fast-moving environments."
data_scientist_061,Olivia Martin,Data Scientist,Machine Learning Engineer,4,"Olivia Martin is a Machine Learning Engineer with 4 years of experience helping organizations improve model. At Mercury Systems, they partnered with business stakeholders to design and execute solutions that improved performance, workflow, and customer outcomes. drove measurable impact across product, delivery, and customer experience. 4 years of experience delivering model across regional partners and startup stakeholders. led strategic initiatives impacting 6 teams and 2659 stakeholders.

Core capabilities include SQL, R, A/B Testing, Statistics, TensorFlow, scikit-learn. Proficient with Databricks, Jupyter, Spark, Airflow. Strong background in process design, stakeholder communication, reporting, and performance optimization. They are passionate about turning business goals into action plans that deliver measurable results in fast-moving environments."
data_scientist_062,Grace Young,Data Scientist,AI Research Analyst,13,"Grace Young is a AI Research Analyst with 13 years of experience helping organizations improve python. At Summit Works, they partnered with business stakeholders to design and execute solutions that improved performance, workflow, and customer outcomes. led strategic initiatives impacting 7 teams and 5825 stakeholders. 13 years of experience delivering python across remote-first teams and enterprise clients. drove measurable impact across product, delivery, and customer experience.

Core capabilities include TensorFlow, Statistics, A/B Testing, R, Python, scikit-learn. Proficient with Databricks, Snowflake, Spark, Jupyter. Strong background in process design, stakeholder communication, reporting, and performance optimization. They are passionate about turning business goals into action plans that deliver measurable results in fast-moving environments."
data_scientist_063,Lucas Lee,Data Scientist,Data Scientist,12,"Lucas Lee is a Data Scientist with 12 years of experience helping organizations improve analysis. At Validus Capital, they partnered with business stakeholders to design and execute solutions that improved performance, workflow, and customer outcomes. improved operational efficiency by 41%. led strategic initiatives impacting 17 teams and 7052 stakeholders. 12 years of experience delivering analysis across startup stakeholders and cross-functional teams.

Core capabilities include R, Time Series, Statistics, SQL, PyTorch, scikit-learn. Proficient with Databricks, Airflow, Jupyter, Snowflake. Strong background in process design, stakeholder communication, reporting, and performance optimization. They are passionate about turning business goals into action plans that deliver measurable results in fast-moving environments."
data_scientist_064,Evelyn Thomas,Data Scientist,Machine Learning Engineer,6,"Evelyn Thomas is a Machine Learning Engineer with 6 years of experience helping organizations improve machine learning. At Harbor Analytics, they partnered with business stakeholders to design and execute solutions that improved performance, workflow, and customer outcomes. led strategic initiatives impacting 21 teams and 7858 stakeholders. drove measurable impact across product, delivery, and customer experience. 6 years of experience delivering machine learning across regional partners and enterprise clients.

Core capabilities include TensorFlow, Python, SQL, NLP, scikit-learn, A/B Testing. Proficient with Jupyter, Airflow, Databricks, Snowflake. Strong background in process design, stakeholder communication, reporting, and performance optimization. They are passionate about turning business goals into action plans that deliver measurable results in fast-moving environments."
data_scientist_065,Scarlett Smith,Data Scientist,Data Scientist,8,"Scarlett Smith is a Data Scientist with 8 years of experience helping organizations improve ai. At Summit Works, they partnered with business stakeholders to design and execute solutions that improved performance, workflow, and customer outcomes. improved operational efficiency by 61%. drove measurable impact across product, delivery, and customer experience. led strategic initiatives impacting 18 teams and 4308 stakeholders.

Core capabilities include Python, A/B Testing, SQL, Statistics, PyTorch, R. Proficient with MLflow, Spark, Snowflake, Jupyter. Strong background in process design, stakeholder communication, reporting, and performance optimization. They are passionate about turning business goals into action plans that deliver measurable results in fast-moving environments."
data_scientist_066,Nora Martin,Data Scientist,Data Scientist,8,"Nora Martin is a Data Scientist with 8 years of experience helping organizations improve python. At Oak & Pine, they partnered with business stakeholders to design and execute solutions that improved performance, workflow, and customer outcomes. 8 years of experience delivering python across cross-functional teams and regional partners. led strategic initiatives impacting 23 teams and 10546 stakeholders. drove measurable impact across product, delivery, and customer experience.

Core capabilities include NLP, A/B Testing, scikit-learn, Statistics, SQL, TensorFlow. Proficient with Databricks, Jupyter, Spark, Snowflake. Strong background in process design, stakeholder communication, reporting, and performance optimization. They are passionate about turning business goals into action plans that deliver measurable results in fast-moving environments."
data_scientist_067,Abigail Young,Data Scientist,Machine Learning Engineer,8,"Abigail Young is a Machine Learning Engineer with 8 years of experience helping organizations improve analysis. At Vertex Studios, they partnered with business stakeholders to design and execute solutions that improved performance, workflow, and customer outcomes. drove measurable impact across product, delivery, and customer experience. 8 years of experience delivering analysis across remote-first teams and cross-functional teams. improved operational efficiency by 21%.

Core capabilities include NLP, Time Series, A/B Testing, Python, R, SQL. Proficient with Databricks, MLflow, Spark, Jupyter. Strong background in process design, stakeholder communication, reporting, and performance optimization. They are passionate about turning business goals into action plans that deliver measurable results in fast-moving environments."
data_scientist_068,Leo Smith,Data Scientist,Machine Learning Engineer,9,"Leo Smith is a Machine Learning Engineer with 9 years of experience helping organizations improve ai. At Lakeview Health, they partnered with business stakeholders to design and execute solutions that improved performance, workflow, and customer outcomes. led strategic initiatives impacting 18 teams and 13139 stakeholders. drove measurable impact across product, delivery, and customer experience. improved operational efficiency by 31%.

Core capabilities include R, PyTorch, SQL, Time Series, scikit-learn, A/B Testing. Proficient with Airflow, Spark, Databricks, Snowflake. Strong background in process design, stakeholder communication, reporting, and performance optimization. They are passionate about turning business goals into action plans that deliver measurable results in fast-moving environments."
data_scientist_069,Noah Walker,Data Scientist,Data Scientist,3,"Noah Walker is a Data Scientist with 3 years of experience helping organizations improve analysis. At Summit Works, they partnered with business stakeholders to design and execute solutions that improved performance, workflow, and customer outcomes. improved operational efficiency by 47%. led strategic initiatives impacting 6 teams and 6904 stakeholders. drove measurable impact across product, delivery, and customer experience.

Core capabilities include A/B Testing, NLP, SQL, Statistics, TensorFlow, scikit-learn. Proficient with Jupyter, MLflow, Snowflake, Spark. Strong background in process design, stakeholder communication, reporting, and performance optimization. They are passionate about turning business goals into action plans that deliver measurable results in fast-moving environments."
data_scientist_070,David Walker,Data Scientist,Machine Learning Engineer,12,"David Walker is a Machine Learning Engineer with 12 years of experience helping organizations improve data. At Mercury Systems, they partnered with business stakeholders to design and execute solutions that improved performance, workflow, and customer outcomes. 12 years of experience delivering data across remote-first teams and enterprise clients. led strategic initiatives impacting 5 teams and 7333 stakeholders. drove measurable impact across product, delivery, and customer experience.

Core capabilities include Python, PyTorch, scikit-learn, A/B Testing, TensorFlow, NLP. Proficient with MLflow, Databricks, Airflow, Spark. Strong background in process design, stakeholder communication, reporting, and performance optimization. They are passionate about turning business goals into action plans that deliver measurable results in fast-moving environments."
data_scientist_071,Harper Garcia,Data Scientist,AI Research Analyst,5,"Harper Garcia is a AI Research Analyst with 5 years of experience helping organizations improve analysis. At NorthStar Labs, they partnered with business stakeholders to design and execute solutions that improved performance, workflow, and customer outcomes. drove measurable impact across product, delivery, and customer experience. improved operational efficiency by 56%. led strategic initiatives impacting 14 teams and 12677 stakeholders.

Core capabilities include NLP, A/B Testing, Python, Statistics, scikit-learn, Time Series. Proficient with Databricks, MLflow, Snowflake, Airflow. Strong background in process design, stakeholder communication, reporting, and performance optimization. They are passionate about turning business goals into action plans that deliver measurable results in fast-moving environments."
data_scientist_072,Isabella Thomas,Data Scientist,Machine Learning Engineer,5,"Isabella Thomas is a Machine Learning Engineer with 5 years of experience helping organizations improve model. At BrightPath Group, they partnered with business stakeholders to design and execute solutions that improved performance, workflow, and customer outcomes. drove measurable impact across product, delivery, and customer experience. improved operational efficiency by 39%. led strategic initiatives impacting 13 teams and 11495 stakeholders.

Core capabilities include TensorFlow, A/B Testing, NLP, Statistics, Python, scikit-learn. Proficient with Snowflake, Airflow, Spark, MLflow. Strong background in process design, stakeholder communication, reporting, and performance optimization. They are passionate about turning business goals into action plans that deliver measurable results in fast-moving environments."
data_scientist_073,Leo Lee,Data Scientist,Data Scientist,10,"Leo Lee is a Data Scientist with 10 years of experience helping organizations improve ai. At Evergreen Consulting, they partnered with business stakeholders to design and execute solutions that improved performance, workflow, and customer outcomes. improved operational efficiency by 42%. led strategic initiatives impacting 6 teams and 10552 stakeholders. 10 years of experience delivering ai across startup stakeholders and regional partners.

Core capabilities include PyTorch, Python, NLP, scikit-learn, SQL, R. Proficient with Spark, Jupyter, Databricks, MLflow. Strong background in process design, stakeholder communication, reporting, and performance optimization. They are passionate about turning business goals into action plans that deliver measurable results in fast-moving environments."
data_scientist_074,Aria Harris,Data Scientist,AI Research Analyst,7,"Aria Harris is a AI Research Analyst with 7 years of experience helping organizations improve python. At Signal Forge, they partnered with business stakeholders to design and execute solutions that improved performance, workflow, and customer outcomes. drove measurable impact across product, delivery, and customer experience. improved operational efficiency by 40%. led strategic initiatives impacting 12 teams and 13193 stakeholders.

Core capabilities include TensorFlow, SQL, A/B Testing, Time Series, Python, PyTorch. Proficient with MLflow, Airflow, Spark, Snowflake. Strong background in process design, stakeholder communication, reporting, and performance optimization. They are passionate about turning business goals into action plans that deliver measurable results in fast-moving environments."
data_scientist_075,Daniel Wilson,Data Scientist,AI Research Analyst,6,"Daniel Wilson is a AI Research Analyst with 6 years of experience helping organizations improve model. At BluePeak Solutions, they partnered with business stakeholders to design and execute solutions that improved performance, workflow, and customer outcomes. drove measurable impact across product, delivery, and customer experience. improved operational efficiency by 61%. 6 years of experience delivering model across regional partners and enterprise clients.

Core capabilities include R, Time Series, Python, NLP, scikit-learn, TensorFlow. Proficient with Snowflake, Spark, Jupyter, MLflow. Strong background in process design, stakeholder communication, reporting, and performance optimization. They are passionate about turning business goals into action plans that deliver measurable results in fast-moving environments."
data_scientist_076,Mason Brown,Data Scientist,Data Scientist,7,"Mason Brown is a Data Scientist with 7 years of experience helping organizations improve model. At Mercury Systems, they partnered with business stakeholders to design and execute solutions that improved performance, workflow, and customer outcomes. improved operational efficiency by 18%. 7 years of experience delivering model across remote-first teams and enterprise clients. drove measurable impact across product, delivery, and customer experience.

Core capabilities include Statistics, Time Series, SQL, A/B Testing, scikit-learn, R. Proficient with Jupyter, Databricks, Airflow, Snowflake. Strong background in process design, stakeholder communication, reporting, and performance optimization. They are passionate about turning business goals into action plans that deliver measurable results in fast-moving environments."
data_scientist_077,Joseph Martin,Data Scientist,Data Scientist,11,"Joseph Martin is a Data Scientist with 11 years of experience helping organizations improve model. At Pioneer Enterprise, they partnered with business stakeholders to design and execute solutions that improved performance, workflow, and customer outcomes. 11 years of experience delivering model across enterprise clients and remote-first teams. drove measurable impact across product, delivery, and customer experience. led strategic initiatives impacting 21 teams and 4122 stakeholders.

Core capabilities include NLP, Statistics, A/B Testing, PyTorch, Time Series, Python. Proficient with Jupyter, Snowflake, MLflow, Airflow. Strong background in process design, stakeholder communication, reporting, and performance optimization. They are passionate about turning business goals into action plans that deliver measurable results in fast-moving environments."
data_scientist_078,Elijah Garcia,Data Scientist,AI Research Analyst,7,"Elijah Garcia is a AI Research Analyst with 7 years of experience helping organizations improve analysis. At Crestline Partners, they partnered with business stakeholders to design and execute solutions that improved performance, workflow, and customer outcomes. led strategic initiatives impacting 9 teams and 6615 stakeholders. improved operational efficiency by 45%. 7 years of experience delivering analysis across startup stakeholders and remote-first teams.

Core capabilities include SQL, R, NLP, TensorFlow, Time Series, Statistics. Proficient with MLflow, Jupyter, Snowflake, Spark. Strong background in process design, stakeholder communication, reporting, and performance optimization. They are passionate about turning business goals into action plans that deliver measurable results in fast-moving environments."
data_scientist_079,Charlotte Moore,Data Scientist,Data Scientist,5,"Charlotte Moore is a Data Scientist with 5 years of experience helping organizations improve machine learning. At Evergreen Consulting, they partnered with business stakeholders to design and execute solutions that improved performance, workflow, and customer outcomes. 5 years of experience delivering machine learning across regional partners and enterprise clients. drove measurable impact across product, delivery, and customer experience. led strategic initiatives impacting 6 teams and 11845 stakeholders.

Core capabilities include SQL, PyTorch, Python, TensorFlow, NLP, R. Proficient with Jupyter, Airflow, Spark, MLflow. Strong background in process design, stakeholder communication, reporting, and performance optimization. They are passionate about turning business goals into action plans that deliver measurable results in fast-moving environments."
data_scientist_080,Noah Kim,Data Scientist,Machine Learning Engineer,9,"Noah Kim is a Machine Learning Engineer with 9 years of experience helping organizations improve model. At BrightPath Group, they partnered with business stakeholders to design and execute solutions that improved performance, workflow, and customer outcomes. improved operational efficiency by 57%. led strategic initiatives impacting 24 teams and 12480 stakeholders. 9 years of experience delivering model across regional partners and remote-first teams.

Core capabilities include R, A/B Testing, TensorFlow, PyTorch, scikit-learn, Statistics. Proficient with MLflow, Jupyter, Airflow, Spark. Strong background in process design, stakeholder communication, reporting, and performance optimization. They are passionate about turning business goals into action plans that deliver measurable results in fast-moving environments."
data_scientist_081,Luna Scott,Data Scientist,Data Scientist,6,"Luna Scott is a Data Scientist with 6 years of experience helping organizations improve data. At Oak & Pine, they partnered with business stakeholders to design and execute solutions that improved performance, workflow, and customer outcomes. improved operational efficiency by 20%. drove measurable impact across product, delivery, and customer experience. led strategic initiatives impacting 22 teams and 9132 stakeholders.

Core capabilities include R, Time Series, PyTorch, TensorFlow, Statistics, SQL. Proficient with Snowflake, MLflow, Airflow, Databricks. Strong background in process design, stakeholder communication, reporting, and performance optimization. They are passionate about turning business goals into action plans that deliver measurable results in fast-moving environments."
data_scientist_082,Jack Garcia,Data Scientist,Data Scientist,2,"Jack Garcia is a Data Scientist with 2 years of experience helping organizations improve statistics. At Harbor Analytics, they partnered with business stakeholders to design and execute solutions that improved performance, workflow, and customer outcomes. 2 years of experience delivering statistics across startup stakeholders and remote-first teams. led strategic initiatives impacting 19 teams and 1820 stakeholders. drove measurable impact across product, delivery, and customer experience.

Core capabilities include R, Statistics, Time Series, A/B Testing, Python, TensorFlow. Proficient with Jupyter, Spark, Airflow, Databricks. Strong background in process design, stakeholder communication, reporting, and performance optimization. They are passionate about turning business goals into action plans that deliver measurable results in fast-moving environments."
data_scientist_083,Abigail Taylor,Data Scientist,AI Research Analyst,7,"Abigail Taylor is a AI Research Analyst with 7 years of experience helping organizations improve model. At Evergreen Consulting, they partnered with business stakeholders to design and execute solutions that improved performance, workflow, and customer outcomes. led strategic initiatives impacting 10 teams and 2865 stakeholders. improved operational efficiency by 39%. drove measurable impact across product, delivery, and customer experience.

Core capabilities include R, Statistics, Python, Time Series, A/B Testing, scikit-learn. Proficient with Airflow, Spark, Databricks, Snowflake. Strong background in process design, stakeholder communication, reporting, and performance optimization. They are passionate about turning business goals into action plans that deliver measurable results in fast-moving environments."
data_scientist_084,Henry Moore,Data Scientist,AI Research Analyst,9,"Henry Moore is a AI Research Analyst with 9 years of experience helping organizations improve ai. At Greenline Ventures, they partnered with business stakeholders to design and execute solutions that improved performance, workflow, and customer outcomes. drove measurable impact across product, delivery, and customer experience. led strategic initiatives impacting 24 teams and 7221 stakeholders. 9 years of experience delivering ai across regional partners and startup stakeholders.

Core capabilities include NLP, SQL, R, Time Series, scikit-learn, Python. Proficient with MLflow, Jupyter, Databricks, Airflow. Strong background in process design, stakeholder communication, reporting, and performance optimization. They are passionate about turning business goals into action plans that deliver measurable results in fast-moving environments."
data_scientist_085,Sophia Harris,Data Scientist,Machine Learning Engineer,3,"Sophia Harris is a Machine Learning Engineer with 3 years of experience helping organizations improve model. At Signal Forge, they partnered with business stakeholders to design and execute solutions that improved performance, workflow, and customer outcomes. drove measurable impact across product, delivery, and customer experience. led strategic initiatives impacting 12 teams and 8895 stakeholders. improved operational efficiency by 45%.

Core capabilities include Time Series, Python, R, SQL, scikit-learn, NLP. Proficient with Jupyter, Snowflake, MLflow, Airflow. Strong background in process design, stakeholder communication, reporting, and performance optimization. They are passionate about turning business goals into action plans that deliver measurable results in fast-moving environments."
data_scientist_086,Mason Young,Data Scientist,AI Research Analyst,2,"Mason Young is a AI Research Analyst with 2 years of experience helping organizations improve data. At Signal Forge, they partnered with business stakeholders to design and execute solutions that improved performance, workflow, and customer outcomes. led strategic initiatives impacting 12 teams and 10019 stakeholders. improved operational efficiency by 50%. 2 years of experience delivering data across remote-first teams and enterprise clients.

Core capabilities include SQL, A/B Testing, Time Series, NLP, PyTorch, R. Proficient with Jupyter, Databricks, Airflow, Spark. Strong background in process design, stakeholder communication, reporting, and performance optimization. They are passionate about turning business goals into action plans that deliver measurable results in fast-moving environments."
data_scientist_087,Liam Thomas,Data Scientist,Machine Learning Engineer,14,"Liam Thomas is a Machine Learning Engineer with 14 years of experience helping organizations improve python. At Oak & Pine, they partnered with business stakeholders to design and execute solutions that improved performance, workflow, and customer outcomes. drove measurable impact across product, delivery, and customer experience. led strategic initiatives impacting 24 teams and 11142 stakeholders. 14 years of experience delivering python across enterprise clients and regional partners.

Core capabilities include Time Series, R, Statistics, PyTorch, SQL, Python. Proficient with Databricks, Jupyter, Snowflake, MLflow. Strong background in process design, stakeholder communication, reporting, and performance optimization. They are passionate about turning business goals into action plans that deliver measurable results in fast-moving environments."
data_scientist_088,David Davis,Data Scientist,Machine Learning Engineer,2,"David Davis is a Machine Learning Engineer with 2 years of experience helping organizations improve ai. At BrightPath Group, they partnered with business stakeholders to design and execute solutions that improved performance, workflow, and customer outcomes. drove measurable impact across product, delivery, and customer experience. led strategic initiatives impacting 16 teams and 14596 stakeholders. improved operational efficiency by 39%.

Core capabilities include PyTorch, Time Series, scikit-learn, TensorFlow, NLP, A/B Testing. Proficient with Databricks, Airflow, Spark, Jupyter. Strong background in process design, stakeholder communication, reporting, and performance optimization. They are passionate about turning business goals into action plans that deliver measurable results in fast-moving environments."
data_scientist_089,Olivia Nguyen,Data Scientist,Data Scientist,9,"Olivia Nguyen is a Data Scientist with 9 years of experience helping organizations improve machine learning. At BluePeak Solutions, they partnered with business stakeholders to design and execute solutions that improved performance, workflow, and customer outcomes. 9 years of experience delivering machine learning across remote-first teams and enterprise clients. improved operational efficiency by 66%. drove measurable impact across product, delivery, and customer experience.

Core capabilities include NLP, R, TensorFlow, Time Series, A/B Testing, scikit-learn. Proficient with Jupyter, Databricks, MLflow, Snowflake. Strong background in process design, stakeholder communication, reporting, and performance optimization. They are passionate about turning business goals into action plans that deliver measurable results in fast-moving environments."
data_scientist_090,Matthew Walker,Data Scientist,Data Scientist,9,"Matthew Walker is a Data Scientist with 9 years of experience helping organizations improve data. At Nova Metrics, they partnered with business stakeholders to design and execute solutions that improved performance, workflow, and customer outcomes. drove measurable impact across product, delivery, and customer experience. led strategic initiatives impacting 24 teams and 10931 stakeholders. improved operational efficiency by 60%.

Core capabilities include A/B Testing, Python, NLP, Time Series, TensorFlow, PyTorch. Proficient with Snowflake, MLflow, Spark, Airflow. Strong background in process design, stakeholder communication, reporting, and performance optimization. They are passionate about turning business goals into action plans that deliver measurable results in fast-moving environments."
data_scientist_091,Grace Scott,Data Scientist,AI Research Analyst,14,"Grace Scott is a AI Research Analyst with 14 years of experience helping organizations improve machine learning. At Validus Capital, they partnered with business stakeholders to design and execute solutions that improved performance, workflow, and customer outcomes. drove measurable impact across product, delivery, and customer experience. led strategic initiatives impacting 11 teams and 11226 stakeholders. improved operational efficiency by 30%.

Core capabilities include TensorFlow, NLP, scikit-learn, SQL, PyTorch, R. Proficient with MLflow, Databricks, Airflow, Snowflake. Strong background in process design, stakeholder communication, reporting, and performance optimization. They are passionate about turning business goals into action plans that deliver measurable results in fast-moving environments."
data_scientist_092,Sophia Johnson,Data Scientist,AI Research Analyst,10,"Sophia Johnson is a AI Research Analyst with 10 years of experience helping organizations improve statistics. At NorthStar Labs, they partnered with business stakeholders to design and execute solutions that improved performance, workflow, and customer outcomes. 10 years of experience delivering statistics across regional partners and enterprise clients. drove measurable impact across product, delivery, and customer experience. led strategic initiatives impacting 17 teams and 3381 stakeholders.

Core capabilities include scikit-learn, R, Statistics, TensorFlow, PyTorch, NLP. Proficient with Snowflake, Databricks, Airflow, MLflow. Strong background in process design, stakeholder communication, reporting, and performance optimization. They are passionate about turning business goals into action plans that deliver measurable results in fast-moving environments."
data_scientist_093,Amelia Wilson,Data Scientist,Data Scientist,6,"Amelia Wilson is a Data Scientist with 6 years of experience helping organizations improve statistics. At BrightPath Group, they partnered with business stakeholders to design and execute solutions that improved performance, workflow, and customer outcomes. led strategic initiatives impacting 25 teams and 10195 stakeholders. 6 years of experience delivering statistics across regional partners and cross-functional teams. improved operational efficiency by 65%.

Core capabilities include TensorFlow, SQL, Python, scikit-learn, A/B Testing, R. Proficient with Snowflake, Jupyter, Airflow, MLflow. Strong background in process design, stakeholder communication, reporting, and performance optimization. They are passionate about turning business goals into action plans that deliver measurable results in fast-moving environments."
data_scientist_094,Noah Moore,Data Scientist,Machine Learning Engineer,8,"Noah Moore is a Machine Learning Engineer with 8 years of experience helping organizations improve ai. At Pioneer Enterprise, they partnered with business stakeholders to design and execute solutions that improved performance, workflow, and customer outcomes. led strategic initiatives impacting 11 teams and 5819 stakeholders. 8 years of experience delivering ai across regional partners and cross-functional teams. drove measurable impact across product, delivery, and customer experience.

Core capabilities include scikit-learn, A/B Testing, Python, Time Series, Statistics, SQL. Proficient with MLflow, Snowflake, Databricks, Jupyter. Strong background in process design, stakeholder communication, reporting, and performance optimization. They are passionate about turning business goals into action plans that deliver measurable results in fast-moving environments."
data_scientist_095,James Johnson,Data Scientist,AI Research Analyst,10,"James Johnson is a AI Research Analyst with 10 years of experience helping organizations improve data. At Signal Forge, they partnered with business stakeholders to design and execute solutions that improved performance, workflow, and customer outcomes. 10 years of experience delivering data across startup stakeholders and cross-functional teams. drove measurable impact across product, delivery, and customer experience. improved operational efficiency by 20%.

Core capabilities include NLP, Python, Statistics, SQL, TensorFlow, Time Series. Proficient with MLflow, Spark, Airflow, Jupyter. Strong background in process design, stakeholder communication, reporting, and performance optimization. They are passionate about turning business goals into action plans that deliver measurable results in fast-moving environments."
data_scientist_096,Joseph Allen,Data Scientist,AI Research Analyst,7,"Joseph Allen is a AI Research Analyst with 7 years of experience helping organizations improve data. At Validus Capital, they partnered with business stakeholders to design and execute solutions that improved performance, workflow, and customer outcomes. drove measurable impact across product, delivery, and customer experience. improved operational efficiency by 40%. led strategic initiatives impacting 12 teams and 4495 stakeholders.

Core capabilities include scikit-learn, A/B Testing, PyTorch, R, TensorFlow, Python. Proficient with Snowflake, MLflow, Databricks, Airflow. Strong background in process design, stakeholder communication, reporting, and performance optimization. They are passionate about turning business goals into action plans that deliver measurable results in fast-moving environments."
data_scientist_097,Abigail Lee,Data Scientist,AI Research Analyst,10,"Abigail Lee is a AI Research Analyst with 10 years of experience helping organizations improve model. At Signal Forge, they partnered with business stakeholders to design and execute solutions that improved performance, workflow, and customer outcomes. drove measurable impact across product, delivery, and customer experience. 10 years of experience delivering model across startup stakeholders and enterprise clients. improved operational efficiency by 42%.

Core capabilities include A/B Testing, Python, R, scikit-learn, SQL, PyTorch. Proficient with MLflow, Snowflake, Spark, Jupyter. Strong background in process design, stakeholder communication, reporting, and performance optimization. They are passionate about turning business goals into action plans that deliver measurable results in fast-moving environments."
data_scientist_098,Luna Walker,Data Scientist,Machine Learning Engineer,9,"Luna Walker is a Machine Learning Engineer with 9 years of experience helping organizations improve data. At Lakeview Health, they partnered with business stakeholders to design and execute solutions that improved performance, workflow, and customer outcomes. 9 years of experience delivering data across cross-functional teams and regional partners. led strategic initiatives impacting 18 teams and 14691 stakeholders. improved operational efficiency by 61%.

Core capabilities include TensorFlow, PyTorch, scikit-learn, Statistics, Python, Time Series. Proficient with MLflow, Snowflake, Jupyter, Airflow. Strong background in process design, stakeholder communication, reporting, and performance optimization. They are passionate about turning business goals into action plans that deliver measurable results in fast-moving environments."
data_scientist_099,Emma Brown,Data Scientist,Data Scientist,9,"Emma Brown is a Data Scientist with 9 years of experience helping organizations improve statistics. At Harbor Analytics, they partnered with business stakeholders to design and execute solutions that improved performance, workflow, and customer outcomes. led strategic initiatives impacting 19 teams and 11325 stakeholders. improved operational efficiency by 42%. drove measurable impact across product, delivery, and customer experience.

Core capabilities include scikit-learn, Python, R, A/B Testing, NLP, Time Series. Proficient with Airflow, Snowflake, Jupyter, Spark. Strong background in process design, stakeholder communication, reporting, and performance optimization. They are passionate about turning business goals into action plans that deliver measurable results in fast-moving environments."
product_manager_000,Lucas Moore,Product Manager,Growth Product Manager,3,"Lucas Moore is a Growth Product Manager with 3 years of experience helping organizations improve growth. At BrightPath Group, they partnered with business stakeholders to design and execute solutions that improved performance, workflow, and customer outcomes. led strategic initiatives impacting 7 teams and 5612 stakeholders. improved operational efficiency by 56%. drove measurable impact across product, delivery, and customer experience.

Core capabilities include Roadmapping, Stakeholder Management, Sprint Planning, A/B Testing, SQL, Prioritization. Proficient with Tableau, Jira, Mixpanel, Notion. Strong background in process design, stakeholder communication, reporting, and performance optimization. They are passionate about turning business goals into action plans that deliver measurable results in fast-moving environments."
product_manager_001,Lucas Harris,Product Manager,Product Manager,10,"Lucas Harris is a Product Manager with 10 years of experience helping organizations improve roadmap. At Validus Capital, they partnered with business stakeholders to design and execute solutions that improved performance, workflow, and customer outcomes. led strategic initiatives impacting 5 teams and 10383 stakeholders. drove measurable impact across product, delivery, and customer experience. 10 years of experience delivering roadmap across cross-functional teams and enterprise clients.

Core capabilities include Analytics, Sprint Planning, Strategy, SQL, Prioritization, Stakeholder Management. Proficient with Mixpanel, Tableau, Jira, Figma. Strong background in process design, stakeholder communication, reporting, and performance optimization. They are passionate about turning business goals into action plans that deliver measurable results in fast-moving environments."
product_manager_002,Leo Lee,Product Manager,Growth Product Manager,13,"Leo Lee is a Growth Product Manager with 13 years of experience helping organizations improve strategy. At Evergreen Consulting, they partnered with business stakeholders to design and execute solutions that improved performance, workflow, and customer outcomes. 13 years of experience delivering strategy across cross-functional teams and enterprise clients. drove measurable impact across product, delivery, and customer experience. improved operational efficiency by 29%.

Core capabilities include A/B Testing, User Research, Strategy, Prioritization, SQL, Stakeholder Management. Proficient with Amplitude, Tableau, Figma, Mixpanel. Strong background in process design, stakeholder communication, reporting, and performance optimization. They are passionate about turning business goals into action plans that deliver measurable results in fast-moving environments."
product_manager_003,Sebastian Martin,Product Manager,Senior Product Manager,12,"Sebastian Martin is a Senior Product Manager with 12 years of experience helping organizations improve product. At Harbor Analytics, they partnered with business stakeholders to design and execute solutions that improved performance, workflow, and customer outcomes. drove measurable impact across product, delivery, and customer experience. improved operational efficiency by 57%. led strategic initiatives impacting 7 teams and 4170 stakeholders.

Core capabilities include SQL, Stakeholder Management, Strategy, A/B Testing, Prioritization, User Research. Proficient with Mixpanel, Tableau, Amplitude, Figma. Strong background in process design, stakeholder communication, reporting, and performance optimization. They are passionate about turning business goals into action plans that deliver measurable results in fast-moving environments."
product_manager_004,Jack Scott,Product Manager,Growth Product Manager,6,"Jack Scott is a Growth Product Manager with 6 years of experience helping organizations improve strategy. At Oak & Pine, they partnered with business stakeholders to design and execute solutions that improved performance, workflow, and customer outcomes. led strategic initiatives impacting 15 teams and 8863 stakeholders. improved operational efficiency by 26%. drove measurable impact across product, delivery, and customer experience.

Core capabilities include Analytics, A/B Testing, Sprint Planning, Prioritization, User Research, Stakeholder Management. Proficient with Jira, Mixpanel, Amplitude, Tableau. Strong background in process design, stakeholder communication, reporting, and performance optimization. They are passionate about turning business goals into action plans that deliver measurable results in fast-moving environments."
product_manager_005,Leo Harris,Product Manager,Growth Product Manager,3,"Leo Harris is a Growth Product Manager with 3 years of experience helping organizations improve roadmap. At EchoWorks, they partnered with business stakeholders to design and execute solutions that improved performance, workflow, and customer outcomes. 3 years of experience delivering roadmap across enterprise clients and startup stakeholders. drove measurable impact across product, delivery, and customer experience. improved operational efficiency by 67%.

Core capabilities include Stakeholder Management, SQL, Sprint Planning, Prioritization, Strategy, A/B Testing. Proficient with Mixpanel, Jira, Figma, Notion. Strong background in process design, stakeholder communication, reporting, and performance optimization. They are passionate about turning business goals into action plans that deliver measurable results in fast-moving environments."
product_manager_006,Aria Young,Product Manager,Senior Product Manager,12,"Aria Young is a Senior Product Manager with 12 years of experience helping organizations improve prioritization. At Pioneer Enterprise, they partnered with business stakeholders to design and execute solutions that improved performance, workflow, and customer outcomes. improved operational efficiency by 60%. drove measurable impact across product, delivery, and customer experience. 12 years of experience delivering prioritization across regional partners and enterprise clients.

Core capabilities include Analytics, A/B Testing, User Research, Stakeholder Management, SQL, Prioritization. Proficient with Amplitude, Notion, Jira, Tableau. Strong background in process design, stakeholder communication, reporting, and performance optimization. They are passionate about turning business goals into action plans that deliver measurable results in fast-moving environments."
product_manager_007,Chloe Johnson,Product Manager,Product Manager,11,"Chloe Johnson is a Product Manager with 11 years of experience helping organizations improve growth. At Harbor Analytics, they partnered with business stakeholders to design and execute solutions that improved performance, workflow, and customer outcomes. led strategic initiatives impacting 16 teams and 7358 stakeholders. improved operational efficiency by 51%. 11 years of experience delivering growth across enterprise clients and cross-functional teams.

Core capabilities include Analytics, Strategy, Prioritization, Roadmapping, Stakeholder Management, User Research. Proficient with Amplitude, Jira, Mixpanel, Tableau. Strong background in process design, stakeholder communication, reporting, and performance optimization. They are passionate about turning business goals into action plans that deliver measurable results in fast-moving environments."
product_manager_008,Mia Davis,Product Manager,Product Manager,13,"Mia Davis is a Product Manager with 13 years of experience helping organizations improve growth. At Lakeview Health, they partnered with business stakeholders to design and execute solutions that improved performance, workflow, and customer outcomes. led strategic initiatives impacting 12 teams and 9460 stakeholders. improved operational efficiency by 42%. drove measurable impact across product, delivery, and customer experience.

Core capabilities include SQL, Prioritization, Strategy, Sprint Planning, A/B Testing, Stakeholder Management. Proficient with Notion, Tableau, Mixpanel, Figma. Strong background in process design, stakeholder communication, reporting, and performance optimization. They are passionate about turning business goals into action plans that deliver measurable results in fast-moving environments."
product_manager_009,Joseph Harris,Product Manager,Growth Product Manager,2,"Joseph Harris is a Growth Product Manager with 2 years of experience helping organizations improve growth. At Pioneer Enterprise, they partnered with business stakeholders to design and execute solutions that improved performance, workflow, and customer outcomes. drove measurable impact across product, delivery, and customer experience. led strategic initiatives impacting 12 teams and 7793 stakeholders. 2 years of experience delivering growth across regional partners and enterprise clients.

Core capabilities include Analytics, Strategy, Stakeholder Management, Sprint Planning, Roadmapping, Prioritization. Proficient with Amplitude, Tableau, Figma, Jira. Strong background in process design, stakeholder communication, reporting, and performance optimization. They are passionate about turning business goals into action plans that deliver measurable results in fast-moving environments."
product_manager_010,Scarlett Harris,Product Manager,Senior Product Manager,5,"Scarlett Harris is a Senior Product Manager with 5 years of experience helping organizations improve growth. At EchoWorks, they partnered with business stakeholders to design and execute solutions that improved performance, workflow, and customer outcomes. improved operational efficiency by 21%. drove measurable impact across product, delivery, and customer experience. led strategic initiatives impacting 10 teams and 5231 stakeholders.

Core capabilities include Analytics, Sprint Planning, Roadmapping, Stakeholder Management, Strategy, A/B Testing. Proficient with Figma, Tableau, Amplitude, Jira. Strong background in process design, stakeholder communication, reporting, and performance optimization. They are passionate about turning business goals into action plans that deliver measurable results in fast-moving environments."
product_manager_011,Avery Allen,Product Manager,Growth Product Manager,2,"Avery Allen is a Growth Product Manager with 2 years of experience helping organizations improve strategy. At Horizon One, they partnered with business stakeholders to design and execute solutions that improved performance, workflow, and customer outcomes. improved operational efficiency by 57%. drove measurable impact across product, delivery, and customer experience. led strategic initiatives impacting 21 teams and 5333 stakeholders.

Core capabilities include SQL, Stakeholder Management, Strategy, User Research, Prioritization, A/B Testing. Proficient with Notion, Amplitude, Figma, Tableau. Strong background in process design, stakeholder communication, reporting, and performance optimization. They are passionate about turning business goals into action plans that deliver measurable results in fast-moving environments."
product_manager_012,David Scott,Product Manager,Growth Product Manager,3,"David Scott is a Growth Product Manager with 3 years of experience helping organizations improve roadmap. At Horizon One, they partnered with business stakeholders to design and execute solutions that improved performance, workflow, and customer outcomes. 3 years of experience delivering roadmap across enterprise clients and cross-functional teams. drove measurable impact across product, delivery, and customer experience. led strategic initiatives impacting 24 teams and 10827 stakeholders.

Core capabilities include Sprint Planning, Prioritization, Stakeholder Management, Roadmapping, A/B Testing, Strategy. Proficient with Figma, Tableau, Notion, Jira. Strong background in process design, stakeholder communication, reporting, and performance optimization. They are passionate about turning business goals into action plans that deliver measurable results in fast-moving environments."
product_manager_013,Liam Harris,Product Manager,Growth Product Manager,4,"Liam Harris is a Growth Product Manager with 4 years of experience helping organizations improve growth. At Greenline Ventures, they partnered with business stakeholders to design and execute solutions that improved performance, workflow, and customer outcomes. led strategic initiatives impacting 23 teams and 2600 stakeholders. 4 years of experience delivering growth across startup stakeholders and remote-first teams. improved operational efficiency by 55%.

Core capabilities include Prioritization, Roadmapping, Sprint Planning, A/B Testing, User Research, SQL. Proficient with Mixpanel, Jira, Notion, Figma. Strong background in process design, stakeholder communication, reporting, and performance optimization. They are passionate about turning business goals into action plans that deliver measurable results in fast-moving environments."
product_manager_014,Scarlett Garcia,Product Manager,Product Manager,6,"Scarlett Garcia is a Product Manager with 6 years of experience helping organizations improve growth. At NorthStar Labs, they partnered with business stakeholders to design and execute solutions that improved performance, workflow, and customer outcomes. drove measurable impact across product, delivery, and customer experience. 6 years of experience delivering growth across startup stakeholders and cross-functional teams. led strategic initiatives impacting 15 teams and 7698 stakeholders.

Core capabilities include Prioritization, Sprint Planning, Analytics, Stakeholder Management, Roadmapping, SQL. Proficient with Figma, Tableau, Jira, Mixpanel. Strong background in process design, stakeholder communication, reporting, and performance optimization. They are passionate about turning business goals into action plans that deliver measurable results in fast-moving environments."
product_manager_015,Alexander Allen,Product Manager,Senior Product Manager,6,"Alexander Allen is a Senior Product Manager with 6 years of experience helping organizations improve prioritization. At Validus Capital, they partnered with business stakeholders to design and execute solutions that improved performance, workflow, and customer outcomes. led strategic initiatives impacting 16 teams and 10160 stakeholders. improved operational efficiency by 29%. drove measurable impact across product, delivery, and customer experience.

Core capabilities include Prioritization, Sprint Planning, SQL, Analytics, Strategy, A/B Testing. Proficient with Tableau, Notion, Amplitude, Figma. Strong background in process design, stakeholder communication, reporting, and performance optimization. They are passionate about turning business goals into action plans that deliver measurable results in fast-moving environments."
product_manager_016,Hannah Taylor,Product Manager,Growth Product Manager,8,"Hannah Taylor is a Growth Product Manager with 8 years of experience helping organizations improve strategy. At Validus Capital, they partnered with business stakeholders to design and execute solutions that improved performance, workflow, and customer outcomes. 8 years of experience delivering strategy across regional partners and enterprise clients. led strategic initiatives impacting 17 teams and 11418 stakeholders. drove measurable impact across product, delivery, and customer experience.

Core capabilities include Analytics, Stakeholder Management, A/B Testing, Strategy, User Research, Sprint Planning. Proficient with Jira, Amplitude, Notion, Figma. Strong background in process design, stakeholder communication, reporting, and performance optimization. They are passionate about turning business goals into action plans that deliver measurable results in fast-moving environments."
product_manager_017,Scarlett Scott,Product Manager,Senior Product Manager,3,"Scarlett Scott is a Senior Product Manager with 3 years of experience helping organizations improve product. At EchoWorks, they partnered with business stakeholders to design and execute solutions that improved performance, workflow, and customer outcomes. led strategic initiatives impacting 10 teams and 11490 stakeholders. improved operational efficiency by 67%. 3 years of experience delivering product across remote-first teams and enterprise clients.

Core capabilities include SQL, User Research, Analytics, Roadmapping, Prioritization, A/B Testing. Proficient with Tableau, Notion, Figma, Mixpanel. Strong background in process design, stakeholder communication, reporting, and performance optimization. They are passionate about turning business goals into action plans that deliver measurable results in fast-moving environments."
product_manager_018,Amelia Walker,Product Manager,Senior Product Manager,5,"Amelia Walker is a Senior Product Manager with 5 years of experience helping organizations improve product. At Evergreen Consulting, they partnered with business stakeholders to design and execute solutions that improved performance, workflow, and customer outcomes. improved operational efficiency by 60%. drove measurable impact across product, delivery, and customer experience. 5 years of experience delivering product across startup stakeholders and remote-first teams.

Core capabilities include Prioritization, User Research, SQL, Stakeholder Management, Roadmapping, Analytics. Proficient with Amplitude, Jira, Tableau, Figma. Strong background in process design, stakeholder communication, reporting, and performance optimization. They are passionate about turning business goals into action plans that deliver measurable results in fast-moving environments."
product_manager_019,Emma Martin,Product Manager,Growth Product Manager,6,"Emma Martin is a Growth Product Manager with 6 years of experience helping organizations improve strategy. At Mercury Systems, they partnered with business stakeholders to design and execute solutions that improved performance, workflow, and customer outcomes. drove measurable impact across product, delivery, and customer experience. improved operational efficiency by 53%. 6 years of experience delivering strategy across startup stakeholders and enterprise clients.

Core capabilities include Prioritization, A/B Testing, Analytics, Sprint Planning, Stakeholder Management, SQL. Proficient with Notion, Tableau, Jira, Amplitude. Strong background in process design, stakeholder communication, reporting, and performance optimization. They are passionate about turning business goals into action plans that deliver measurable results in fast-moving environments."
product_manager_020,Luna Wilson,Product Manager,Growth Product Manager,14,"Luna Wilson is a Growth Product Manager with 14 years of experience helping organizations improve growth. At NorthStar Labs, they partnered with business stakeholders to design and execute solutions that improved performance, workflow, and customer outcomes. improved operational efficiency by 34%. drove measurable impact across product, delivery, and customer experience. 14 years of experience delivering growth across startup stakeholders and enterprise clients.

Core capabilities include SQL, Strategy, User Research, Prioritization, Sprint Planning, Stakeholder Management. Proficient with Mixpanel, Notion, Figma, Tableau. Strong background in process design, stakeholder communication, reporting, and performance optimization. They are passionate about turning business goals into action plans that deliver measurable results in fast-moving environments."
product_manager_021,Nora Jackson,Product Manager,Senior Product Manager,10,"Nora Jackson is a Senior Product Manager with 10 years of experience helping organizations improve growth. At Mercury Systems, they partnered with business stakeholders to design and execute solutions that improved performance, workflow, and customer outcomes. drove measurable impact across product, delivery, and customer experience. 10 years of experience delivering growth across startup stakeholders and remote-first teams. led strategic initiatives impacting 11 teams and 10399 stakeholders.

Core capabilities include Roadmapping, SQL, Stakeholder Management, Analytics, Prioritization, User Research. Proficient with Tableau, Mixpanel, Jira, Figma. Strong background in process design, stakeholder communication, reporting, and performance optimization. They are passionate about turning business goals into action plans that deliver measurable results in fast-moving environments."
product_manager_022,Joseph Lee,Product Manager,Product Manager,13,"Joseph Lee is a Product Manager with 13 years of experience helping organizations improve roadmap. At Greenline Ventures, they partnered with business stakeholders to design and execute solutions that improved performance, workflow, and customer outcomes. led strategic initiatives impacting 22 teams and 1692 stakeholders. improved operational efficiency by 66%. drove measurable impact across product, delivery, and customer experience.

Core capabilities include SQL, User Research, Stakeholder Management, Sprint Planning, A/B Testing, Analytics. Proficient with Amplitude, Jira, Figma, Notion. Strong background in process design, stakeholder communication, reporting, and performance optimization. They are passionate about turning business goals into action plans that deliver measurable results in fast-moving environments."
product_manager_023,Joseph Allen,Product Manager,Senior Product Manager,9,"Joseph Allen is a Senior Product Manager with 9 years of experience helping organizations improve roadmap. At Validus Capital, they partnered with business stakeholders to design and execute solutions that improved performance, workflow, and customer outcomes. 9 years of experience delivering roadmap across enterprise clients and remote-first teams. drove measurable impact across product, delivery, and customer experience. improved operational efficiency by 43%.

Core capabilities include Prioritization, SQL, User Research, Stakeholder Management, Strategy, A/B Testing. Proficient with Jira, Figma, Notion, Amplitude. Strong background in process design, stakeholder communication, reporting, and performance optimization. They are passionate about turning business goals into action plans that deliver measurable results in fast-moving environments."
product_manager_024,Nora Patel,Product Manager,Product Manager,12,"Nora Patel is a Product Manager with 12 years of experience helping organizations improve roadmap. At Evergreen Consulting, they partnered with business stakeholders to design and execute solutions that improved performance, workflow, and customer outcomes. led strategic initiatives impacting 10 teams and 9171 stakeholders. 12 years of experience delivering roadmap across startup stakeholders and remote-first teams. improved operational efficiency by 41%.

Core capabilities include Sprint Planning, Stakeholder Management, Analytics, Prioritization, SQL, A/B Testing. Proficient with Amplitude, Figma, Mixpanel, Jira. Strong background in process design, stakeholder communication, reporting, and performance optimization. They are passionate about turning business goals into action plans that deliver measurable results in fast-moving environments."
product_manager_025,Daniel Taylor,Product Manager,Senior Product Manager,6,"Daniel Taylor is a Senior Product Manager with 6 years of experience helping organizations improve analytics. At Oak & Pine, they partnered with business stakeholders to design and execute solutions that improved performance, workflow, and customer outcomes. 6 years of experience delivering analytics across startup stakeholders and cross-functional teams. led strategic initiatives impacting 9 teams and 8749 stakeholders. improved operational efficiency by 27%.

Core capabilities include Analytics, Prioritization, SQL, A/B Testing, Stakeholder Management, Roadmapping. Proficient with Tableau, Mixpanel, Amplitude, Figma. Strong background in process design, stakeholder communication, reporting, and performance optimization. They are passionate about turning business goals into action plans that deliver measurable results in fast-moving environments."
product_manager_026,Joseph Brown,Product Manager,Growth Product Manager,10,"Joseph Brown is a Growth Product Manager with 10 years of experience helping organizations improve growth. At BluePeak Solutions, they partnered with business stakeholders to design and execute solutions that improved performance, workflow, and customer outcomes. drove measurable impact across product, delivery, and customer experience. improved operational efficiency by 58%. led strategic initiatives impacting 8 teams and 8370 stakeholders.

Core capabilities include A/B Testing, Strategy, Analytics, Sprint Planning, SQL, Roadmapping. Proficient with Notion, Jira, Amplitude, Figma. Strong background in process design, stakeholder communication, reporting, and performance optimization. They are passionate about turning business goals into action plans that deliver measurable results in fast-moving environments."
product_manager_027,Daniel Young,Product Manager,Growth Product Manager,14,"Daniel Young is a Growth Product Manager with 14 years of experience helping organizations improve customer. At Pioneer Enterprise, they partnered with business stakeholders to design and execute solutions that improved performance, workflow, and customer outcomes. led strategic initiatives impacting 19 teams and 2284 stakeholders. drove measurable impact across product, delivery, and customer experience. improved operational efficiency by 67%.

Core capabilities include A/B Testing, Roadmapping, User Research, Strategy, Analytics, Stakeholder Management. Proficient with Figma, Tableau, Amplitude, Notion. Strong background in process design, stakeholder communication, reporting, and performance optimization. They are passionate about turning business goals into action plans that deliver measurable results in fast-moving environments."
product_manager_028,David Brown,Product Manager,Product Manager,12,"David Brown is a Product Manager with 12 years of experience helping organizations improve prioritization. At Harbor Analytics, they partnered with business stakeholders to design and execute solutions that improved performance, workflow, and customer outcomes. drove measurable impact across product, delivery, and customer experience. led strategic initiatives impacting 14 teams and 12639 stakeholders. improved operational efficiency by 59%.

Core capabilities include A/B Testing, Sprint Planning, Prioritization, SQL, Strategy, User Research. Proficient with Jira, Tableau, Amplitude, Notion. Strong background in process design, stakeholder communication, reporting, and performance optimization. They are passionate about turning business goals into action plans that deliver measurable results in fast-moving environments."
product_manager_029,Henry Thomas,Product Manager,Senior Product Manager,13,"Henry Thomas is a Senior Product Manager with 13 years of experience helping organizations improve growth. At Lakeview Health, they partnered with business stakeholders to design and execute solutions that improved performance, workflow, and customer outcomes. 13 years of experience delivering growth across cross-functional teams and regional partners. improved operational efficiency by 43%. led strategic initiatives impacting 8 teams and 2565 stakeholders.

Core capabilities include Prioritization, Strategy, User Research, Stakeholder Management, A/B Testing, Roadmapping. Proficient with Amplitude, Tableau, Mixpanel, Notion. Strong background in process design, stakeholder communication, reporting, and performance optimization. They are passionate about turning business goals into action plans that deliver measurable results in fast-moving environments."
product_manager_030,Lucas Moore,Product Manager,Growth Product Manager,14,"Lucas Moore is a Growth Product Manager with 14 years of experience helping organizations improve product. At Crestline Partners, they partnered with business stakeholders to design and execute solutions that improved performance, workflow, and customer outcomes. improved operational efficiency by 26%. 14 years of experience delivering product across startup stakeholders and cross-functional teams. drove measurable impact across product, delivery, and customer experience.

Core capabilities include Stakeholder Management, SQL, Strategy, Prioritization, Roadmapping, User Research. Proficient with Mixpanel, Amplitude, Figma, Tableau. Strong background in process design, stakeholder communication, reporting, and performance optimization. They are passionate about turning business goals into action plans that deliver measurable results in fast-moving environments."
product_manager_031,Isabella Davis,Product Manager,Senior Product Manager,9,"Isabella Davis is a Senior Product Manager with 9 years of experience helping organizations improve prioritization. At PrimeCore, they partnered with business stakeholders to design and execute solutions that improved performance, workflow, and customer outcomes. improved operational efficiency by 40%. 9 years of experience delivering prioritization across startup stakeholders and remote-first teams. led strategic initiatives impacting 20 teams and 9841 stakeholders.

Core capabilities include Prioritization, SQL, Strategy, User Research, Stakeholder Management, Sprint Planning. Proficient with Figma, Tableau, Notion, Mixpanel. Strong background in process design, stakeholder communication, reporting, and performance optimization. They are passionate about turning business goals into action plans that deliver measurable results in fast-moving environments."
product_manager_032,Leo Taylor,Product Manager,Senior Product Manager,6,"Leo Taylor is a Senior Product Manager with 6 years of experience helping organizations improve roadmap. At Greenline Ventures, they partnered with business stakeholders to design and execute solutions that improved performance, workflow, and customer outcomes. drove measurable impact across product, delivery, and customer experience. led strategic initiatives impacting 18 teams and 14073 stakeholders. 6 years of experience delivering roadmap across startup stakeholders and remote-first teams.

Core capabilities include SQL, Roadmapping, Strategy, Prioritization, Stakeholder Management, Analytics. Proficient with Mixpanel, Notion, Jira, Tableau. Strong background in process design, stakeholder communication, reporting, and performance optimization. They are passionate about turning business goals into action plans that deliver measurable results in fast-moving environments."
product_manager_033,Ava Young,Product Manager,Senior Product Manager,5,"Ava Young is a Senior Product Manager with 5 years of experience helping organizations improve analytics. At Oak & Pine, they partnered with business stakeholders to design and execute solutions that improved performance, workflow, and customer outcomes. drove measurable impact across product, delivery, and customer experience. improved operational efficiency by 36%. 5 years of experience delivering analytics across cross-functional teams and remote-first teams.

Core capabilities include Prioritization, Sprint Planning, User Research, Stakeholder Management, A/B Testing, Strategy. Proficient with Notion, Amplitude, Mixpanel, Jira. Strong background in process design, stakeholder communication, reporting, and performance optimization. They are passionate about turning business goals into action plans that deliver measurable results in fast-moving environments."
product_manager_034,Emma Johnson,Product Manager,Product Manager,6,"Emma Johnson is a Product Manager with 6 years of experience helping organizations improve product. At Summit Works, they partnered with business stakeholders to design and execute solutions that improved performance, workflow, and customer outcomes. drove measurable impact across product, delivery, and customer experience. 6 years of experience delivering product across regional partners and enterprise clients. improved operational efficiency by 29%.

Core capabilities include Strategy, Prioritization, Analytics, A/B Testing, SQL, User Research. Proficient with Amplitude, Mixpanel, Jira, Notion. Strong background in process design, stakeholder communication, reporting, and performance optimization. They are passionate about turning business goals into action plans that deliver measurable results in fast-moving environments."
product_manager_035,Ava Garcia,Product Manager,Product Manager,4,"Ava Garcia is a Product Manager with 4 years of experience helping organizations improve product. At Lakeview Health, they partnered with business stakeholders to design and execute solutions that improved performance, workflow, and customer outcomes. led strategic initiatives impacting 17 teams and 2169 stakeholders. 4 years of experience delivering product across cross-functional teams and enterprise clients. drove measurable impact across product, delivery, and customer experience.

Core capabilities include Strategy, User Research, Analytics, Prioritization, Sprint Planning, A/B Testing. Proficient with Mixpanel, Notion, Jira, Amplitude. Strong background in process design, stakeholder communication, reporting, and performance optimization. They are passionate about turning business goals into action plans that deliver measurable results in fast-moving environments."
product_manager_036,Evelyn Moore,Product Manager,Product Manager,3,"Evelyn Moore is a Product Manager with 3 years of experience helping organizations improve prioritization. At BluePeak Solutions, they partnered with business stakeholders to design and execute solutions that improved performance, workflow, and customer outcomes. improved operational efficiency by 61%. drove measurable impact across product, delivery, and customer experience. 3 years of experience delivering prioritization across startup stakeholders and regional partners.

Core capabilities include User Research, Sprint Planning, Strategy, Prioritization, Stakeholder Management, Roadmapping. Proficient with Amplitude, Notion, Jira, Mixpanel. Strong background in process design, stakeholder communication, reporting, and performance optimization. They are passionate about turning business goals into action plans that deliver measurable results in fast-moving environments."
product_manager_037,Sebastian Walker,Product Manager,Product Manager,6,"Sebastian Walker is a Product Manager with 6 years of experience helping organizations improve analytics. At Mercury Systems, they partnered with business stakeholders to design and execute solutions that improved performance, workflow, and customer outcomes. 6 years of experience delivering analytics across remote-first teams and enterprise clients. drove measurable impact across product, delivery, and customer experience. improved operational efficiency by 43%.

Core capabilities include SQL, User Research, Analytics, Roadmapping, Stakeholder Management, A/B Testing. Proficient with Amplitude, Notion, Mixpanel, Jira. Strong background in process design, stakeholder communication, reporting, and performance optimization. They are passionate about turning business goals into action plans that deliver measurable results in fast-moving environments."
product_manager_038,Avery Brown,Product Manager,Senior Product Manager,14,"Avery Brown is a Senior Product Manager with 14 years of experience helping organizations improve product. At Nova Metrics, they partnered with business stakeholders to design and execute solutions that improved performance, workflow, and customer outcomes. drove measurable impact across product, delivery, and customer experience. led strategic initiatives impacting 20 teams and 4812 stakeholders. improved operational efficiency by 26%.

Core capabilities include User Research, Analytics, Prioritization, Roadmapping, SQL, Strategy. Proficient with Tableau, Jira, Figma, Amplitude. Strong background in process design, stakeholder communication, reporting, and performance optimization. They are passionate about turning business goals into action plans that deliver measurable results in fast-moving environments."
product_manager_039,Chloe Lee,Product Manager,Product Manager,13,"Chloe Lee is a Product Manager with 13 years of experience helping organizations improve analytics. At PrimeCore, they partnered with business stakeholders to design and execute solutions that improved performance, workflow, and customer outcomes. improved operational efficiency by 38%. 13 years of experience delivering analytics across cross-functional teams and remote-first teams. drove measurable impact across product, delivery, and customer experience.

Core capabilities include A/B Testing, Analytics, Strategy, Roadmapping, User Research, SQL. Proficient with Figma, Mixpanel, Notion, Jira. Strong background in process design, stakeholder communication, reporting, and performance optimization. They are passionate about turning business goals into action plans that deliver measurable results in fast-moving environments."
product_manager_040,Chloe Smith,Product Manager,Senior Product Manager,10,"Chloe Smith is a Senior Product Manager with 10 years of experience helping organizations improve customer. At Pioneer Enterprise, they partnered with business stakeholders to design and execute solutions that improved performance, workflow, and customer outcomes. led strategic initiatives impacting 7 teams and 11785 stakeholders. 10 years of experience delivering customer across regional partners and cross-functional teams. improved operational efficiency by 38%.

Core capabilities include Strategy, Roadmapping, Sprint Planning, A/B Testing, SQL, User Research. Proficient with Tableau, Amplitude, Jira, Mixpanel. Strong background in process design, stakeholder communication, reporting, and performance optimization. They are passionate about turning business goals into action plans that deliver measurable results in fast-moving environments."
product_manager_041,Sebastian Brown,Product Manager,Growth Product Manager,6,"Sebastian Brown is a Growth Product Manager with 6 years of experience helping organizations improve customer. At BluePeak Solutions, they partnered with business stakeholders to design and execute solutions that improved performance, workflow, and customer outcomes. led strategic initiatives impacting 8 teams and 1521 stakeholders. drove measurable impact across product, delivery, and customer experience. improved operational efficiency by 30%.

Core capabilities include Sprint Planning, A/B Testing, Roadmapping, Prioritization, SQL, Strategy. Proficient with Jira, Amplitude, Figma, Tableau. Strong background in process design, stakeholder communication, reporting, and performance optimization. They are passionate about turning business goals into action plans that deliver measurable results in fast-moving environments."
product_manager_042,Michael Scott,Product Manager,Growth Product Manager,11,"Michael Scott is a Growth Product Manager with 11 years of experience helping organizations improve customer. At Summit Works, they partnered with business stakeholders to design and execute solutions that improved performance, workflow, and customer outcomes. drove measurable impact across product, delivery, and customer experience. led strategic initiatives impacting 6 teams and 14494 stakeholders. 11 years of experience delivering customer across remote-first teams and startup stakeholders.

Core capabilities include Roadmapping, A/B Testing, Stakeholder Management, SQL, Prioritization, Strategy. Proficient with Amplitude, Notion, Jira, Tableau. Strong background in process design, stakeholder communication, reporting, and performance optimization. They are passionate about turning business goals into action plans that deliver measurable results in fast-moving environments."
product_manager_043,Emma Smith,Product Manager,Product Manager,5,"Emma Smith is a Product Manager with 5 years of experience helping organizations improve growth. At Mercury Systems, they partnered with business stakeholders to design and execute solutions that improved performance, workflow, and customer outcomes. drove measurable impact across product, delivery, and customer experience. led strategic initiatives impacting 8 teams and 13554 stakeholders. improved operational efficiency by 65%.

Core capabilities include Stakeholder Management, Prioritization, A/B Testing, Strategy, SQL, User Research. Proficient with Amplitude, Tableau, Figma, Mixpanel. Strong background in process design, stakeholder communication, reporting, and performance optimization. They are passionate about turning business goals into action plans that deliver measurable results in fast-moving environments."
product_manager_044,Alexander Kim,Product Manager,Product Manager,14,"Alexander Kim is a Product Manager with 14 years of experience helping organizations improve roadmap. At Oak & Pine, they partnered with business stakeholders to design and execute solutions that improved performance, workflow, and customer outcomes. improved operational efficiency by 56%. led strategic initiatives impacting 12 teams and 10226 stakeholders. drove measurable impact across product, delivery, and customer experience.

Core capabilities include Prioritization, Sprint Planning, SQL, Analytics, Stakeholder Management, User Research. Proficient with Mixpanel, Tableau, Figma, Amplitude. Strong background in process design, stakeholder communication, reporting, and performance optimization. They are passionate about turning business goals into action plans that deliver measurable results in fast-moving environments."
product_manager_045,Daniel Thomas,Product Manager,Senior Product Manager,8,"Daniel Thomas is a Senior Product Manager with 8 years of experience helping organizations improve product. At BluePeak Solutions, they partnered with business stakeholders to design and execute solutions that improved performance, workflow, and customer outcomes. improved operational efficiency by 67%. 8 years of experience delivering product across remote-first teams and enterprise clients. drove measurable impact across product, delivery, and customer experience.

Core capabilities include Roadmapping, SQL, Strategy, Prioritization, Sprint Planning, Stakeholder Management. Proficient with Mixpanel, Jira, Tableau, Figma. Strong background in process design, stakeholder communication, reporting, and performance optimization. They are passionate about turning business goals into action plans that deliver measurable results in fast-moving environments."
product_manager_046,David Taylor,Product Manager,Product Manager,4,"David Taylor is a Product Manager with 4 years of experience helping organizations improve customer. At Lakeview Health, they partnered with business stakeholders to design and execute solutions that improved performance, workflow, and customer outcomes. 4 years of experience delivering customer across remote-first teams and startup stakeholders. drove measurable impact across product, delivery, and customer experience. improved operational efficiency by 29%.

Core capabilities include A/B Testing, User Research, Stakeholder Management, Analytics, Prioritization, Roadmapping. Proficient with Figma, Notion, Amplitude, Mixpanel. Strong background in process design, stakeholder communication, reporting, and performance optimization. They are passionate about turning business goals into action plans that deliver measurable results in fast-moving environments."
product_manager_047,Mia Allen,Product Manager,Senior Product Manager,3,"Mia Allen is a Senior Product Manager with 3 years of experience helping organizations improve prioritization. At Vertex Studios, they partnered with business stakeholders to design and execute solutions that improved performance, workflow, and customer outcomes. improved operational efficiency by 51%. led strategic initiatives impacting 6 teams and 6231 stakeholders. 3 years of experience delivering prioritization across enterprise clients and remote-first teams.

Core capabilities include Roadmapping, A/B Testing, Analytics, User Research, Strategy, Prioritization. Proficient with Amplitude, Figma, Jira, Mixpanel. Strong background in process design, stakeholder communication, reporting, and performance optimization. They are passionate about turning business goals into action plans that deliver measurable results in fast-moving environments."
product_manager_048,Mason Nguyen,Product Manager,Growth Product Manager,13,"Mason Nguyen is a Growth Product Manager with 13 years of experience helping organizations improve analytics. At Greenline Ventures, they partnered with business stakeholders to design and execute solutions that improved performance, workflow, and customer outcomes. 13 years of experience delivering analytics across regional partners and enterprise clients. improved operational efficiency by 53%. drove measurable impact across product, delivery, and customer experience.

Core capabilities include Strategy, Stakeholder Management, Prioritization, User Research, Analytics, A/B Testing. Proficient with Amplitude, Tableau, Mixpanel, Jira. Strong background in process design, stakeholder communication, reporting, and performance optimization. They are passionate about turning business goals into action plans that deliver measurable results in fast-moving environments."
product_manager_049,Sophia Brown,Product Manager,Senior Product Manager,10,"Sophia Brown is a Senior Product Manager with 10 years of experience helping organizations improve roadmap. At Signal Forge, they partnered with business stakeholders to design and execute solutions that improved performance, workflow, and customer outcomes. drove measurable impact across product, delivery, and customer experience. improved operational efficiency by 25%. 10 years of experience delivering roadmap across regional partners and enterprise clients.

Core capabilities include Strategy, Sprint Planning, A/B Testing, SQL, Stakeholder Management, Prioritization. Proficient with Amplitude, Jira, Mixpanel, Tableau. Strong background in process design, stakeholder communication, reporting, and performance optimization. They are passionate about turning business goals into action plans that deliver measurable results in fast-moving environments."
product_manager_050,Nora Taylor,Product Manager,Growth Product Manager,12,"Nora Taylor is a Growth Product Manager with 12 years of experience helping organizations improve product. At Pioneer Enterprise, they partnered with business stakeholders to design and execute solutions that improved performance, workflow, and customer outcomes. improved operational efficiency by 25%. led strategic initiatives impacting 6 teams and 4982 stakeholders. 12 years of experience delivering product across cross-functional teams and enterprise clients.

Core capabilities include SQL, Analytics, Strategy, Prioritization, User Research, Stakeholder Management. Proficient with Notion, Jira, Amplitude, Figma. Strong background in process design, stakeholder communication, reporting, and performance optimization. They are passionate about turning business goals into action plans that deliver measurable results in fast-moving environments."
product_manager_051,Jack Kim,Product Manager,Senior Product Manager,9,"Jack Kim is a Senior Product Manager with 9 years of experience helping organizations improve analytics. At Greenline Ventures, they partnered with business stakeholders to design and execute solutions that improved performance, workflow, and customer outcomes. 9 years of experience delivering analytics across regional partners and cross-functional teams. improved operational efficiency by 62%. led strategic initiatives impacting 5 teams and 7170 stakeholders.

Core capabilities include Roadmapping, A/B Testing, Stakeholder Management, Strategy, SQL, Sprint Planning. Proficient with Amplitude, Figma, Mixpanel, Notion. Strong background in process design, stakeholder communication, reporting, and performance optimization. They are passionate about turning business goals into action plans that deliver measurable results in fast-moving environments."
product_manager_052,Noah Smith,Product Manager,Product Manager,14,"Noah Smith is a Product Manager with 14 years of experience helping organizations improve strategy. At NorthStar Labs, they partnered with business stakeholders to design and execute solutions that improved performance, workflow, and customer outcomes. 14 years of experience delivering strategy across remote-first teams and startup stakeholders. improved operational efficiency by 32%. drove measurable impact across product, delivery, and customer experience.

Core capabilities include SQL, Roadmapping, User Research, A/B Testing, Strategy, Prioritization. Proficient with Notion, Mixpanel, Figma, Jira. Strong background in process design, stakeholder communication, reporting, and performance optimization. They are passionate about turning business goals into action plans that deliver measurable results in fast-moving environments."
product_manager_053,Avery Young,Product Manager,Product Manager,4,"Avery Young is a Product Manager with 4 years of experience helping organizations improve roadmap. At Greenline Ventures, they partnered with business stakeholders to design and execute solutions that improved performance, workflow, and customer outcomes. drove measurable impact across product, delivery, and customer experience. improved operational efficiency by 19%. led strategic initiatives impacting 16 teams and 12211 stakeholders.

Core capabilities include Prioritization, Strategy, SQL, A/B Testing, Roadmapping, Sprint Planning. Proficient with Amplitude, Figma, Mixpanel, Tableau. Strong background in process design, stakeholder communication, reporting, and performance optimization. They are passionate about turning business goals into action plans that deliver measurable results in fast-moving environments."
product_manager_054,Elijah Walker,Product Manager,Senior Product Manager,14,"Elijah Walker is a Senior Product Manager with 14 years of experience helping organizations improve product. At Nova Metrics, they partnered with business stakeholders to design and execute solutions that improved performance, workflow, and customer outcomes. improved operational efficiency by 51%. led strategic initiatives impacting 24 teams and 11248 stakeholders. 14 years of experience delivering product across enterprise clients and startup stakeholders.

Core capabilities include SQL, Sprint Planning, Strategy, Roadmapping, Prioritization, Analytics. Proficient with Amplitude, Tableau, Mixpanel, Figma. Strong background in process design, stakeholder communication, reporting, and performance optimization. They are passionate about turning business goals into action plans that deliver measurable results in fast-moving environments."
product_manager_055,Hannah Brown,Product Manager,Senior Product Manager,6,"Hannah Brown is a Senior Product Manager with 6 years of experience helping organizations improve growth. At Crestline Partners, they partnered with business stakeholders to design and execute solutions that improved performance, workflow, and customer outcomes. improved operational efficiency by 45%. led strategic initiatives impacting 9 teams and 11751 stakeholders. 6 years of experience delivering growth across regional partners and cross-functional teams.

Core capabilities include A/B Testing, Strategy, SQL, Stakeholder Management, Prioritization, Sprint Planning. Proficient with Figma, Tableau, Amplitude, Jira. Strong background in process design, stakeholder communication, reporting, and performance optimization. They are passionate about turning business goals into action plans that deliver measurable results in fast-moving environments."
product_manager_056,Sebastian Young,Product Manager,Growth Product Manager,3,"Sebastian Young is a Growth Product Manager with 3 years of experience helping organizations improve roadmap. At Evergreen Consulting, they partnered with business stakeholders to design and execute solutions that improved performance, workflow, and customer outcomes. 3 years of experience delivering roadmap across cross-functional teams and regional partners. drove measurable impact across product, delivery, and customer experience. improved operational efficiency by 24%.

Core capabilities include A/B Testing, Analytics, Prioritization, Roadmapping, Strategy, User Research. Proficient with Notion, Mixpanel, Tableau, Figma. Strong background in process design, stakeholder communication, reporting, and performance optimization. They are passionate about turning business goals into action plans that deliver measurable results in fast-moving environments."
product_manager_057,Avery Allen,Product Manager,Growth Product Manager,5,"Avery Allen is a Growth Product Manager with 5 years of experience helping organizations improve growth. At Horizon One, they partnered with business stakeholders to design and execute solutions that improved performance, workflow, and customer outcomes. led strategic initiatives impacting 17 teams and 9051 stakeholders. 5 years of experience delivering growth across startup stakeholders and remote-first teams. drove measurable impact across product, delivery, and customer experience.

Core capabilities include User Research, Prioritization, A/B Testing, Roadmapping, Analytics, Sprint Planning. Proficient with Tableau, Notion, Amplitude, Mixpanel. Strong background in process design, stakeholder communication, reporting, and performance optimization. They are passionate about turning business goals into action plans that deliver measurable results in fast-moving environments."
product_manager_058,Amelia Garcia,Product Manager,Product Manager,8,"Amelia Garcia is a Product Manager with 8 years of experience helping organizations improve prioritization. At Greenline Ventures, they partnered with business stakeholders to design and execute solutions that improved performance, workflow, and customer outcomes. 8 years of experience delivering prioritization across remote-first teams and startup stakeholders. drove measurable impact across product, delivery, and customer experience. improved operational efficiency by 33%.

Core capabilities include Roadmapping, SQL, User Research, Stakeholder Management, A/B Testing, Strategy. Proficient with Jira, Amplitude, Notion, Mixpanel. Strong background in process design, stakeholder communication, reporting, and performance optimization. They are passionate about turning business goals into action plans that deliver measurable results in fast-moving environments."
product_manager_059,Nora Moore,Product Manager,Growth Product Manager,13,"Nora Moore is a Growth Product Manager with 13 years of experience helping organizations improve growth. At Summit Works, they partnered with business stakeholders to design and execute solutions that improved performance, workflow, and customer outcomes. improved operational efficiency by 51%. led strategic initiatives impacting 25 teams and 1807 stakeholders. drove measurable impact across product, delivery, and customer experience.

Core capabilities include Prioritization, Roadmapping, SQL, Strategy, User Research, Sprint Planning. Proficient with Jira, Amplitude, Notion, Mixpanel. Strong background in process design, stakeholder communication, reporting, and performance optimization. They are passionate about turning business goals into action plans that deliver measurable results in fast-moving environments."
product_manager_060,Samuel Smith,Product Manager,Senior Product Manager,9,"Samuel Smith is a Senior Product Manager with 9 years of experience helping organizations improve roadmap. At EchoWorks, they partnered with business stakeholders to design and execute solutions that improved performance, workflow, and customer outcomes. improved operational efficiency by 67%. led strategic initiatives impacting 23 teams and 12405 stakeholders. drove measurable impact across product, delivery, and customer experience.

Core capabilities include Sprint Planning, SQL, Strategy, Roadmapping, Prioritization, Stakeholder Management. Proficient with Notion, Tableau, Jira, Mixpanel. Strong background in process design, stakeholder communication, reporting, and performance optimization. They are passionate about turning business goals into action plans that deliver measurable results in fast-moving environments."
product_manager_061,Nora Thomas,Product Manager,Product Manager,4,"Nora Thomas is a Product Manager with 4 years of experience helping organizations improve analytics. At CloudBridge, they partnered with business stakeholders to design and execute solutions that improved performance, workflow, and customer outcomes. improved operational efficiency by 51%. led strategic initiatives impacting 17 teams and 12909 stakeholders. drove measurable impact across product, delivery, and customer experience.

Core capabilities include User Research, Strategy, Roadmapping, Analytics, A/B Testing, Stakeholder Management. Proficient with Tableau, Jira, Figma, Notion. Strong background in process design, stakeholder communication, reporting, and performance optimization. They are passionate about turning business goals into action plans that deliver measurable results in fast-moving environments."
product_manager_062,Mia Johnson,Product Manager,Senior Product Manager,11,"Mia Johnson is a Senior Product Manager with 11 years of experience helping organizations improve prioritization. At CloudBridge, they partnered with business stakeholders to design and execute solutions that improved performance, workflow, and customer outcomes. 11 years of experience delivering prioritization across remote-first teams and cross-functional teams. drove measurable impact across product, delivery, and customer experience. improved operational efficiency by 25%.

Core capabilities include Analytics, Prioritization, Sprint Planning, Stakeholder Management, A/B Testing, Roadmapping. Proficient with Notion, Mixpanel, Figma, Tableau. Strong background in process design, stakeholder communication, reporting, and performance optimization. They are passionate about turning business goals into action plans that deliver measurable results in fast-moving environments."
product_manager_063,Ava Thomas,Product Manager,Senior Product Manager,9,"Ava Thomas is a Senior Product Manager with 9 years of experience helping organizations improve growth. At Horizon One, they partnered with business stakeholders to design and execute solutions that improved performance, workflow, and customer outcomes. improved operational efficiency by 33%. 9 years of experience delivering growth across regional partners and enterprise clients. drove measurable impact across product, delivery, and customer experience.

Core capabilities include Roadmapping, Strategy, Stakeholder Management, Sprint Planning, SQL, User Research. Proficient with Notion, Tableau, Figma, Jira. Strong background in process design, stakeholder communication, reporting, and performance optimization. They are passionate about turning business goals into action plans that deliver measurable results in fast-moving environments."
product_manager_064,Mason Nguyen,Product Manager,Growth Product Manager,7,"Mason Nguyen is a Growth Product Manager with 7 years of experience helping organizations improve product. At Oak & Pine, they partnered with business stakeholders to design and execute solutions that improved performance, workflow, and customer outcomes. improved operational efficiency by 61%. led strategic initiatives impacting 14 teams and 11012 stakeholders. drove measurable impact across product, delivery, and customer experience.

Core capabilities include Analytics, Roadmapping, A/B Testing, SQL, Sprint Planning, Prioritization. Proficient with Mixpanel, Jira, Figma, Notion. Strong background in process design, stakeholder communication, reporting, and performance optimization. They are passionate about turning business goals into action plans that deliver measurable results in fast-moving environments."
product_manager_065,Mia Martin,Product Manager,Senior Product Manager,7,"Mia Martin is a Senior Product Manager with 7 years of experience helping organizations improve customer. At Evergreen Consulting, they partnered with business stakeholders to design and execute solutions that improved performance, workflow, and customer outcomes. improved operational efficiency by 51%. drove measurable impact across product, delivery, and customer experience. 7 years of experience delivering customer across remote-first teams and startup stakeholders.

Core capabilities include Sprint Planning, Stakeholder Management, Prioritization, User Research, SQL, Roadmapping. Proficient with Mixpanel, Notion, Amplitude, Jira. Strong background in process design, stakeholder communication, reporting, and performance optimization. They are passionate about turning business goals into action plans that deliver measurable results in fast-moving environments."
product_manager_066,Olivia Allen,Product Manager,Growth Product Manager,12,"Olivia Allen is a Growth Product Manager with 12 years of experience helping organizations improve growth. At EchoWorks, they partnered with business stakeholders to design and execute solutions that improved performance, workflow, and customer outcomes. led strategic initiatives impacting 24 teams and 10218 stakeholders. drove measurable impact across product, delivery, and customer experience. improved operational efficiency by 26%.

Core capabilities include Stakeholder Management, Strategy, A/B Testing, Sprint Planning, SQL, Analytics. Proficient with Notion, Figma, Mixpanel, Amplitude. Strong background in process design, stakeholder communication, reporting, and performance optimization. They are passionate about turning business goals into action plans that deliver measurable results in fast-moving environments."
product_manager_067,Joseph Johnson,Product Manager,Growth Product Manager,5,"Joseph Johnson is a Growth Product Manager with 5 years of experience helping organizations improve strategy. At Oak & Pine, they partnered with business stakeholders to design and execute solutions that improved performance, workflow, and customer outcomes. improved operational efficiency by 39%. 5 years of experience delivering strategy across startup stakeholders and enterprise clients. drove measurable impact across product, delivery, and customer experience.

Core capabilities include SQL, User Research, Roadmapping, Sprint Planning, A/B Testing, Strategy. Proficient with Tableau, Jira, Amplitude, Mixpanel. Strong background in process design, stakeholder communication, reporting, and performance optimization. They are passionate about turning business goals into action plans that deliver measurable results in fast-moving environments."
product_manager_068,Abigail Wilson,Product Manager,Product Manager,6,"Abigail Wilson is a Product Manager with 6 years of experience helping organizations improve customer. At BluePeak Solutions, they partnered with business stakeholders to design and execute solutions that improved performance, workflow, and customer outcomes. 6 years of experience delivering customer across remote-first teams and regional partners. drove measurable impact across product, delivery, and customer experience. led strategic initiatives impacting 20 teams and 8774 stakeholders.

Core capabilities include Prioritization, A/B Testing, Sprint Planning, Roadmapping, Strategy, Analytics. Proficient with Mixpanel, Notion, Jira, Figma. Strong background in process design, stakeholder communication, reporting, and performance optimization. They are passionate about turning business goals into action plans that deliver measurable results in fast-moving environments."
product_manager_069,Scarlett Brown,Product Manager,Growth Product Manager,9,"Scarlett Brown is a Growth Product Manager with 9 years of experience helping organizations improve prioritization. At PrimeCore, they partnered with business stakeholders to design and execute solutions that improved performance, workflow, and customer outcomes. 9 years of experience delivering prioritization across remote-first teams and regional partners. improved operational efficiency by 22%. drove measurable impact across product, delivery, and customer experience.

Core capabilities include Prioritization, A/B Testing, User Research, Sprint Planning, Roadmapping, Analytics. Proficient with Figma, Mixpanel, Jira, Notion. Strong background in process design, stakeholder communication, reporting, and performance optimization. They are passionate about turning business goals into action plans that deliver measurable results in fast-moving environments."
product_manager_070,Aria Johnson,Product Manager,Growth Product Manager,11,"Aria Johnson is a Growth Product Manager with 11 years of experience helping organizations improve analytics. At Harbor Analytics, they partnered with business stakeholders to design and execute solutions that improved performance, workflow, and customer outcomes. drove measurable impact across product, delivery, and customer experience. 11 years of experience delivering analytics across remote-first teams and startup stakeholders. led strategic initiatives impacting 11 teams and 9603 stakeholders.

Core capabilities include Analytics, Stakeholder Management, Sprint Planning, Prioritization, A/B Testing, Roadmapping. Proficient with Mixpanel, Notion, Jira, Amplitude. Strong background in process design, stakeholder communication, reporting, and performance optimization. They are passionate about turning business goals into action plans that deliver measurable results in fast-moving environments."
product_manager_071,Daniel Nguyen,Product Manager,Product Manager,3,"Daniel Nguyen is a Product Manager with 3 years of experience helping organizations improve analytics. At EchoWorks, they partnered with business stakeholders to design and execute solutions that improved performance, workflow, and customer outcomes. improved operational efficiency by 27%. 3 years of experience delivering analytics across remote-first teams and regional partners. drove measurable impact across product, delivery, and customer experience.

Core capabilities include Prioritization, Roadmapping, Sprint Planning, User Research, SQL, Stakeholder Management. Proficient with Amplitude, Mixpanel, Notion, Figma. Strong background in process design, stakeholder communication, reporting, and performance optimization. They are passionate about turning business goals into action plans that deliver measurable results in fast-moving environments."
product_manager_072,David Moore,Product Manager,Growth Product Manager,10,"David Moore is a Growth Product Manager with 10 years of experience helping organizations improve product. At EchoWorks, they partnered with business stakeholders to design and execute solutions that improved performance, workflow, and customer outcomes. improved operational efficiency by 54%. led strategic initiatives impacting 14 teams and 11466 stakeholders. 10 years of experience delivering product across remote-first teams and enterprise clients.

Core capabilities include Roadmapping, SQL, Prioritization, A/B Testing, Strategy, Sprint Planning. Proficient with Mixpanel, Notion, Jira, Figma. Strong background in process design, stakeholder communication, reporting, and performance optimization. They are passionate about turning business goals into action plans that deliver measurable results in fast-moving environments."
product_manager_073,Amelia Smith,Product Manager,Senior Product Manager,10,"Amelia Smith is a Senior Product Manager with 10 years of experience helping organizations improve customer. At Validus Capital, they partnered with business stakeholders to design and execute solutions that improved performance, workflow, and customer outcomes. drove measurable impact across product, delivery, and customer experience. led strategic initiatives impacting 9 teams and 12540 stakeholders. 10 years of experience delivering customer across remote-first teams and regional partners.

Core capabilities include Strategy, Stakeholder Management, Analytics, Prioritization, A/B Testing, Sprint Planning. Proficient with Jira, Tableau, Figma, Notion. Strong background in process design, stakeholder communication, reporting, and performance optimization. They are passionate about turning business goals into action plans that deliver measurable results in fast-moving environments."
product_manager_074,Charlotte Martin,Product Manager,Senior Product Manager,11,"Charlotte Martin is a Senior Product Manager with 11 years of experience helping organizations improve customer. At Summit Works, they partnered with business stakeholders to design and execute solutions that improved performance, workflow, and customer outcomes. led strategic initiatives impacting 10 teams and 12545 stakeholders. drove measurable impact across product, delivery, and customer experience. improved operational efficiency by 43%.

Core capabilities include Prioritization, Strategy, Roadmapping, Stakeholder Management, Sprint Planning, User Research. Proficient with Tableau, Jira, Figma, Amplitude. Strong background in process design, stakeholder communication, reporting, and performance optimization. They are passionate about turning business goals into action plans that deliver measurable results in fast-moving environments."
product_manager_075,Leo Davis,Product Manager,Product Manager,13,"Leo Davis is a Product Manager with 13 years of experience helping organizations improve prioritization. At Crestline Partners, they partnered with business stakeholders to design and execute solutions that improved performance, workflow, and customer outcomes. drove measurable impact across product, delivery, and customer experience. improved operational efficiency by 32%. led strategic initiatives impacting 12 teams and 3354 stakeholders.

Core capabilities include Prioritization, Stakeholder Management, Sprint Planning, User Research, SQL, Strategy. Proficient with Jira, Notion, Tableau, Amplitude. Strong background in process design, stakeholder communication, reporting, and performance optimization. They are passionate about turning business goals into action plans that deliver measurable results in fast-moving environments."
product_manager_076,James Davis,Product Manager,Senior Product Manager,9,"James Davis is a Senior Product Manager with 9 years of experience helping organizations improve analytics. At Horizon One, they partnered with business stakeholders to design and execute solutions that improved performance, workflow, and customer outcomes. 9 years of experience delivering analytics across regional partners and cross-functional teams. improved operational efficiency by 50%. led strategic initiatives impacting 8 teams and 7646 stakeholders.

Core capabilities include Roadmapping, Stakeholder Management, User Research, Prioritization, Analytics, Sprint Planning. Proficient with Notion, Amplitude, Mixpanel, Figma. Strong background in process design, stakeholder communication, reporting, and performance optimization. They are passionate about turning business goals into action plans that deliver measurable results in fast-moving environments."
product_manager_077,Leo Young,Product Manager,Senior Product Manager,8,"Leo Young is a Senior Product Manager with 8 years of experience helping organizations improve growth. At BluePeak Solutions, they partnered with business stakeholders to design and execute solutions that improved performance, workflow, and customer outcomes. drove measurable impact across product, delivery, and customer experience. led strategic initiatives impacting 18 teams and 10293 stakeholders. 8 years of experience delivering growth across regional partners and startup stakeholders.

Core capabilities include Sprint Planning, User Research, SQL, Stakeholder Management, Prioritization, A/B Testing. Proficient with Notion, Tableau, Jira, Amplitude. Strong background in process design, stakeholder communication, reporting, and performance optimization. They are passionate about turning business goals into action plans that deliver measurable results in fast-moving environments."
product_manager_078,James Martin,Product Manager,Growth Product Manager,13,"James Martin is a Growth Product Manager with 13 years of experience helping organizations improve growth. At Crestline Partners, they partnered with business stakeholders to design and execute solutions that improved performance, workflow, and customer outcomes. led strategic initiatives impacting 8 teams and 12231 stakeholders. improved operational efficiency by 56%. drove measurable impact across product, delivery, and customer experience.

Core capabilities include Strategy, Stakeholder Management, SQL, Sprint Planning, User Research, Analytics. Proficient with Figma, Jira, Notion, Tableau. Strong background in process design, stakeholder communication, reporting, and performance optimization. They are passionate about turning business goals into action plans that deliver measurable results in fast-moving environments."
product_manager_079,Noah Martin,Product Manager,Product Manager,4,"Noah Martin is a Product Manager with 4 years of experience helping organizations improve growth. At BluePeak Solutions, they partnered with business stakeholders to design and execute solutions that improved performance, workflow, and customer outcomes. drove measurable impact across product, delivery, and customer experience. 4 years of experience delivering growth across remote-first teams and regional partners. led strategic initiatives impacting 14 teams and 8122 stakeholders.

Core capabilities include Roadmapping, Analytics, A/B Testing, Stakeholder Management, User Research, Strategy. Proficient with Notion, Figma, Tableau, Jira. Strong background in process design, stakeholder communication, reporting, and performance optimization. They are passionate about turning business goals into action plans that deliver measurable results in fast-moving environments."
product_manager_080,Isaac Walker,Product Manager,Senior Product Manager,4,"Isaac Walker is a Senior Product Manager with 4 years of experience helping organizations improve prioritization. At Crestline Partners, they partnered with business stakeholders to design and execute solutions that improved performance, workflow, and customer outcomes. drove measurable impact across product, delivery, and customer experience. led strategic initiatives impacting 23 teams and 7459 stakeholders. improved operational efficiency by 45%.

Core capabilities include SQL, Roadmapping, Analytics, Prioritization, Strategy, A/B Testing. Proficient with Tableau, Figma, Mixpanel, Jira. Strong background in process design, stakeholder communication, reporting, and performance optimization. They are passionate about turning business goals into action plans that deliver measurable results in fast-moving environments."
product_manager_081,Samuel Moore,Product Manager,Senior Product Manager,10,"Samuel Moore is a Senior Product Manager with 10 years of experience helping organizations improve roadmap. At Nova Metrics, they partnered with business stakeholders to design and execute solutions that improved performance, workflow, and customer outcomes. improved operational efficiency by 22%. drove measurable impact across product, delivery, and customer experience. led strategic initiatives impacting 25 teams and 1257 stakeholders.

Core capabilities include Analytics, Strategy, Stakeholder Management, Sprint Planning, SQL, User Research. Proficient with Mixpanel, Notion, Amplitude, Figma. Strong background in process design, stakeholder communication, reporting, and performance optimization. They are passionate about turning business goals into action plans that deliver measurable results in fast-moving environments."
product_manager_082,Alexander Brown,Product Manager,Product Manager,4,"Alexander Brown is a Product Manager with 4 years of experience helping organizations improve strategy. At Oak & Pine, they partnered with business stakeholders to design and execute solutions that improved performance, workflow, and customer outcomes. improved operational efficiency by 42%. led strategic initiatives impacting 16 teams and 4698 stakeholders. 4 years of experience delivering strategy across regional partners and startup stakeholders.

Core capabilities include Sprint Planning, Strategy, Prioritization, A/B Testing, SQL, User Research. Proficient with Figma, Amplitude, Notion, Mixpanel. Strong background in process design, stakeholder communication, reporting, and performance optimization. They are passionate about turning business goals into action plans that deliver measurable results in fast-moving environments."
product_manager_083,Hannah Harris,Product Manager,Growth Product Manager,5,"Hannah Harris is a Growth Product Manager with 5 years of experience helping organizations improve strategy. At Pioneer Enterprise, they partnered with business stakeholders to design and execute solutions that improved performance, workflow, and customer outcomes. drove measurable impact across product, delivery, and customer experience. improved operational efficiency by 62%. 5 years of experience delivering strategy across enterprise clients and startup stakeholders.

Core capabilities include Prioritization, SQL, User Research, Strategy, A/B Testing, Analytics. Proficient with Jira, Tableau, Notion, Mixpanel. Strong background in process design, stakeholder communication, reporting, and performance optimization. They are passionate about turning business goals into action plans that deliver measurable results in fast-moving environments."
product_manager_084,Michael Scott,Product Manager,Product Manager,5,"Michael Scott is a Product Manager with 5 years of experience helping organizations improve analytics. At Signal Forge, they partnered with business stakeholders to design and execute solutions that improved performance, workflow, and customer outcomes. 5 years of experience delivering analytics across startup stakeholders and remote-first teams. drove measurable impact across product, delivery, and customer experience. improved operational efficiency by 36%.

Core capabilities include Stakeholder Management, SQL, Strategy, Roadmapping, Analytics, A/B Testing. Proficient with Notion, Tableau, Figma, Mixpanel. Strong background in process design, stakeholder communication, reporting, and performance optimization. They are passionate about turning business goals into action plans that deliver measurable results in fast-moving environments."
product_manager_085,Hannah Wilson,Product Manager,Product Manager,12,"Hannah Wilson is a Product Manager with 12 years of experience helping organizations improve analytics. At EchoWorks, they partnered with business stakeholders to design and execute solutions that improved performance, workflow, and customer outcomes. drove measurable impact across product, delivery, and customer experience. improved operational efficiency by 34%. led strategic initiatives impacting 9 teams and 11089 stakeholders.

Core capabilities include Analytics, Roadmapping, A/B Testing, Prioritization, SQL, Strategy. Proficient with Mixpanel, Notion, Jira, Figma. Strong background in process design, stakeholder communication, reporting, and performance optimization. They are passionate about turning business goals into action plans that deliver measurable results in fast-moving environments."
product_manager_086,Ava Kim,Product Manager,Growth Product Manager,4,"Ava Kim is a Growth Product Manager with 4 years of experience helping organizations improve growth. At Lakeview Health, they partnered with business stakeholders to design and execute solutions that improved performance, workflow, and customer outcomes. led strategic initiatives impacting 18 teams and 13621 stakeholders. 4 years of experience delivering growth across cross-functional teams and regional partners. improved operational efficiency by 49%.

Core capabilities include Analytics, Strategy, Prioritization, Stakeholder Management, Sprint Planning, A/B Testing. Proficient with Notion, Amplitude, Jira, Figma. Strong background in process design, stakeholder communication, reporting, and performance optimization. They are passionate about turning business goals into action plans that deliver measurable results in fast-moving environments."
product_manager_087,Charlotte Lee,Product Manager,Growth Product Manager,13,"Charlotte Lee is a Growth Product Manager with 13 years of experience helping organizations improve prioritization. At Crestline Partners, they partnered with business stakeholders to design and execute solutions that improved performance, workflow, and customer outcomes. drove measurable impact across product, delivery, and customer experience. 13 years of experience delivering prioritization across startup stakeholders and cross-functional teams. improved operational efficiency by 42%.

Core capabilities include A/B Testing, Roadmapping, Prioritization, Analytics, Strategy, SQL. Proficient with Amplitude, Notion, Figma, Tableau. Strong background in process design, stakeholder communication, reporting, and performance optimization. They are passionate about turning business goals into action plans that deliver measurable results in fast-moving environments."
product_manager_088,Ava Smith,Product Manager,Senior Product Manager,8,"Ava Smith is a Senior Product Manager with 8 years of experience helping organizations improve strategy. At Evergreen Consulting, they partnered with business stakeholders to design and execute solutions that improved performance, workflow, and customer outcomes. led strategic initiatives impacting 23 teams and 7408 stakeholders. drove measurable impact across product, delivery, and customer experience. 8 years of experience delivering strategy across enterprise clients and remote-first teams.

Core capabilities include A/B Testing, Roadmapping, Strategy, SQL, Analytics, User Research. Proficient with Figma, Mixpanel, Tableau, Amplitude. Strong background in process design, stakeholder communication, reporting, and performance optimization. They are passionate about turning business goals into action plans that deliver measurable results in fast-moving environments."
product_manager_089,Matthew Lee,Product Manager,Growth Product Manager,7,"Matthew Lee is a Growth Product Manager with 7 years of experience helping organizations improve strategy. At BrightPath Group, they partnered with business stakeholders to design and execute solutions that improved performance, workflow, and customer outcomes. improved operational efficiency by 32%. 7 years of experience delivering strategy across startup stakeholders and remote-first teams. drove measurable impact across product, delivery, and customer experience.

Core capabilities include Analytics, A/B Testing, SQL, Roadmapping, Strategy, Sprint Planning. Proficient with Jira, Notion, Tableau, Mixpanel. Strong background in process design, stakeholder communication, reporting, and performance optimization. They are passionate about turning business goals into action plans that deliver measurable results in fast-moving environments."
product_manager_090,Isaac Martin,Product Manager,Product Manager,11,"Isaac Martin is a Product Manager with 11 years of experience helping organizations improve strategy. At Mercury Systems, they partnered with business stakeholders to design and execute solutions that improved performance, workflow, and customer outcomes. led strategic initiatives impacting 7 teams and 11465 stakeholders. improved operational efficiency by 47%. drove measurable impact across product, delivery, and customer experience.

Core capabilities include User Research, Stakeholder Management, A/B Testing, Roadmapping, Sprint Planning, Strategy. Proficient with Notion, Figma, Amplitude, Jira. Strong background in process design, stakeholder communication, reporting, and performance optimization. They are passionate about turning business goals into action plans that deliver measurable results in fast-moving environments."
product_manager_091,Nora Wilson,Product Manager,Product Manager,14,"Nora Wilson is a Product Manager with 14 years of experience helping organizations improve product. At Lakeview Health, they partnered with business stakeholders to design and execute solutions that improved performance, workflow, and customer outcomes. led strategic initiatives impacting 17 teams and 3923 stakeholders. 14 years of experience delivering product across startup stakeholders and cross-functional teams. drove measurable impact across product, delivery, and customer experience.

Core capabilities include SQL, Roadmapping, User Research, Sprint Planning, Analytics, Strategy. Proficient with Mixpanel, Tableau, Amplitude, Notion. Strong background in process design, stakeholder communication, reporting, and performance optimization. They are passionate about turning business goals into action plans that deliver measurable results in fast-moving environments."
product_manager_092,Aria Jackson,Product Manager,Product Manager,11,"Aria Jackson is a Product Manager with 11 years of experience helping organizations improve strategy. At NorthStar Labs, they partnered with business stakeholders to design and execute solutions that improved performance, workflow, and customer outcomes. 11 years of experience delivering strategy across startup stakeholders and cross-functional teams. drove measurable impact across product, delivery, and customer experience. improved operational efficiency by 59%.

Core capabilities include Stakeholder Management, Strategy, A/B Testing, Analytics, Roadmapping, SQL. Proficient with Jira, Tableau, Mixpanel, Amplitude. Strong background in process design, stakeholder communication, reporting, and performance optimization. They are passionate about turning business goals into action plans that deliver measurable results in fast-moving environments."
product_manager_093,Henry Brown,Product Manager,Growth Product Manager,7,"Henry Brown is a Growth Product Manager with 7 years of experience helping organizations improve analytics. At Greenline Ventures, they partnered with business stakeholders to design and execute solutions that improved performance, workflow, and customer outcomes. 7 years of experience delivering analytics across enterprise clients and remote-first teams. drove measurable impact across product, delivery, and customer experience. led strategic initiatives impacting 14 teams and 7563 stakeholders.

Core capabilities include Roadmapping, Strategy, User Research, Sprint Planning, A/B Testing, Prioritization. Proficient with Figma, Amplitude, Jira, Tableau. Strong background in process design, stakeholder communication, reporting, and performance optimization. They are passionate about turning business goals into action plans that deliver measurable results in fast-moving environments."
product_manager_094,Daniel Young,Product Manager,Senior Product Manager,3,"Daniel Young is a Senior Product Manager with 3 years of experience helping organizations improve prioritization. At Vertex Studios, they partnered with business stakeholders to design and execute solutions that improved performance, workflow, and customer outcomes. led strategic initiatives impacting 7 teams and 11367 stakeholders. drove measurable impact across product, delivery, and customer experience. 3 years of experience delivering prioritization across enterprise clients and remote-first teams.

Core capabilities include Strategy, SQL, A/B Testing, Stakeholder Management, Sprint Planning, Roadmapping. Proficient with Notion, Amplitude, Mixpanel, Tableau. Strong background in process design, stakeholder communication, reporting, and performance optimization. They are passionate about turning business goals into action plans that deliver measurable results in fast-moving environments."
product_manager_095,Sophia Nguyen,Product Manager,Product Manager,2,"Sophia Nguyen is a Product Manager with 2 years of experience helping organizations improve strategy. At Summit Works, they partnered with business stakeholders to design and execute solutions that improved performance, workflow, and customer outcomes. 2 years of experience delivering strategy across remote-first teams and enterprise clients. led strategic initiatives impacting 6 teams and 7643 stakeholders. improved operational efficiency by 39%.

Core capabilities include User Research, Strategy, Prioritization, Roadmapping, SQL, Analytics. Proficient with Notion, Figma, Tableau, Jira. Strong background in process design, stakeholder communication, reporting, and performance optimization. They are passionate about turning business goals into action plans that deliver measurable results in fast-moving environments."
product_manager_096,Aria Brown,Product Manager,Growth Product Manager,11,"Aria Brown is a Growth Product Manager with 11 years of experience helping organizations improve roadmap. At Nova Metrics, they partnered with business stakeholders to design and execute solutions that improved performance, workflow, and customer outcomes. 11 years of experience delivering roadmap across enterprise clients and cross-functional teams. improved operational efficiency by 58%. led strategic initiatives impacting 6 teams and 6035 stakeholders.

Core capabilities include Stakeholder Management, Roadmapping, A/B Testing, Prioritization, User Research, Strategy. Proficient with Notion, Figma, Jira, Tableau. Strong background in process design, stakeholder communication, reporting, and performance optimization. They are passionate about turning business goals into action plans that deliver measurable results in fast-moving environments."
product_manager_097,Matthew Martin,Product Manager,Product Manager,3,"Matthew Martin is a Product Manager with 3 years of experience helping organizations improve analytics. At PrimeCore, they partnered with business stakeholders to design and execute solutions that improved performance, workflow, and customer outcomes. 3 years of experience delivering analytics across regional partners and cross-functional teams. drove measurable impact across product, delivery, and customer experience. led strategic initiatives impacting 11 teams and 13521 stakeholders.

Core capabilities include User Research, Stakeholder Management, Sprint Planning, Strategy, Prioritization, Analytics. Proficient with Tableau, Notion, Mixpanel, Jira. Strong background in process design, stakeholder communication, reporting, and performance optimization. They are passionate about turning business goals into action plans that deliver measurable results in fast-moving environments."
product_manager_098,Jack Martin,Product Manager,Product Manager,6,"Jack Martin is a Product Manager with 6 years of experience helping organizations improve roadmap. At BrightPath Group, they partnered with business stakeholders to design and execute solutions that improved performance, workflow, and customer outcomes. led strategic initiatives impacting 10 teams and 1256 stakeholders. 6 years of experience delivering roadmap across regional partners and startup stakeholders. drove measurable impact across product, delivery, and customer experience.

Core capabilities include Sprint Planning, Analytics, A/B Testing, Strategy, SQL, Stakeholder Management. Proficient with Notion, Amplitude, Jira, Tableau. Strong background in process design, stakeholder communication, reporting, and performance optimization. They are passionate about turning business goals into action plans that deliver measurable results in fast-moving environments."
product_manager_099,Ava Johnson,Product Manager,Product Manager,13,"Ava Johnson is a Product Manager with 13 years of experience helping organizations improve strategy. At Harbor Analytics, they partnered with business stakeholders to design and execute solutions that improved performance, workflow, and customer outcomes. led strategic initiatives impacting 10 teams and 12750 stakeholders. drove measurable impact across product, delivery, and customer experience. 13 years of experience delivering strategy across cross-functional teams and enterprise clients.

Core capabilities include SQL, Sprint Planning, A/B Testing, User Research, Stakeholder Management, Prioritization. Proficient with Amplitude, Mixpanel, Notion, Tableau. Strong background in process design, stakeholder communication, reporting, and performance optimization. They are passionate about turning business goals into action plans that deliver measurable results in fast-moving environments."
ux/ui_designer_000,Leo Taylor,UX/UI Designer,UI Designer,2,"Leo Taylor is a UI Designer with 2 years of experience helping organizations improve accessibility. At BluePeak Solutions, they partnered with business stakeholders to design and execute solutions that improved performance, workflow, and customer outcomes. improved operational efficiency by 30%. drove measurable impact across product, delivery, and customer experience. led strategic initiatives impacting 8 teams and 14051 stakeholders.

Core capabilities include Wireframing, Prototyping, Figma, Design Systems, Accessibility, User Research. Proficient with InVision, Zeplin, Sketch, Maze. Strong background in process design, stakeholder communication, reporting, and performance optimization. They are passionate about turning business goals into action plans that deliver measurable results in fast-moving environments."
ux/ui_designer_001,Joseph Johnson,UX/UI Designer,UX Designer,12,"Joseph Johnson is a UX Designer with 12 years of experience helping organizations improve design. At BrightPath Group, they partnered with business stakeholders to design and execute solutions that improved performance, workflow, and customer outcomes. 12 years of experience delivering design across enterprise clients and cross-functional teams. led strategic initiatives impacting 5 teams and 8947 stakeholders. drove measurable impact across product, delivery, and customer experience.

Core capabilities include Figma, Accessibility, User Research, Interaction Design, Prototyping, Wireframing. Proficient with InVision, Miro, Maze, Figma. Strong background in process design, stakeholder communication, reporting, and performance optimization. They are passionate about turning business goals into action plans that deliver measurable results in fast-moving environments."
ux/ui_designer_002,Chloe Allen,UX/UI Designer,Product Designer,7,"Chloe Allen is a Product Designer with 7 years of experience helping organizations improve prototype. At Oak & Pine, they partnered with business stakeholders to design and execute solutions that improved performance, workflow, and customer outcomes. led strategic initiatives impacting 7 teams and 8716 stakeholders. 7 years of experience delivering prototype across cross-functional teams and startup stakeholders. improved operational efficiency by 32%.

Core capabilities include Wireframing, Accessibility, Interaction Design, User Research, Prototyping, Figma. Proficient with InVision, Sketch, Figma, Maze. Strong background in process design, stakeholder communication, reporting, and performance optimization. They are passionate about turning business goals into action plans that deliver measurable results in fast-moving environments."
ux/ui_designer_003,Mason Lee,UX/UI Designer,Product Designer,9,"Mason Lee is a Product Designer with 9 years of experience helping organizations improve ux. At Nova Metrics, they partnered with business stakeholders to design and execute solutions that improved performance, workflow, and customer outcomes. led strategic initiatives impacting 9 teams and 2820 stakeholders. improved operational efficiency by 35%. drove measurable impact across product, delivery, and customer experience.

Core capabilities include Interaction Design, User Research, Prototyping, Wireframing, Accessibility, Adobe XD. Proficient with InVision, Miro, Sketch, Maze. Strong background in process design, stakeholder communication, reporting, and performance optimization. They are passionate about turning business goals into action plans that deliver measurable results in fast-moving environments."
ux/ui_designer_004,Charlotte Davis,UX/UI Designer,UX Designer,6,"Charlotte Davis is a UX Designer with 6 years of experience helping organizations improve accessibility. At EchoWorks, they partnered with business stakeholders to design and execute solutions that improved performance, workflow, and customer outcomes. led strategic initiatives impacting 20 teams and 14713 stakeholders. improved operational efficiency by 55%. 6 years of experience delivering accessibility across startup stakeholders and cross-functional teams.

Core capabilities include User Research, Interaction Design, Accessibility, Design Systems, Prototyping, Adobe XD. Proficient with Zeplin, Sketch, Figma, Miro. Strong background in process design, stakeholder communication, reporting, and performance optimization. They are passionate about turning business goals into action plans that deliver measurable results in fast-moving environments."
ux/ui_designer_005,Alexander Garcia,UX/UI Designer,UX Designer,7,"Alexander Garcia is a UX Designer with 7 years of experience helping organizations improve prototype. At EchoWorks, they partnered with business stakeholders to design and execute solutions that improved performance, workflow, and customer outcomes. 7 years of experience delivering prototype across enterprise clients and startup stakeholders. improved operational efficiency by 51%. drove measurable impact across product, delivery, and customer experience.

Core capabilities include Wireframing, Design Systems, Prototyping, Interaction Design, Figma, Accessibility. Proficient with Figma, Miro, Maze, InVision. Strong background in process design, stakeholder communication, reporting, and performance optimization. They are passionate about turning business goals into action plans that deliver measurable results in fast-moving environments."
ux/ui_designer_006,Elijah Martin,UX/UI Designer,Product Designer,14,"Elijah Martin is a Product Designer with 14 years of experience helping organizations improve design. At Crestline Partners, they partnered with business stakeholders to design and execute solutions that improved performance, workflow, and customer outcomes. led strategic initiatives impacting 23 teams and 1399 stakeholders. improved operational efficiency by 54%. 14 years of experience delivering design across cross-functional teams and startup stakeholders.

Core capabilities include Interaction Design, Prototyping, Adobe XD, User Research, Design Systems, Figma. Proficient with Miro, Figma, Zeplin, Sketch. Strong background in process design, stakeholder communication, reporting, and performance optimization. They are passionate about turning business goals into action plans that deliver measurable results in fast-moving environments."
ux/ui_designer_007,Samuel Johnson,UX/UI Designer,UI Designer,12,"Samuel Johnson is a UI Designer with 12 years of experience helping organizations improve prototype. At Oak & Pine, they partnered with business stakeholders to design and execute solutions that improved performance, workflow, and customer outcomes. drove measurable impact across product, delivery, and customer experience. led strategic initiatives impacting 7 teams and 11165 stakeholders. 12 years of experience delivering prototype across remote-first teams and cross-functional teams.

Core capabilities include Figma, Interaction Design, Accessibility, Adobe XD, Wireframing, User Research. Proficient with InVision, Zeplin, Figma, Sketch. Strong background in process design, stakeholder communication, reporting, and performance optimization. They are passionate about turning business goals into action plans that deliver measurable results in fast-moving environments."
ux/ui_designer_008,Luna Taylor,UX/UI Designer,UX Designer,3,"Luna Taylor is a UX Designer with 3 years of experience helping organizations improve prototype. At BluePeak Solutions, they partnered with business stakeholders to design and execute solutions that improved performance, workflow, and customer outcomes. led strategic initiatives impacting 22 teams and 2860 stakeholders. drove measurable impact across product, delivery, and customer experience. 3 years of experience delivering prototype across cross-functional teams and remote-first teams.

Core capabilities include Accessibility, Wireframing, Design Systems, Figma, User Research, Prototyping. Proficient with Sketch, Zeplin, Figma, InVision. Strong background in process design, stakeholder communication, reporting, and performance optimization. They are passionate about turning business goals into action plans that deliver measurable results in fast-moving environments."
ux/ui_designer_009,Harper Davis,UX/UI Designer,UI Designer,6,"Harper Davis is a UI Designer with 6 years of experience helping organizations improve accessibility. At Validus Capital, they partnered with business stakeholders to design and execute solutions that improved performance, workflow, and customer outcomes. 6 years of experience delivering accessibility across regional partners and remote-first teams. led strategic initiatives impacting 24 teams and 7031 stakeholders. improved operational efficiency by 46%.

Core capabilities include Interaction Design, User Research, Figma, Accessibility, Adobe XD, Prototyping. Proficient with Maze, Miro, Figma, Sketch. Strong background in process design, stakeholder communication, reporting, and performance optimization. They are passionate about turning business goals into action plans that deliver measurable results in fast-moving environments."
ux/ui_designer_010,Liam Martin,UX/UI Designer,UI Designer,4,"Liam Martin is a UI Designer with 4 years of experience helping organizations improve ui. At EchoWorks, they partnered with business stakeholders to design and execute solutions that improved performance, workflow, and customer outcomes. led strategic initiatives impacting 22 teams and 3163 stakeholders. improved operational efficiency by 44%. drove measurable impact across product, delivery, and customer experience.

Core capabilities include Prototyping, Figma, Adobe XD, User Research, Interaction Design, Design Systems. Proficient with Sketch, Maze, Miro, Figma. Strong background in process design, stakeholder communication, reporting, and performance optimization. They are passionate about turning business goals into action plans that deliver measurable results in fast-moving environments."
ux/ui_designer_011,Chloe Patel,UX/UI Designer,UI Designer,5,"Chloe Patel is a UI Designer with 5 years of experience helping organizations improve design. At PrimeCore, they partnered with business stakeholders to design and execute solutions that improved performance, workflow, and customer outcomes. improved operational efficiency by 47%. led strategic initiatives impacting 14 teams and 10293 stakeholders. 5 years of experience delivering design across regional partners and startup stakeholders.

Core capabilities include Figma, Interaction Design, Prototyping, Design Systems, User Research, Accessibility. Proficient with Zeplin, InVision, Miro, Sketch. Strong background in process design, stakeholder communication, reporting, and performance optimization. They are passionate about turning business goals into action plans that deliver measurable results in fast-moving environments."
ux/ui_designer_012,Evelyn Garcia,UX/UI Designer,UI Designer,7,"Evelyn Garcia is a UI Designer with 7 years of experience helping organizations improve ui. At Mercury Systems, they partnered with business stakeholders to design and execute solutions that improved performance, workflow, and customer outcomes. drove measurable impact across product, delivery, and customer experience. led strategic initiatives impacting 8 teams and 1674 stakeholders. 7 years of experience delivering ui across cross-functional teams and regional partners.

Core capabilities include Figma, Prototyping, User Research, Accessibility, Wireframing, Adobe XD. Proficient with Zeplin, Sketch, InVision, Figma. Strong background in process design, stakeholder communication, reporting, and performance optimization. They are passionate about turning business goals into action plans that deliver measurable results in fast-moving environments."
ux/ui_designer_013,Chloe Wilson,UX/UI Designer,UI Designer,4,"Chloe Wilson is a UI Designer with 4 years of experience helping organizations improve ux. At Crestline Partners, they partnered with business stakeholders to design and execute solutions that improved performance, workflow, and customer outcomes. improved operational efficiency by 43%. led strategic initiatives impacting 20 teams and 13591 stakeholders. drove measurable impact across product, delivery, and customer experience.

Core capabilities include Figma, Accessibility, User Research, Interaction Design, Prototyping, Wireframing. Proficient with Maze, Zeplin, Sketch, InVision. Strong background in process design, stakeholder communication, reporting, and performance optimization. They are passionate about turning business goals into action plans that deliver measurable results in fast-moving environments."
ux/ui_designer_014,Mason Patel,UX/UI Designer,Product Designer,10,"Mason Patel is a Product Designer with 10 years of experience helping organizations improve accessibility. At BrightPath Group, they partnered with business stakeholders to design and execute solutions that improved performance, workflow, and customer outcomes. drove measurable impact across product, delivery, and customer experience. 10 years of experience delivering accessibility across startup stakeholders and enterprise clients. improved operational efficiency by 26%.

Core capabilities include Accessibility, Adobe XD, Interaction Design, User Research, Wireframing, Prototyping. Proficient with Zeplin, Sketch, Maze, Miro. Strong background in process design, stakeholder communication, reporting, and performance optimization. They are passionate about turning business goals into action plans that deliver measurable results in fast-moving environments."
ux/ui_designer_015,Isaac Garcia,UX/UI Designer,UI Designer,7,"Isaac Garcia is a UI Designer with 7 years of experience helping organizations improve design. At CloudBridge, they partnered with business stakeholders to design and execute solutions that improved performance, workflow, and customer outcomes. 7 years of experience delivering design across enterprise clients and startup stakeholders. drove measurable impact across product, delivery, and customer experience. improved operational efficiency by 30%.

Core capabilities include Accessibility, Figma, Design Systems, Prototyping, Adobe XD, Wireframing. Proficient with Sketch, Figma, Zeplin, InVision. Strong background in process design, stakeholder communication, reporting, and performance optimization. They are passionate about turning business goals into action plans that deliver measurable results in fast-moving environments."
ux/ui_designer_016,Samuel Brown,UX/UI Designer,Product Designer,8,"Samuel Brown is a Product Designer with 8 years of experience helping organizations improve ui. At CloudBridge, they partnered with business stakeholders to design and execute solutions that improved performance, workflow, and customer outcomes. led strategic initiatives impacting 10 teams and 14200 stakeholders. drove measurable impact across product, delivery, and customer experience. improved operational efficiency by 36%.

Core capabilities include Interaction Design, User Research, Figma, Adobe XD, Design Systems, Prototyping. Proficient with InVision, Maze, Figma, Zeplin. Strong background in process design, stakeholder communication, reporting, and performance optimization. They are passionate about turning business goals into action plans that deliver measurable results in fast-moving environments."
ux/ui_designer_017,Sophia Allen,UX/UI Designer,Product Designer,3,"Sophia Allen is a Product Designer with 3 years of experience helping organizations improve ux. At Oak & Pine, they partnered with business stakeholders to design and execute solutions that improved performance, workflow, and customer outcomes. improved operational efficiency by 29%. 3 years of experience delivering ux across remote-first teams and startup stakeholders. drove measurable impact across product, delivery, and customer experience.

Core capabilities include Wireframing, User Research, Adobe XD, Design Systems, Interaction Design, Figma. Proficient with Zeplin, Maze, Figma, Miro. Strong background in process design, stakeholder communication, reporting, and performance optimization. They are passionate about turning business goals into action plans that deliver measurable results in fast-moving environments."
ux/ui_designer_018,Ella Smith,UX/UI Designer,Product Designer,9,"Ella Smith is a Product Designer with 9 years of experience helping organizations improve design. At NorthStar Labs, they partnered with business stakeholders to design and execute solutions that improved performance, workflow, and customer outcomes. led strategic initiatives impacting 25 teams and 14668 stakeholders. 9 years of experience delivering design across cross-functional teams and remote-first teams. improved operational efficiency by 37%.

Core capabilities include Design Systems, Interaction Design, Adobe XD, User Research, Wireframing, Accessibility. Proficient with Miro, Maze, Sketch, Figma. Strong background in process design, stakeholder communication, reporting, and performance optimization. They are passionate about turning business goals into action plans that deliver measurable results in fast-moving environments."
ux/ui_designer_019,Grace Johnson,UX/UI Designer,UI Designer,13,"Grace Johnson is a UI Designer with 13 years of experience helping organizations improve user research. At Oak & Pine, they partnered with business stakeholders to design and execute solutions that improved performance, workflow, and customer outcomes. 13 years of experience delivering user research across remote-first teams and startup stakeholders. improved operational efficiency by 62%. led strategic initiatives impacting 8 teams and 7114 stakeholders.

Core capabilities include Wireframing, Figma, Interaction Design, User Research, Adobe XD, Accessibility. Proficient with Zeplin, InVision, Maze, Miro. Strong background in process design, stakeholder communication, reporting, and performance optimization. They are passionate about turning business goals into action plans that deliver measurable results in fast-moving environments."
ux/ui_designer_020,Matthew Nguyen,UX/UI Designer,UX Designer,7,"Matthew Nguyen is a UX Designer with 7 years of experience helping organizations improve prototype. At Crestline Partners, they partnered with business stakeholders to design and execute solutions that improved performance, workflow, and customer outcomes. improved operational efficiency by 50%. 7 years of experience delivering prototype across regional partners and enterprise clients. drove measurable impact across product, delivery, and customer experience.

Core capabilities include User Research, Adobe XD, Prototyping, Figma, Interaction Design, Accessibility. Proficient with Maze, InVision, Figma, Sketch. Strong background in process design, stakeholder communication, reporting, and performance optimization. They are passionate about turning business goals into action plans that deliver measurable results in fast-moving environments."
ux/ui_designer_021,Aria Davis,UX/UI Designer,UI Designer,12,"Aria Davis is a UI Designer with 12 years of experience helping organizations improve wireframes. At Nova Metrics, they partnered with business stakeholders to design and execute solutions that improved performance, workflow, and customer outcomes. drove measurable impact across product, delivery, and customer experience. 12 years of experience delivering wireframes across regional partners and remote-first teams. led strategic initiatives impacting 20 teams and 7750 stakeholders.

Core capabilities include Design Systems, User Research, Accessibility, Interaction Design, Figma, Adobe XD. Proficient with Zeplin, InVision, Sketch, Figma. Strong background in process design, stakeholder communication, reporting, and performance optimization. They are passionate about turning business goals into action plans that deliver measurable results in fast-moving environments."
ux/ui_designer_022,Benjamin Brown,UX/UI Designer,Product Designer,5,"Benjamin Brown is a Product Designer with 5 years of experience helping organizations improve wireframes. At NorthStar Labs, they partnered with business stakeholders to design and execute solutions that improved performance, workflow, and customer outcomes. led strategic initiatives impacting 16 teams and 3277 stakeholders. drove measurable impact across product, delivery, and customer experience. improved operational efficiency by 37%.

Core capabilities include Wireframing, Interaction Design, Design Systems, Accessibility, Figma, Prototyping. Proficient with Maze, Figma, Zeplin, Miro. Strong background in process design, stakeholder communication, reporting, and performance optimization. They are passionate about turning business goals into action plans that deliver measurable results in fast-moving environments."
ux/ui_designer_023,James Smith,UX/UI Designer,UX Designer,13,"James Smith is a UX Designer with 13 years of experience helping organizations improve wireframes. At Oak & Pine, they partnered with business stakeholders to design and execute solutions that improved performance, workflow, and customer outcomes. led strategic initiatives impacting 20 teams and 13408 stakeholders. 13 years of experience delivering wireframes across enterprise clients and regional partners. drove measurable impact across product, delivery, and customer experience.

Core capabilities include Prototyping, Adobe XD, Interaction Design, Accessibility, Design Systems, Wireframing. Proficient with Sketch, Miro, Zeplin, Figma. Strong background in process design, stakeholder communication, reporting, and performance optimization. They are passionate about turning business goals into action plans that deliver measurable results in fast-moving environments."
ux/ui_designer_024,Olivia Nguyen,UX/UI Designer,Product Designer,10,"Olivia Nguyen is a Product Designer with 10 years of experience helping organizations improve accessibility. At Horizon One, they partnered with business stakeholders to design and execute solutions that improved performance, workflow, and customer outcomes. 10 years of experience delivering accessibility across cross-functional teams and regional partners. led strategic initiatives impacting 16 teams and 1479 stakeholders. improved operational efficiency by 29%.

Core capabilities include Figma, Wireframing, Adobe XD, User Research, Accessibility, Interaction Design. Proficient with InVision, Figma, Zeplin, Maze. Strong background in process design, stakeholder communication, reporting, and performance optimization. They are passionate about turning business goals into action plans that deliver measurable results in fast-moving environments."
ux/ui_designer_025,Matthew Taylor,UX/UI Designer,UI Designer,4,"Matthew Taylor is a UI Designer with 4 years of experience helping organizations improve wireframes. At BluePeak Solutions, they partnered with business stakeholders to design and execute solutions that improved performance, workflow, and customer outcomes. 4 years of experience delivering wireframes across remote-first teams and cross-functional teams. led strategic initiatives impacting 22 teams and 1070 stakeholders. improved operational efficiency by 66%.

Core capabilities include Wireframing, Design Systems, Interaction Design, Figma, Accessibility, User Research. Proficient with Figma, Zeplin, Sketch, InVision. Strong background in process design, stakeholder communication, reporting, and performance optimization. They are passionate about turning business goals into action plans that deliver measurable results in fast-moving environments."
ux/ui_designer_026,Daniel Allen,UX/UI Designer,UX Designer,9,"Daniel Allen is a UX Designer with 9 years of experience helping organizations improve user research. At Signal Forge, they partnered with business stakeholders to design and execute solutions that improved performance, workflow, and customer outcomes. led strategic initiatives impacting 21 teams and 3226 stakeholders. improved operational efficiency by 25%. drove measurable impact across product, delivery, and customer experience.

Core capabilities include Prototyping, Adobe XD, User Research, Wireframing, Design Systems, Figma. Proficient with Zeplin, Sketch, Maze, Figma. Strong background in process design, stakeholder communication, reporting, and performance optimization. They are passionate about turning business goals into action plans that deliver measurable results in fast-moving environments."
ux/ui_designer_027,Sebastian Nguyen,UX/UI Designer,UX Designer,7,"Sebastian Nguyen is a UX Designer with 7 years of experience helping organizations improve prototype. At Oak & Pine, they partnered with business stakeholders to design and execute solutions that improved performance, workflow, and customer outcomes. 7 years of experience delivering prototype across cross-functional teams and enterprise clients. drove measurable impact across product, delivery, and customer experience. improved operational efficiency by 48%.

Core capabilities include Prototyping, Wireframing, User Research, Interaction Design, Accessibility, Design Systems. Proficient with Maze, Sketch, Miro, Zeplin. Strong background in process design, stakeholder communication, reporting, and performance optimization. They are passionate about turning business goals into action plans that deliver measurable results in fast-moving environments."
ux/ui_designer_028,Olivia Moore,UX/UI Designer,UI Designer,10,"Olivia Moore is a UI Designer with 10 years of experience helping organizations improve user research. At Pioneer Enterprise, they partnered with business stakeholders to design and execute solutions that improved performance, workflow, and customer outcomes. led strategic initiatives impacting 24 teams and 14828 stakeholders. 10 years of experience delivering user research across cross-functional teams and remote-first teams. drove measurable impact across product, delivery, and customer experience.

Core capabilities include Prototyping, Figma, Adobe XD, Wireframing, Design Systems, User Research. Proficient with Zeplin, Figma, Sketch, Miro. Strong background in process design, stakeholder communication, reporting, and performance optimization. They are passionate about turning business goals into action plans that deliver measurable results in fast-moving environments."
ux/ui_designer_029,Alexander Harris,UX/UI Designer,UI Designer,14,"Alexander Harris is a UI Designer with 14 years of experience helping organizations improve user research. At EchoWorks, they partnered with business stakeholders to design and execute solutions that improved performance, workflow, and customer outcomes. 14 years of experience delivering user research across remote-first teams and cross-functional teams. improved operational efficiency by 67%. drove measurable impact across product, delivery, and customer experience.

Core capabilities include Design Systems, Interaction Design, Accessibility, Wireframing, User Research, Prototyping. Proficient with Miro, Zeplin, Maze, Sketch. Strong background in process design, stakeholder communication, reporting, and performance optimization. They are passionate about turning business goals into action plans that deliver measurable results in fast-moving environments."
ux/ui_designer_030,Joseph Garcia,UX/UI Designer,Product Designer,4,"Joseph Garcia is a Product Designer with 4 years of experience helping organizations improve design. At Signal Forge, they partnered with business stakeholders to design and execute solutions that improved performance, workflow, and customer outcomes. 4 years of experience delivering design across cross-functional teams and remote-first teams. drove measurable impact across product, delivery, and customer experience. improved operational efficiency by 57%.

Core capabilities include Prototyping, Accessibility, Figma, Interaction Design, Wireframing, User Research. Proficient with Figma, Sketch, Maze, InVision. Strong background in process design, stakeholder communication, reporting, and performance optimization. They are passionate about turning business goals into action plans that deliver measurable results in fast-moving environments."
ux/ui_designer_031,David Lee,UX/UI Designer,UI Designer,12,"David Lee is a UI Designer with 12 years of experience helping organizations improve prototype. At BrightPath Group, they partnered with business stakeholders to design and execute solutions that improved performance, workflow, and customer outcomes. led strategic initiatives impacting 17 teams and 8250 stakeholders. 12 years of experience delivering prototype across startup stakeholders and regional partners. drove measurable impact across product, delivery, and customer experience.

Core capabilities include Adobe XD, Design Systems, User Research, Interaction Design, Accessibility, Wireframing. Proficient with Zeplin, Figma, Miro, Sketch. Strong background in process design, stakeholder communication, reporting, and performance optimization. They are passionate about turning business goals into action plans that deliver measurable results in fast-moving environments."
ux/ui_designer_032,James Young,UX/UI Designer,Product Designer,14,"James Young is a Product Designer with 14 years of experience helping organizations improve ui. At Greenline Ventures, they partnered with business stakeholders to design and execute solutions that improved performance, workflow, and customer outcomes. improved operational efficiency by 48%. drove measurable impact across product, delivery, and customer experience. 14 years of experience delivering ui across regional partners and startup stakeholders.

Core capabilities include User Research, Wireframing, Interaction Design, Prototyping, Adobe XD, Accessibility. Proficient with Maze, Miro, Figma, InVision. Strong background in process design, stakeholder communication, reporting, and performance optimization. They are passionate about turning business goals into action plans that deliver measurable results in fast-moving environments."
ux/ui_designer_033,Samuel Wilson,UX/UI Designer,UI Designer,11,"Samuel Wilson is a UI Designer with 11 years of experience helping organizations improve prototype. At Pioneer Enterprise, they partnered with business stakeholders to design and execute solutions that improved performance, workflow, and customer outcomes. led strategic initiatives impacting 25 teams and 6591 stakeholders. 11 years of experience delivering prototype across regional partners and enterprise clients. improved operational efficiency by 66%.

Core capabilities include Accessibility, Interaction Design, User Research, Adobe XD, Figma, Wireframing. Proficient with Zeplin, Figma, Sketch, Maze. Strong background in process design, stakeholder communication, reporting, and performance optimization. They are passionate about turning business goals into action plans that deliver measurable results in fast-moving environments."
ux/ui_designer_034,Isabella Taylor,UX/UI Designer,UI Designer,7,"Isabella Taylor is a UI Designer with 7 years of experience helping organizations improve design. At Mercury Systems, they partnered with business stakeholders to design and execute solutions that improved performance, workflow, and customer outcomes. led strategic initiatives impacting 19 teams and 11776 stakeholders. drove measurable impact across product, delivery, and customer experience. improved operational efficiency by 20%.

Core capabilities include Wireframing, Prototyping, Interaction Design, User Research, Figma, Design Systems. Proficient with Figma, InVision, Miro, Sketch. Strong background in process design, stakeholder communication, reporting, and performance optimization. They are passionate about turning business goals into action plans that deliver measurable results in fast-moving environments."
ux/ui_designer_035,Henry Patel,UX/UI Designer,Product Designer,9,"Henry Patel is a Product Designer with 9 years of experience helping organizations improve accessibility. At BluePeak Solutions, they partnered with business stakeholders to design and execute solutions that improved performance, workflow, and customer outcomes. drove measurable impact across product, delivery, and customer experience. improved operational efficiency by 50%. led strategic initiatives impacting 15 teams and 3730 stakeholders.

Core capabilities include Figma, User Research, Wireframing, Design Systems, Accessibility, Prototyping. Proficient with Zeplin, Figma, Maze, Miro. Strong background in process design, stakeholder communication, reporting, and performance optimization. They are passionate about turning business goals into action plans that deliver measurable results in fast-moving environments."
ux/ui_designer_036,Amelia Harris,UX/UI Designer,Product Designer,14,"Amelia Harris is a Product Designer with 14 years of experience helping organizations improve design. At PrimeCore, they partnered with business stakeholders to design and execute solutions that improved performance, workflow, and customer outcomes. led strategic initiatives impacting 7 teams and 10280 stakeholders. improved operational efficiency by 35%. 14 years of experience delivering design across enterprise clients and remote-first teams.

Core capabilities include Wireframing, User Research, Interaction Design, Figma, Accessibility, Adobe XD. Proficient with Maze, Sketch, Figma, InVision. Strong background in process design, stakeholder communication, reporting, and performance optimization. They are passionate about turning business goals into action plans that deliver measurable results in fast-moving environments."
ux/ui_designer_037,Isabella Martin,UX/UI Designer,Product Designer,6,"Isabella Martin is a Product Designer with 6 years of experience helping organizations improve accessibility. At EchoWorks, they partnered with business stakeholders to design and execute solutions that improved performance, workflow, and customer outcomes. improved operational efficiency by 19%. drove measurable impact across product, delivery, and customer experience. led strategic initiatives impacting 25 teams and 12523 stakeholders.

Core capabilities include Design Systems, Wireframing, Accessibility, Adobe XD, User Research, Figma. Proficient with Maze, Miro, InVision, Zeplin. Strong background in process design, stakeholder communication, reporting, and performance optimization. They are passionate about turning business goals into action plans that deliver measurable results in fast-moving environments."
ux/ui_designer_038,Benjamin Thomas,UX/UI Designer,UI Designer,12,"Benjamin Thomas is a UI Designer with 12 years of experience helping organizations improve accessibility. At Crestline Partners, they partnered with business stakeholders to design and execute solutions that improved performance, workflow, and customer outcomes. improved operational efficiency by 38%. led strategic initiatives impacting 7 teams and 11386 stakeholders. drove measurable impact across product, delivery, and customer experience.

Core capabilities include Interaction Design, Design Systems, Accessibility, Figma, Prototyping, Wireframing. Proficient with Maze, Sketch, Zeplin, Figma. Strong background in process design, stakeholder communication, reporting, and performance optimization. They are passionate about turning business goals into action plans that deliver measurable results in fast-moving environments."
ux/ui_designer_039,Abigail Johnson,UX/UI Designer,UI Designer,12,"Abigail Johnson is a UI Designer with 12 years of experience helping organizations improve accessibility. At Greenline Ventures, they partnered with business stakeholders to design and execute solutions that improved performance, workflow, and customer outcomes. improved operational efficiency by 45%. 12 years of experience delivering accessibility across regional partners and startup stakeholders. led strategic initiatives impacting 25 teams and 1606 stakeholders.

Core capabilities include Wireframing, Adobe XD, Prototyping, Figma, Accessibility, Design Systems. Proficient with Figma, Sketch, InVision, Zeplin. Strong background in process design, stakeholder communication, reporting, and performance optimization. They are passionate about turning business goals into action plans that deliver measurable results in fast-moving environments."
ux/ui_designer_040,Sophia Patel,UX/UI Designer,UI Designer,14,"Sophia Patel is a UI Designer with 14 years of experience helping organizations improve wireframes. At Signal Forge, they partnered with business stakeholders to design and execute solutions that improved performance, workflow, and customer outcomes. 14 years of experience delivering wireframes across regional partners and remote-first teams. improved operational efficiency by 22%. led strategic initiatives impacting 18 teams and 6954 stakeholders.

Core capabilities include Design Systems, Accessibility, Adobe XD, Prototyping, Figma, User Research. Proficient with Maze, Figma, Zeplin, Miro. Strong background in process design, stakeholder communication, reporting, and performance optimization. They are passionate about turning business goals into action plans that deliver measurable results in fast-moving environments."
ux/ui_designer_041,Elijah Kim,UX/UI Designer,Product Designer,13,"Elijah Kim is a Product Designer with 13 years of experience helping organizations improve accessibility. At Signal Forge, they partnered with business stakeholders to design and execute solutions that improved performance, workflow, and customer outcomes. improved operational efficiency by 65%. 13 years of experience delivering accessibility across regional partners and startup stakeholders. drove measurable impact across product, delivery, and customer experience.

Core capabilities include Prototyping, Design Systems, Accessibility, Interaction Design, User Research, Adobe XD. Proficient with Figma, Sketch, Miro, Zeplin. Strong background in process design, stakeholder communication, reporting, and performance optimization. They are passionate about turning business goals into action plans that deliver measurable results in fast-moving environments."
ux/ui_designer_042,James Lee,UX/UI Designer,UI Designer,9,"James Lee is a UI Designer with 9 years of experience helping organizations improve prototype. At Oak & Pine, they partnered with business stakeholders to design and execute solutions that improved performance, workflow, and customer outcomes. led strategic initiatives impacting 9 teams and 6947 stakeholders. drove measurable impact across product, delivery, and customer experience. improved operational efficiency by 35%.

Core capabilities include Design Systems, Interaction Design, Adobe XD, Figma, Wireframing, User Research. Proficient with InVision, Figma, Miro, Maze. Strong background in process design, stakeholder communication, reporting, and performance optimization. They are passionate about turning business goals into action plans that deliver measurable results in fast-moving environments."
ux/ui_designer_043,Leo Patel,UX/UI Designer,Product Designer,11,"Leo Patel is a Product Designer with 11 years of experience helping organizations improve design. At BrightPath Group, they partnered with business stakeholders to design and execute solutions that improved performance, workflow, and customer outcomes. led strategic initiatives impacting 17 teams and 1128 stakeholders. improved operational efficiency by 46%. drove measurable impact across product, delivery, and customer experience.

Core capabilities include Figma, Accessibility, Interaction Design, Prototyping, User Research, Wireframing. Proficient with Maze, InVision, Zeplin, Miro. Strong background in process design, stakeholder communication, reporting, and performance optimization. They are passionate about turning business goals into action plans that deliver measurable results in fast-moving environments."
ux/ui_designer_044,Liam Garcia,UX/UI Designer,UI Designer,5,"Liam Garcia is a UI Designer with 5 years of experience helping organizations improve wireframes. At Oak & Pine, they partnered with business stakeholders to design and execute solutions that improved performance, workflow, and customer outcomes. drove measurable impact across product, delivery, and customer experience. led strategic initiatives impacting 10 teams and 12443 stakeholders. 5 years of experience delivering wireframes across remote-first teams and startup stakeholders.

Core capabilities include User Research, Wireframing, Accessibility, Adobe XD, Interaction Design, Figma. Proficient with InVision, Figma, Maze, Sketch. Strong background in process design, stakeholder communication, reporting, and performance optimization. They are passionate about turning business goals into action plans that deliver measurable results in fast-moving environments."
ux/ui_designer_045,Isabella Jackson,UX/UI Designer,Product Designer,13,"Isabella Jackson is a Product Designer with 13 years of experience helping organizations improve wireframes. At Nova Metrics, they partnered with business stakeholders to design and execute solutions that improved performance, workflow, and customer outcomes. drove measurable impact across product, delivery, and customer experience. led strategic initiatives impacting 25 teams and 6006 stakeholders. 13 years of experience delivering wireframes across enterprise clients and startup stakeholders.

Core capabilities include Accessibility, Wireframing, Adobe XD, Figma, Design Systems, User Research. Proficient with Miro, Sketch, Maze, InVision. Strong background in process design, stakeholder communication, reporting, and performance optimization. They are passionate about turning business goals into action plans that deliver measurable results in fast-moving environments."
ux/ui_designer_046,Ethan Johnson,UX/UI Designer,UX Designer,10,"Ethan Johnson is a UX Designer with 10 years of experience helping organizations improve user research. At PrimeCore, they partnered with business stakeholders to design and execute solutions that improved performance, workflow, and customer outcomes. drove measurable impact across product, delivery, and customer experience. 10 years of experience delivering user research across remote-first teams and regional partners. improved operational efficiency by 30%.

Core capabilities include User Research, Interaction Design, Design Systems, Wireframing, Adobe XD, Prototyping. Proficient with Maze, Sketch, InVision, Figma. Strong background in process design, stakeholder communication, reporting, and performance optimization. They are passionate about turning business goals into action plans that deliver measurable results in fast-moving environments."
ux/ui_designer_047,Ella Allen,UX/UI Designer,UX Designer,2,"Ella Allen is a UX Designer with 2 years of experience helping organizations improve design. At Oak & Pine, they partnered with business stakeholders to design and execute solutions that improved performance, workflow, and customer outcomes. improved operational efficiency by 27%. drove measurable impact across product, delivery, and customer experience. 2 years of experience delivering design across regional partners and remote-first teams.

Core capabilities include Wireframing, Figma, Adobe XD, Prototyping, User Research, Accessibility. Proficient with Sketch, Figma, Maze, InVision. Strong background in process design, stakeholder communication, reporting, and performance optimization. They are passionate about turning business goals into action plans that deliver measurable results in fast-moving environments."
ux/ui_designer_048,Ava Walker,UX/UI Designer,UI Designer,14,"Ava Walker is a UI Designer with 14 years of experience helping organizations improve prototype. At Oak & Pine, they partnered with business stakeholders to design and execute solutions that improved performance, workflow, and customer outcomes. improved operational efficiency by 36%. led strategic initiatives impacting 11 teams and 7853 stakeholders. 14 years of experience delivering prototype across cross-functional teams and regional partners.

Core capabilities include Adobe XD, Figma, Prototyping, Accessibility, Design Systems, Wireframing. Proficient with InVision, Maze, Zeplin, Figma. Strong background in process design, stakeholder communication, reporting, and performance optimization. They are passionate about turning business goals into action plans that deliver measurable results in fast-moving environments."
ux/ui_designer_049,Lucas Smith,UX/UI Designer,UI Designer,5,"Lucas Smith is a UI Designer with 5 years of experience helping organizations improve accessibility. At Vertex Studios, they partnered with business stakeholders to design and execute solutions that improved performance, workflow, and customer outcomes. drove measurable impact across product, delivery, and customer experience. 5 years of experience delivering accessibility across cross-functional teams and startup stakeholders. led strategic initiatives impacting 18 teams and 13060 stakeholders.

Core capabilities include Adobe XD, Prototyping, User Research, Design Systems, Wireframing, Figma. Proficient with Figma, Maze, Sketch, Zeplin. Strong background in process design, stakeholder communication, reporting, and performance optimization. They are passionate about turning business goals into action plans that deliver measurable results in fast-moving environments."
ux/ui_designer_050,Sebastian Nguyen,UX/UI Designer,UX Designer,7,"Sebastian Nguyen is a UX Designer with 7 years of experience helping organizations improve ux. At Vertex Studios, they partnered with business stakeholders to design and execute solutions that improved performance, workflow, and customer outcomes. improved operational efficiency by 53%. led strategic initiatives impacting 6 teams and 10510 stakeholders. 7 years of experience delivering ux across remote-first teams and cross-functional teams.

Core capabilities include Adobe XD, User Research, Design Systems, Accessibility, Figma, Wireframing. Proficient with InVision, Zeplin, Maze, Sketch. Strong background in process design, stakeholder communication, reporting, and performance optimization. They are passionate about turning business goals into action plans that deliver measurable results in fast-moving environments."
ux/ui_designer_051,Luna Harris,UX/UI Designer,UI Designer,9,"Luna Harris is a UI Designer with 9 years of experience helping organizations improve ux. At Nova Metrics, they partnered with business stakeholders to design and execute solutions that improved performance, workflow, and customer outcomes. drove measurable impact across product, delivery, and customer experience. improved operational efficiency by 65%. led strategic initiatives impacting 16 teams and 8046 stakeholders.

Core capabilities include Prototyping, User Research, Accessibility, Design Systems, Wireframing, Figma. Proficient with InVision, Figma, Miro, Zeplin. Strong background in process design, stakeholder communication, reporting, and performance optimization. They are passionate about turning business goals into action plans that deliver measurable results in fast-moving environments."
ux/ui_designer_052,Michael Davis,UX/UI Designer,UI Designer,4,"Michael Davis is a UI Designer with 4 years of experience helping organizations improve ui. At Mercury Systems, they partnered with business stakeholders to design and execute solutions that improved performance, workflow, and customer outcomes. led strategic initiatives impacting 10 teams and 12566 stakeholders. improved operational efficiency by 34%. 4 years of experience delivering ui across enterprise clients and startup stakeholders.

Core capabilities include Adobe XD, Interaction Design, Prototyping, Design Systems, Wireframing, Figma. Proficient with Sketch, Miro, Figma, Maze. Strong background in process design, stakeholder communication, reporting, and performance optimization. They are passionate about turning business goals into action plans that deliver measurable results in fast-moving environments."
ux/ui_designer_053,Joseph Nguyen,UX/UI Designer,UI Designer,7,"Joseph Nguyen is a UI Designer with 7 years of experience helping organizations improve user research. At Mercury Systems, they partnered with business stakeholders to design and execute solutions that improved performance, workflow, and customer outcomes. 7 years of experience delivering user research across cross-functional teams and remote-first teams. drove measurable impact across product, delivery, and customer experience. led strategic initiatives impacting 23 teams and 4479 stakeholders.

Core capabilities include Adobe XD, Wireframing, Interaction Design, Figma, Prototyping, Design Systems. Proficient with InVision, Figma, Sketch, Maze. Strong background in process design, stakeholder communication, reporting, and performance optimization. They are passionate about turning business goals into action plans that deliver measurable results in fast-moving environments."
ux/ui_designer_054,Grace Martin,UX/UI Designer,UX Designer,14,"Grace Martin is a UX Designer with 14 years of experience helping organizations improve prototype. At Nova Metrics, they partnered with business stakeholders to design and execute solutions that improved performance, workflow, and customer outcomes. drove measurable impact across product, delivery, and customer experience. led strategic initiatives impacting 20 teams and 8439 stakeholders. 14 years of experience delivering prototype across enterprise clients and regional partners.

Core capabilities include Prototyping, User Research, Figma, Interaction Design, Accessibility, Adobe XD. Proficient with InVision, Zeplin, Figma, Sketch. Strong background in process design, stakeholder communication, reporting, and performance optimization. They are passionate about turning business goals into action plans that deliver measurable results in fast-moving environments."
ux/ui_designer_055,Jack Nguyen,UX/UI Designer,Product Designer,11,"Jack Nguyen is a Product Designer with 11 years of experience helping organizations improve prototype. At Lakeview Health, they partnered with business stakeholders to design and execute solutions that improved performance, workflow, and customer outcomes. improved operational efficiency by 23%. 11 years of experience delivering prototype across regional partners and startup stakeholders. led strategic initiatives impacting 17 teams and 5180 stakeholders.

Core capabilities include Accessibility, Adobe XD, Interaction Design, Design Systems, Prototyping, Figma. Proficient with Figma, InVision, Zeplin, Miro. Strong background in process design, stakeholder communication, reporting, and performance optimization. They are passionate about turning business goals into action plans that deliver measurable results in fast-moving environments."
ux/ui_designer_056,Liam Patel,UX/UI Designer,UX Designer,4,"Liam Patel is a UX Designer with 4 years of experience helping organizations improve prototype. At Horizon One, they partnered with business stakeholders to design and execute solutions that improved performance, workflow, and customer outcomes. drove measurable impact across product, delivery, and customer experience. led strategic initiatives impacting 8 teams and 14632 stakeholders. 4 years of experience delivering prototype across cross-functional teams and remote-first teams.

Core capabilities include Interaction Design, User Research, Accessibility, Prototyping, Figma, Design Systems. Proficient with Maze, Miro, InVision, Zeplin. Strong background in process design, stakeholder communication, reporting, and performance optimization. They are passionate about turning business goals into action plans that deliver measurable results in fast-moving environments."
ux/ui_designer_057,Joseph Thomas,UX/UI Designer,UI Designer,9,"Joseph Thomas is a UI Designer with 9 years of experience helping organizations improve ui. At EchoWorks, they partnered with business stakeholders to design and execute solutions that improved performance, workflow, and customer outcomes. improved operational efficiency by 61%. led strategic initiatives impacting 12 teams and 11610 stakeholders. 9 years of experience delivering ui across remote-first teams and startup stakeholders.

Core capabilities include Interaction Design, Figma, Wireframing, User Research, Prototyping, Accessibility. Proficient with Miro, Maze, Figma, Zeplin. Strong background in process design, stakeholder communication, reporting, and performance optimization. They are passionate about turning business goals into action plans that deliver measurable results in fast-moving environments."
ux/ui_designer_058,Abigail Thomas,UX/UI Designer,UI Designer,3,"Abigail Thomas is a UI Designer with 3 years of experience helping organizations improve wireframes. At Summit Works, they partnered with business stakeholders to design and execute solutions that improved performance, workflow, and customer outcomes. led strategic initiatives impacting 21 teams and 2763 stakeholders. improved operational efficiency by 20%. 3 years of experience delivering wireframes across regional partners and enterprise clients.

Core capabilities include Adobe XD, User Research, Prototyping, Accessibility, Interaction Design, Figma. Proficient with Zeplin, Maze, InVision, Miro. Strong background in process design, stakeholder communication, reporting, and performance optimization. They are passionate about turning business goals into action plans that deliver measurable results in fast-moving environments."
ux/ui_designer_059,David Allen,UX/UI Designer,UI Designer,7,"David Allen is a UI Designer with 7 years of experience helping organizations improve ui. At Vertex Studios, they partnered with business stakeholders to design and execute solutions that improved performance, workflow, and customer outcomes. led strategic initiatives impacting 14 teams and 6143 stakeholders. drove measurable impact across product, delivery, and customer experience. improved operational efficiency by 44%.

Core capabilities include Prototyping, Interaction Design, Design Systems, Figma, Accessibility, User Research. Proficient with Miro, Maze, Sketch, Figma. Strong background in process design, stakeholder communication, reporting, and performance optimization. They are passionate about turning business goals into action plans that deliver measurable results in fast-moving environments."
ux/ui_designer_060,Isaac Wilson,UX/UI Designer,UI Designer,14,"Isaac Wilson is a UI Designer with 14 years of experience helping organizations improve ux. At Vertex Studios, they partnered with business stakeholders to design and execute solutions that improved performance, workflow, and customer outcomes. led strategic initiatives impacting 25 teams and 8817 stakeholders. drove measurable impact across product, delivery, and customer experience. improved operational efficiency by 28%.

Core capabilities include Wireframing, Prototyping, Figma, Design Systems, User Research, Adobe XD. Proficient with Figma, Maze, Miro, Zeplin. Strong background in process design, stakeholder communication, reporting, and performance optimization. They are passionate about turning business goals into action plans that deliver measurable results in fast-moving environments."
ux/ui_designer_061,Avery Harris,UX/UI Designer,UI Designer,11,"Avery Harris is a UI Designer with 11 years of experience helping organizations improve wireframes. At BrightPath Group, they partnered with business stakeholders to design and execute solutions that improved performance, workflow, and customer outcomes. improved operational efficiency by 19%. drove measurable impact across product, delivery, and customer experience. 11 years of experience delivering wireframes across enterprise clients and cross-functional teams.

Core capabilities include Accessibility, Adobe XD, Interaction Design, Wireframing, User Research, Figma. Proficient with Sketch, Miro, Figma, Maze. Strong background in process design, stakeholder communication, reporting, and performance optimization. They are passionate about turning business goals into action plans that deliver measurable results in fast-moving environments."
ux/ui_designer_062,Alexander Young,UX/UI Designer,UX Designer,3,"Alexander Young is a UX Designer with 3 years of experience helping organizations improve ui. At Greenline Ventures, they partnered with business stakeholders to design and execute solutions that improved performance, workflow, and customer outcomes. drove measurable impact across product, delivery, and customer experience. led strategic initiatives impacting 12 teams and 4298 stakeholders. improved operational efficiency by 55%.

Core capabilities include Adobe XD, Prototyping, Wireframing, Accessibility, Figma, Design Systems. Proficient with Sketch, Miro, Maze, Zeplin. Strong background in process design, stakeholder communication, reporting, and performance optimization. They are passionate about turning business goals into action plans that deliver measurable results in fast-moving environments."
ux/ui_designer_063,Noah Davis,UX/UI Designer,UX Designer,3,"Noah Davis is a UX Designer with 3 years of experience helping organizations improve user research. At PrimeCore, they partnered with business stakeholders to design and execute solutions that improved performance, workflow, and customer outcomes. 3 years of experience delivering user research across regional partners and startup stakeholders. improved operational efficiency by 32%. drove measurable impact across product, delivery, and customer experience.

Core capabilities include Interaction Design, Wireframing, Adobe XD, Design Systems, User Research, Figma. Proficient with Maze, Miro, Zeplin, InVision. Strong background in process design, stakeholder communication, reporting, and performance optimization. They are passionate about turning business goals into action plans that deliver measurable results in fast-moving environments."
ux/ui_designer_064,Sebastian Martin,UX/UI Designer,UI Designer,12,"Sebastian Martin is a UI Designer with 12 years of experience helping organizations improve prototype. At Crestline Partners, they partnered with business stakeholders to design and execute solutions that improved performance, workflow, and customer outcomes. improved operational efficiency by 40%. drove measurable impact across product, delivery, and customer experience. led strategic initiatives impacting 19 teams and 4802 stakeholders.

Core capabilities include Adobe XD, Figma, Wireframing, Design Systems, User Research, Prototyping. Proficient with Miro, Maze, Figma, Zeplin. Strong background in process design, stakeholder communication, reporting, and performance optimization. They are passionate about turning business goals into action plans that deliver measurable results in fast-moving environments."
ux/ui_designer_065,Avery Thomas,UX/UI Designer,UX Designer,6,"Avery Thomas is a UX Designer with 6 years of experience helping organizations improve user research. At Lakeview Health, they partnered with business stakeholders to design and execute solutions that improved performance, workflow, and customer outcomes. led strategic initiatives impacting 11 teams and 3561 stakeholders. 6 years of experience delivering user research across startup stakeholders and cross-functional teams. improved operational efficiency by 29%.

Core capabilities include Interaction Design, Wireframing, Accessibility, User Research, Adobe XD, Figma. Proficient with Zeplin, Sketch, InVision, Maze. Strong background in process design, stakeholder communication, reporting, and performance optimization. They are passionate about turning business goals into action plans that deliver measurable results in fast-moving environments."
ux/ui_designer_066,Joseph Smith,UX/UI Designer,UX Designer,5,"Joseph Smith is a UX Designer with 5 years of experience helping organizations improve accessibility. At Signal Forge, they partnered with business stakeholders to design and execute solutions that improved performance, workflow, and customer outcomes. improved operational efficiency by 57%. led strategic initiatives impacting 12 teams and 2977 stakeholders. drove measurable impact across product, delivery, and customer experience.

Core capabilities include Figma, Adobe XD, User Research, Accessibility, Design Systems, Wireframing. Proficient with Sketch, Miro, Figma, Maze. Strong background in process design, stakeholder communication, reporting, and performance optimization. They are passionate about turning business goals into action plans that deliver measurable results in fast-moving environments."
ux/ui_designer_067,Jack Taylor,UX/UI Designer,UX Designer,14,"Jack Taylor is a UX Designer with 14 years of experience helping organizations improve accessibility. At BrightPath Group, they partnered with business stakeholders to design and execute solutions that improved performance, workflow, and customer outcomes. 14 years of experience delivering accessibility across regional partners and enterprise clients. led strategic initiatives impacting 6 teams and 9311 stakeholders. drove measurable impact across product, delivery, and customer experience.

Core capabilities include Design Systems, Prototyping, Accessibility, Adobe XD, Figma, User Research. Proficient with Figma, Maze, Zeplin, Miro. Strong background in process design, stakeholder communication, reporting, and performance optimization. They are passionate about turning business goals into action plans that deliver measurable results in fast-moving environments."
ux/ui_designer_068,Benjamin Taylor,UX/UI Designer,UX Designer,13,"Benjamin Taylor is a UX Designer with 13 years of experience helping organizations improve ui. At BrightPath Group, they partnered with business stakeholders to design and execute solutions that improved performance, workflow, and customer outcomes. led strategic initiatives impacting 5 teams and 5019 stakeholders. improved operational efficiency by 44%. drove measurable impact across product, delivery, and customer experience.

Core capabilities include Adobe XD, Interaction Design, Design Systems, Wireframing, Figma, Accessibility. Proficient with Miro, InVision, Zeplin, Figma. Strong background in process design, stakeholder communication, reporting, and performance optimization. They are passionate about turning business goals into action plans that deliver measurable results in fast-moving environments."
ux/ui_designer_069,Luna Johnson,UX/UI Designer,UX Designer,6,"Luna Johnson is a UX Designer with 6 years of experience helping organizations improve ui. At Oak & Pine, they partnered with business stakeholders to design and execute solutions that improved performance, workflow, and customer outcomes. led strategic initiatives impacting 16 teams and 1487 stakeholders. 6 years of experience delivering ui across startup stakeholders and regional partners. drove measurable impact across product, delivery, and customer experience.

Core capabilities include Interaction Design, User Research, Accessibility, Prototyping, Design Systems, Adobe XD. Proficient with Maze, Sketch, Zeplin, Miro. Strong background in process design, stakeholder communication, reporting, and performance optimization. They are passionate about turning business goals into action plans that deliver measurable results in fast-moving environments."
ux/ui_designer_070,Michael Martin,UX/UI Designer,UX Designer,7,"Michael Martin is a UX Designer with 7 years of experience helping organizations improve ui. At EchoWorks, they partnered with business stakeholders to design and execute solutions that improved performance, workflow, and customer outcomes. drove measurable impact across product, delivery, and customer experience. improved operational efficiency by 43%. 7 years of experience delivering ui across remote-first teams and startup stakeholders.

Core capabilities include Interaction Design, Adobe XD, Prototyping, Wireframing, Figma, Accessibility. Proficient with Figma, Sketch, Miro, InVision. Strong background in process design, stakeholder communication, reporting, and performance optimization. They are passionate about turning business goals into action plans that deliver measurable results in fast-moving environments."
ux/ui_designer_071,Henry Walker,UX/UI Designer,Product Designer,4,"Henry Walker is a Product Designer with 4 years of experience helping organizations improve user research. At Lakeview Health, they partnered with business stakeholders to design and execute solutions that improved performance, workflow, and customer outcomes. drove measurable impact across product, delivery, and customer experience. 4 years of experience delivering user research across enterprise clients and remote-first teams. led strategic initiatives impacting 9 teams and 9527 stakeholders.

Core capabilities include Interaction Design, Wireframing, Accessibility, Prototyping, Adobe XD, User Research. Proficient with InVision, Maze, Sketch, Zeplin. Strong background in process design, stakeholder communication, reporting, and performance optimization. They are passionate about turning business goals into action plans that deliver measurable results in fast-moving environments."
ux/ui_designer_072,Luna Young,UX/UI Designer,UI Designer,10,"Luna Young is a UI Designer with 10 years of experience helping organizations improve ui. At Summit Works, they partnered with business stakeholders to design and execute solutions that improved performance, workflow, and customer outcomes. 10 years of experience delivering ui across remote-first teams and regional partners. led strategic initiatives impacting 21 teams and 6807 stakeholders. drove measurable impact across product, delivery, and customer experience.

Core capabilities include User Research, Figma, Interaction Design, Design Systems, Adobe XD, Accessibility. Proficient with InVision, Maze, Figma, Miro. Strong background in process design, stakeholder communication, reporting, and performance optimization. They are passionate about turning business goals into action plans that deliver measurable results in fast-moving environments."
ux/ui_designer_073,Chloe Smith,UX/UI Designer,Product Designer,13,"Chloe Smith is a Product Designer with 13 years of experience helping organizations improve design. At Vertex Studios, they partnered with business stakeholders to design and execute solutions that improved performance, workflow, and customer outcomes. improved operational efficiency by 24%. led strategic initiatives impacting 15 teams and 9461 stakeholders. drove measurable impact across product, delivery, and customer experience.

Core capabilities include Adobe XD, User Research, Prototyping, Design Systems, Accessibility, Wireframing. Proficient with InVision, Miro, Sketch, Zeplin. Strong background in process design, stakeholder communication, reporting, and performance optimization. They are passionate about turning business goals into action plans that deliver measurable results in fast-moving environments."
ux/ui_designer_074,Olivia Brown,UX/UI Designer,Product Designer,8,"Olivia Brown is a Product Designer with 8 years of experience helping organizations improve wireframes. At Pioneer Enterprise, they partnered with business stakeholders to design and execute solutions that improved performance, workflow, and customer outcomes. led strategic initiatives impacting 22 teams and 9502 stakeholders. improved operational efficiency by 55%. drove measurable impact across product, delivery, and customer experience.

Core capabilities include Interaction Design, Figma, Adobe XD, Accessibility, Wireframing, Design Systems. Proficient with Maze, Sketch, Miro, Figma. Strong background in process design, stakeholder communication, reporting, and performance optimization. They are passionate about turning business goals into action plans that deliver measurable results in fast-moving environments."
ux/ui_designer_075,Alexander Thomas,UX/UI Designer,Product Designer,9,"Alexander Thomas is a Product Designer with 9 years of experience helping organizations improve user research. At EchoWorks, they partnered with business stakeholders to design and execute solutions that improved performance, workflow, and customer outcomes. led strategic initiatives impacting 11 teams and 8461 stakeholders. 9 years of experience delivering user research across regional partners and enterprise clients. drove measurable impact across product, delivery, and customer experience.

Core capabilities include Interaction Design, Adobe XD, Prototyping, Accessibility, Design Systems, Wireframing. Proficient with Miro, Maze, Sketch, InVision. Strong background in process design, stakeholder communication, reporting, and performance optimization. They are passionate about turning business goals into action plans that deliver measurable results in fast-moving environments."
ux/ui_designer_076,Sebastian Taylor,UX/UI Designer,UX Designer,11,"Sebastian Taylor is a UX Designer with 11 years of experience helping organizations improve wireframes. At Crestline Partners, they partnered with business stakeholders to design and execute solutions that improved performance, workflow, and customer outcomes. improved operational efficiency by 36%. 11 years of experience delivering wireframes across remote-first teams and regional partners. led strategic initiatives impacting 20 teams and 1458 stakeholders.

Core capabilities include Interaction Design, Figma, Adobe XD, User Research, Design Systems, Accessibility. Proficient with Zeplin, Sketch, Figma, Miro. Strong background in process design, stakeholder communication, reporting, and performance optimization. They are passionate about turning business goals into action plans that deliver measurable results in fast-moving environments."
ux/ui_designer_077,Noah Smith,UX/UI Designer,UI Designer,5,"Noah Smith is a UI Designer with 5 years of experience helping organizations improve ux. At Crestline Partners, they partnered with business stakeholders to design and execute solutions that improved performance, workflow, and customer outcomes. improved operational efficiency by 39%. 5 years of experience delivering ux across regional partners and startup stakeholders. led strategic initiatives impacting 17 teams and 8786 stakeholders.

Core capabilities include Adobe XD, Figma, Interaction Design, Design Systems, User Research, Accessibility. Proficient with Figma, Maze, Zeplin, InVision. Strong background in process design, stakeholder communication, reporting, and performance optimization. They are passionate about turning business goals into action plans that deliver measurable results in fast-moving environments."
ux/ui_designer_078,Chloe Thomas,UX/UI Designer,UX Designer,13,"Chloe Thomas is a UX Designer with 13 years of experience helping organizations improve ui. At Summit Works, they partnered with business stakeholders to design and execute solutions that improved performance, workflow, and customer outcomes. 13 years of experience delivering ui across startup stakeholders and remote-first teams. drove measurable impact across product, delivery, and customer experience. improved operational efficiency by 59%.

Core capabilities include Prototyping, Interaction Design, Design Systems, Accessibility, Wireframing, Adobe XD. Proficient with Sketch, Maze, InVision, Zeplin. Strong background in process design, stakeholder communication, reporting, and performance optimization. They are passionate about turning business goals into action plans that deliver measurable results in fast-moving environments."
ux/ui_designer_079,Sebastian Kim,UX/UI Designer,Product Designer,10,"Sebastian Kim is a Product Designer with 10 years of experience helping organizations improve design. At NorthStar Labs, they partnered with business stakeholders to design and execute solutions that improved performance, workflow, and customer outcomes. improved operational efficiency by 19%. 10 years of experience delivering design across enterprise clients and cross-functional teams. led strategic initiatives impacting 13 teams and 13890 stakeholders.

Core capabilities include Wireframing, Design Systems, Interaction Design, Accessibility, Figma, User Research. Proficient with Zeplin, Sketch, Maze, InVision. Strong background in process design, stakeholder communication, reporting, and performance optimization. They are passionate about turning business goals into action plans that deliver measurable results in fast-moving environments."
ux/ui_designer_080,Liam Young,UX/UI Designer,Product Designer,7,"Liam Young is a Product Designer with 7 years of experience helping organizations improve prototype. At Evergreen Consulting, they partnered with business stakeholders to design and execute solutions that improved performance, workflow, and customer outcomes. drove measurable impact across product, delivery, and customer experience. 7 years of experience delivering prototype across enterprise clients and regional partners. led strategic initiatives impacting 22 teams and 3755 stakeholders.

Core capabilities include Figma, Wireframing, Adobe XD, User Research, Interaction Design, Accessibility. Proficient with Maze, Figma, InVision, Sketch. Strong background in process design, stakeholder communication, reporting, and performance optimization. They are passionate about turning business goals into action plans that deliver measurable results in fast-moving environments."
ux/ui_designer_081,Evelyn Martin,UX/UI Designer,UX Designer,6,"Evelyn Martin is a UX Designer with 6 years of experience helping organizations improve prototype. At BrightPath Group, they partnered with business stakeholders to design and execute solutions that improved performance, workflow, and customer outcomes. led strategic initiatives impacting 15 teams and 5225 stakeholders. 6 years of experience delivering prototype across remote-first teams and cross-functional teams. drove measurable impact across product, delivery, and customer experience.

Core capabilities include User Research, Figma, Design Systems, Adobe XD, Prototyping, Interaction Design. Proficient with Miro, Figma, InVision, Sketch. Strong background in process design, stakeholder communication, reporting, and performance optimization. They are passionate about turning business goals into action plans that deliver measurable results in fast-moving environments."
ux/ui_designer_082,Amelia Garcia,UX/UI Designer,Product Designer,11,"Amelia Garcia is a Product Designer with 11 years of experience helping organizations improve ux. At Oak & Pine, they partnered with business stakeholders to design and execute solutions that improved performance, workflow, and customer outcomes. improved operational efficiency by 19%. 11 years of experience delivering ux across enterprise clients and startup stakeholders. led strategic initiatives impacting 18 teams and 11379 stakeholders.

Core capabilities include Adobe XD, Design Systems, Interaction Design, Wireframing, Figma, Prototyping. Proficient with Figma, InVision, Maze, Zeplin. Strong background in process design, stakeholder communication, reporting, and performance optimization. They are passionate about turning business goals into action plans that deliver measurable results in fast-moving environments."
ux/ui_designer_083,Sebastian Allen,UX/UI Designer,Product Designer,3,"Sebastian Allen is a Product Designer with 3 years of experience helping organizations improve ux. At Pioneer Enterprise, they partnered with business stakeholders to design and execute solutions that improved performance, workflow, and customer outcomes. led strategic initiatives impacting 12 teams and 9806 stakeholders. drove measurable impact across product, delivery, and customer experience. improved operational efficiency by 68%.

Core capabilities include User Research, Adobe XD, Design Systems, Wireframing, Accessibility, Figma. Proficient with Miro, Zeplin, Sketch, Figma. Strong background in process design, stakeholder communication, reporting, and performance optimization. They are passionate about turning business goals into action plans that deliver measurable results in fast-moving environments."
ux/ui_designer_084,Mia Patel,UX/UI Designer,UI Designer,11,"Mia Patel is a UI Designer with 11 years of experience helping organizations improve ui. At BluePeak Solutions, they partnered with business stakeholders to design and execute solutions that improved performance, workflow, and customer outcomes. 11 years of experience delivering ui across regional partners and remote-first teams. improved operational efficiency by 20%. led strategic initiatives impacting 10 teams and 13110 stakeholders.

Core capabilities include User Research, Figma, Interaction Design, Wireframing, Adobe XD, Design Systems. Proficient with InVision, Maze, Miro, Zeplin. Strong background in process design, stakeholder communication, reporting, and performance optimization. They are passionate about turning business goals into action plans that deliver measurable results in fast-moving environments."
ux/ui_designer_085,Samuel Kim,UX/UI Designer,UX Designer,13,"Samuel Kim is a UX Designer with 13 years of experience helping organizations improve accessibility. At Harbor Analytics, they partnered with business stakeholders to design and execute solutions that improved performance, workflow, and customer outcomes. drove measurable impact across product, delivery, and customer experience. 13 years of experience delivering accessibility across remote-first teams and regional partners. led strategic initiatives impacting 19 teams and 10822 stakeholders.

Core capabilities include Design Systems, Wireframing, Prototyping, Adobe XD, User Research, Interaction Design. Proficient with InVision, Miro, Maze, Sketch. Strong background in process design, stakeholder communication, reporting, and performance optimization. They are passionate about turning business goals into action plans that deliver measurable results in fast-moving environments."
ux/ui_designer_086,Ava Scott,UX/UI Designer,UI Designer,2,"Ava Scott is a UI Designer with 2 years of experience helping organizations improve design. At CloudBridge, they partnered with business stakeholders to design and execute solutions that improved performance, workflow, and customer outcomes. led strategic initiatives impacting 24 teams and 6864 stakeholders. 2 years of experience delivering design across enterprise clients and remote-first teams. drove measurable impact across product, delivery, and customer experience.

Core capabilities include User Research, Wireframing, Design Systems, Interaction Design, Accessibility, Adobe XD. Proficient with Figma, Miro, Zeplin, InVision. Strong background in process design, stakeholder communication, reporting, and performance optimization. They are passionate about turning business goals into action plans that deliver measurable results in fast-moving environments."
ux/ui_designer_087,Ethan Thomas,UX/UI Designer,UI Designer,5,"Ethan Thomas is a UI Designer with 5 years of experience helping organizations improve prototype. At Horizon One, they partnered with business stakeholders to design and execute solutions that improved performance, workflow, and customer outcomes. 5 years of experience delivering prototype across remote-first teams and cross-functional teams. improved operational efficiency by 32%. drove measurable impact across product, delivery, and customer experience.

Core capabilities include Figma, Prototyping, Accessibility, Adobe XD, User Research, Wireframing. Proficient with Miro, InVision, Sketch, Figma. Strong background in process design, stakeholder communication, reporting, and performance optimization. They are passionate about turning business goals into action plans that deliver measurable results in fast-moving environments."
ux/ui_designer_088,Avery Lee,UX/UI Designer,UX Designer,5,"Avery Lee is a UX Designer with 5 years of experience helping organizations improve wireframes. At PrimeCore, they partnered with business stakeholders to design and execute solutions that improved performance, workflow, and customer outcomes. improved operational efficiency by 26%. drove measurable impact across product, delivery, and customer experience. led strategic initiatives impacting 13 teams and 10337 stakeholders.

Core capabilities include Interaction Design, Figma, User Research, Design Systems, Wireframing, Adobe XD. Proficient with Zeplin, Sketch, Miro, Figma. Strong background in process design, stakeholder communication, reporting, and performance optimization. They are passionate about turning business goals into action plans that deliver measurable results in fast-moving environments."
ux/ui_designer_089,Amelia Patel,UX/UI Designer,Product Designer,12,"Amelia Patel is a Product Designer with 12 years of experience helping organizations improve accessibility. At Oak & Pine, they partnered with business stakeholders to design and execute solutions that improved performance, workflow, and customer outcomes. led strategic initiatives impacting 21 teams and 8644 stakeholders. improved operational efficiency by 61%. 12 years of experience delivering accessibility across remote-first teams and enterprise clients.

Core capabilities include Design Systems, Accessibility, Adobe XD, Wireframing, Figma, Prototyping. Proficient with Miro, Figma, InVision, Sketch. Strong background in process design, stakeholder communication, reporting, and performance optimization. They are passionate about turning business goals into action plans that deliver measurable results in fast-moving environments."
ux/ui_designer_090,Harper Nguyen,UX/UI Designer,UI Designer,8,"Harper Nguyen is a UI Designer with 8 years of experience helping organizations improve accessibility. At Harbor Analytics, they partnered with business stakeholders to design and execute solutions that improved performance, workflow, and customer outcomes. drove measurable impact across product, delivery, and customer experience. improved operational efficiency by 33%. 8 years of experience delivering accessibility across startup stakeholders and enterprise clients.

Core capabilities include Adobe XD, User Research, Figma, Wireframing, Prototyping, Design Systems. Proficient with Figma, Zeplin, Miro, InVision. Strong background in process design, stakeholder communication, reporting, and performance optimization. They are passionate about turning business goals into action plans that deliver measurable results in fast-moving environments."
ux/ui_designer_091,Olivia Patel,UX/UI Designer,UI Designer,8,"Olivia Patel is a UI Designer with 8 years of experience helping organizations improve wireframes. At Summit Works, they partnered with business stakeholders to design and execute solutions that improved performance, workflow, and customer outcomes. led strategic initiatives impacting 24 teams and 11150 stakeholders. 8 years of experience delivering wireframes across remote-first teams and cross-functional teams. improved operational efficiency by 22%.

Core capabilities include Figma, Design Systems, Accessibility, User Research, Interaction Design, Adobe XD. Proficient with Figma, Maze, Sketch, Zeplin. Strong background in process design, stakeholder communication, reporting, and performance optimization. They are passionate about turning business goals into action plans that deliver measurable results in fast-moving environments."
ux/ui_designer_092,Matthew Kim,UX/UI Designer,UX Designer,2,"Matthew Kim is a UX Designer with 2 years of experience helping organizations improve design. At Oak & Pine, they partnered with business stakeholders to design and execute solutions that improved performance, workflow, and customer outcomes. 2 years of experience delivering design across enterprise clients and regional partners. improved operational efficiency by 61%. drove measurable impact across product, delivery, and customer experience.

Core capabilities include Interaction Design, User Research, Accessibility, Figma, Prototyping, Design Systems. Proficient with Maze, Figma, InVision, Miro. Strong background in process design, stakeholder communication, reporting, and performance optimization. They are passionate about turning business goals into action plans that deliver measurable results in fast-moving environments."
ux/ui_designer_093,Samuel Kim,UX/UI Designer,Product Designer,14,"Samuel Kim is a Product Designer with 14 years of experience helping organizations improve prototype. At Horizon One, they partnered with business stakeholders to design and execute solutions that improved performance, workflow, and customer outcomes. drove measurable impact across product, delivery, and customer experience. led strategic initiatives impacting 5 teams and 8439 stakeholders. 14 years of experience delivering prototype across enterprise clients and remote-first teams.

Core capabilities include Wireframing, Interaction Design, Design Systems, Accessibility, Figma, Prototyping. Proficient with Maze, Miro, Zeplin, InVision. Strong background in process design, stakeholder communication, reporting, and performance optimization. They are passionate about turning business goals into action plans that deliver measurable results in fast-moving environments."
ux/ui_designer_094,Olivia Kim,UX/UI Designer,UX Designer,11,"Olivia Kim is a UX Designer with 11 years of experience helping organizations improve user research. At Greenline Ventures, they partnered with business stakeholders to design and execute solutions that improved performance, workflow, and customer outcomes. 11 years of experience delivering user research across regional partners and startup stakeholders. led strategic initiatives impacting 12 teams and 3255 stakeholders. drove measurable impact across product, delivery, and customer experience.

Core capabilities include Prototyping, Design Systems, Adobe XD, Interaction Design, Accessibility, User Research. Proficient with Zeplin, InVision, Miro, Sketch. Strong background in process design, stakeholder communication, reporting, and performance optimization. They are passionate about turning business goals into action plans that deliver measurable results in fast-moving environments."
ux/ui_designer_095,Leo Allen,UX/UI Designer,UI Designer,10,"Leo Allen is a UI Designer with 10 years of experience helping organizations improve user research. At Pioneer Enterprise, they partnered with business stakeholders to design and execute solutions that improved performance, workflow, and customer outcomes. 10 years of experience delivering user research across enterprise clients and cross-functional teams. improved operational efficiency by 21%. drove measurable impact across product, delivery, and customer experience.

Core capabilities include Accessibility, User Research, Design Systems, Adobe XD, Prototyping, Figma. Proficient with Maze, InVision, Zeplin, Sketch. Strong background in process design, stakeholder communication, reporting, and performance optimization. They are passionate about turning business goals into action plans that deliver measurable results in fast-moving environments."
ux/ui_designer_096,Amelia Lee,UX/UI Designer,Product Designer,5,"Amelia Lee is a Product Designer with 5 years of experience helping organizations improve wireframes. At Crestline Partners, they partnered with business stakeholders to design and execute solutions that improved performance, workflow, and customer outcomes. 5 years of experience delivering wireframes across startup stakeholders and remote-first teams. improved operational efficiency by 28%. led strategic initiatives impacting 8 teams and 8443 stakeholders.

Core capabilities include Prototyping, User Research, Adobe XD, Wireframing, Design Systems, Interaction Design. Proficient with Miro, InVision, Zeplin, Maze. Strong background in process design, stakeholder communication, reporting, and performance optimization. They are passionate about turning business goals into action plans that deliver measurable results in fast-moving environments."
ux/ui_designer_097,Ava Garcia,UX/UI Designer,Product Designer,5,"Ava Garcia is a Product Designer with 5 years of experience helping organizations improve prototype. At NorthStar Labs, they partnered with business stakeholders to design and execute solutions that improved performance, workflow, and customer outcomes. improved operational efficiency by 19%. led strategic initiatives impacting 22 teams and 2887 stakeholders. drove measurable impact across product, delivery, and customer experience.

Core capabilities include Wireframing, Prototyping, Adobe XD, User Research, Accessibility, Figma. Proficient with Maze, Sketch, Figma, Zeplin. Strong background in process design, stakeholder communication, reporting, and performance optimization. They are passionate about turning business goals into action plans that deliver measurable results in fast-moving environments."
ux/ui_designer_098,Amelia Allen,UX/UI Designer,UI Designer,2,"Amelia Allen is a UI Designer with 2 years of experience helping organizations improve design. At Harbor Analytics, they partnered with business stakeholders to design and execute solutions that improved performance, workflow, and customer outcomes. drove measurable impact across product, delivery, and customer experience. 2 years of experience delivering design across cross-functional teams and regional partners. led strategic initiatives impacting 10 teams and 14809 stakeholders.

Core capabilities include Wireframing, Prototyping, User Research, Interaction Design, Design Systems, Adobe XD. Proficient with Miro, Sketch, InVision, Maze. Strong background in process design, stakeholder communication, reporting, and performance optimization. They are passionate about turning business goals into action plans that deliver measurable results in fast-moving environments."
ux/ui_designer_099,Sophia Moore,UX/UI Designer,Product Designer,14,"Sophia Moore is a Product Designer with 14 years of experience helping organizations improve design. At Lakeview Health, they partnered with business stakeholders to design and execute solutions that improved performance, workflow, and customer outcomes. led strategic initiatives impacting 11 teams and 4140 stakeholders. drove measurable impact across product, delivery, and customer experience. improved operational efficiency by 26%.

Core capabilities include Accessibility, Prototyping, User Research, Wireframing, Interaction Design, Design Systems. Proficient with InVision, Sketch, Maze, Miro. Strong background in process design, stakeholder communication, reporting, and performance optimization. They are passionate about turning business goals into action plans that deliver measurable results in fast-moving environments."
cybersecurity_analyst_000,Nora Scott,Cybersecurity Analyst,Security Operations Analyst,12,"Nora Scott is a Security Operations Analyst with 12 years of experience helping organizations improve cyber. At Evergreen Consulting, they partnered with business stakeholders to design and execute solutions that improved performance, workflow, and customer outcomes. led strategic initiatives impacting 7 teams and 13855 stakeholders. drove measurable impact across product, delivery, and customer experience. 12 years of experience delivering cyber across cross-functional teams and startup stakeholders.

Core capabilities include SIEM, Network Security, SOC, Penetration Testing, Threat Hunting, Incident Response. Proficient with SentinelOne, CrowdStrike, Splunk, SOAR. Strong background in process design, stakeholder communication, reporting, and performance optimization. They are passionate about turning business goals into action plans that deliver measurable results in fast-moving environments."
cybersecurity_analyst_001,Charlotte Walker,Cybersecurity Analyst,Security Operations Analyst,14,"Charlotte Walker is a Security Operations Analyst with 14 years of experience helping organizations improve forensics. At Greenline Ventures, they partnered with business stakeholders to design and execute solutions that improved performance, workflow, and customer outcomes. 14 years of experience delivering forensics across startup stakeholders and remote-first teams. led strategic initiatives impacting 17 teams and 11454 stakeholders. drove measurable impact across product, delivery, and customer experience.

Core capabilities include IAM, Linux, Network Security, Penetration Testing, SOC, Incident Response. Proficient with SentinelOne, SOAR, Wireshark, Qualys. Strong background in process design, stakeholder communication, reporting, and performance optimization. They are passionate about turning business goals into action plans that deliver measurable results in fast-moving environments."
cybersecurity_analyst_002,Amelia Thomas,Cybersecurity Analyst,Cybersecurity Analyst,8,"Amelia Thomas is a Cybersecurity Analyst with 8 years of experience helping organizations improve cyber. At Lakeview Health, they partnered with business stakeholders to design and execute solutions that improved performance, workflow, and customer outcomes. 8 years of experience delivering cyber across remote-first teams and startup stakeholders. improved operational efficiency by 51%. drove measurable impact across product, delivery, and customer experience.

Core capabilities include Penetration Testing, SOC, Network Security, IAM, Incident Response, Threat Hunting. Proficient with SentinelOne, Qualys, Splunk, Wireshark. Strong background in process design, stakeholder communication, reporting, and performance optimization. They are passionate about turning business goals into action plans that deliver measurable results in fast-moving environments."
cybersecurity_analyst_003,Alexander Thomas,Cybersecurity Analyst,Security Operations Analyst,8,"Alexander Thomas is a Security Operations Analyst with 8 years of experience helping organizations improve threat. At Lakeview Health, they partnered with business stakeholders to design and execute solutions that improved performance, workflow, and customer outcomes. 8 years of experience delivering threat across remote-first teams and enterprise clients. improved operational efficiency by 36%. led strategic initiatives impacting 21 teams and 9401 stakeholders.

Core capabilities include Linux, Forensics, Threat Hunting, SOC, Network Security, SIEM. Proficient with CrowdStrike, Wireshark, SOAR, Qualys. Strong background in process design, stakeholder communication, reporting, and performance optimization. They are passionate about turning business goals into action plans that deliver measurable results in fast-moving environments."
cybersecurity_analyst_004,Olivia Kim,Cybersecurity Analyst,Cybersecurity Analyst,7,"Olivia Kim is a Cybersecurity Analyst with 7 years of experience helping organizations improve security. At Horizon One, they partnered with business stakeholders to design and execute solutions that improved performance, workflow, and customer outcomes. drove measurable impact across product, delivery, and customer experience. improved operational efficiency by 18%. led strategic initiatives impacting 14 teams and 5617 stakeholders.

Core capabilities include IAM, Network Security, Threat Hunting, Incident Response, SOC, Penetration Testing. Proficient with SentinelOne, SOAR, CrowdStrike, Qualys. Strong background in process design, stakeholder communication, reporting, and performance optimization. They are passionate about turning business goals into action plans that deliver measurable results in fast-moving environments."
cybersecurity_analyst_005,Matthew Patel,Cybersecurity Analyst,Security Operations Analyst,12,"Matthew Patel is a Security Operations Analyst with 12 years of experience helping organizations improve network. At CloudBridge, they partnered with business stakeholders to design and execute solutions that improved performance, workflow, and customer outcomes. led strategic initiatives impacting 11 teams and 8025 stakeholders. 12 years of experience delivering network across remote-first teams and enterprise clients. improved operational efficiency by 38%.

Core capabilities include Threat Hunting, SOC, Incident Response, Forensics, Linux, Network Security. Proficient with CrowdStrike, Qualys, Wireshark, SentinelOne. Strong background in process design, stakeholder communication, reporting, and performance optimization. They are passionate about turning business goals into action plans that deliver measurable results in fast-moving environments."
cybersecurity_analyst_006,Chloe Young,Cybersecurity Analyst,Cybersecurity Analyst,7,"Chloe Young is a Cybersecurity Analyst with 7 years of experience helping organizations improve cyber. At Vertex Studios, they partnered with business stakeholders to design and execute solutions that improved performance, workflow, and customer outcomes. 7 years of experience delivering cyber across regional partners and remote-first teams. led strategic initiatives impacting 23 teams and 1380 stakeholders. drove measurable impact across product, delivery, and customer experience.

Core capabilities include Threat Hunting, Penetration Testing, Linux, SIEM, Network Security, IAM. Proficient with SentinelOne, CrowdStrike, Wireshark, Qualys. Strong background in process design, stakeholder communication, reporting, and performance optimization. They are passionate about turning business goals into action plans that deliver measurable results in fast-moving environments."
cybersecurity_analyst_007,Jack Allen,Cybersecurity Analyst,Threat Intelligence Analyst,14,"Jack Allen is a Threat Intelligence Analyst with 14 years of experience helping organizations improve network. At PrimeCore, they partnered with business stakeholders to design and execute solutions that improved performance, workflow, and customer outcomes. improved operational efficiency by 23%. 14 years of experience delivering network across startup stakeholders and remote-first teams. led strategic initiatives impacting 10 teams and 2709 stakeholders.

Core capabilities include SOC, IAM, Incident Response, Network Security, SIEM, Linux. Proficient with CrowdStrike, Wireshark, Splunk, SOAR. Strong background in process design, stakeholder communication, reporting, and performance optimization. They are passionate about turning business goals into action plans that deliver measurable results in fast-moving environments."
cybersecurity_analyst_008,Lucas Johnson,Cybersecurity Analyst,Cybersecurity Analyst,3,"Lucas Johnson is a Cybersecurity Analyst with 3 years of experience helping organizations improve threat. At NorthStar Labs, they partnered with business stakeholders to design and execute solutions that improved performance, workflow, and customer outcomes. 3 years of experience delivering threat across cross-functional teams and remote-first teams. led strategic initiatives impacting 17 teams and 3572 stakeholders. improved operational efficiency by 44%.

Core capabilities include Penetration Testing, Network Security, Incident Response, Threat Hunting, IAM, SIEM. Proficient with Wireshark, Splunk, SentinelOne, SOAR. Strong background in process design, stakeholder communication, reporting, and performance optimization. They are passionate about turning business goals into action plans that deliver measurable results in fast-moving environments."
cybersecurity_analyst_009,Scarlett Martin,Cybersecurity Analyst,Security Operations Analyst,5,"Scarlett Martin is a Security Operations Analyst with 5 years of experience helping organizations improve cyber. At BluePeak Solutions, they partnered with business stakeholders to design and execute solutions that improved performance, workflow, and customer outcomes. improved operational efficiency by 35%. led strategic initiatives impacting 11 teams and 1121 stakeholders. 5 years of experience delivering cyber across regional partners and startup stakeholders.

Core capabilities include Network Security, Penetration Testing, IAM, Linux, SOC, Incident Response. Proficient with Qualys, SOAR, SentinelOne, Wireshark. Strong background in process design, stakeholder communication, reporting, and performance optimization. They are passionate about turning business goals into action plans that deliver measurable results in fast-moving environments."
cybersecurity_analyst_010,Samuel Scott,Cybersecurity Analyst,Cybersecurity Analyst,10,"Samuel Scott is a Cybersecurity Analyst with 10 years of experience helping organizations improve incident. At Crestline Partners, they partnered with business stakeholders to design and execute solutions that improved performance, workflow, and customer outcomes. led strategic initiatives impacting 12 teams and 3942 stakeholders. improved operational efficiency by 44%. drove measurable impact across product, delivery, and customer experience.

Core capabilities include Forensics, IAM, Network Security, Penetration Testing, SIEM, Linux. Proficient with SentinelOne, Wireshark, SOAR, Qualys. Strong background in process design, stakeholder communication, reporting, and performance optimization. They are passionate about turning business goals into action plans that deliver measurable results in fast-moving environments."
cybersecurity_analyst_011,James Allen,Cybersecurity Analyst,Cybersecurity Analyst,8,"James Allen is a Cybersecurity Analyst with 8 years of experience helping organizations improve forensics. At Oak & Pine, they partnered with business stakeholders to design and execute solutions that improved performance, workflow, and customer outcomes. 8 years of experience delivering forensics across regional partners and enterprise clients. drove measurable impact across product, delivery, and customer experience. improved operational efficiency by 41%.

Core capabilities include SIEM, Network Security, SOC, Incident Response, Threat Hunting, Penetration Testing. Proficient with SOAR, Splunk, CrowdStrike, Wireshark. Strong background in process design, stakeholder communication, reporting, and performance optimization. They are passionate about turning business goals into action plans that deliver measurable results in fast-moving environments."
cybersecurity_analyst_012,Grace Thomas,Cybersecurity Analyst,Cybersecurity Analyst,6,"Grace Thomas is a Cybersecurity Analyst with 6 years of experience helping organizations improve cyber. At Vertex Studios, they partnered with business stakeholders to design and execute solutions that improved performance, workflow, and customer outcomes. improved operational efficiency by 34%. led strategic initiatives impacting 8 teams and 12617 stakeholders. drove measurable impact across product, delivery, and customer experience.

Core capabilities include IAM, SIEM, Network Security, Forensics, Linux, SOC. Proficient with Wireshark, SentinelOne, SOAR, Splunk. Strong background in process design, stakeholder communication, reporting, and performance optimization. They are passionate about turning business goals into action plans that deliver measurable results in fast-moving environments."
cybersecurity_analyst_013,Joseph Thomas,Cybersecurity Analyst,Cybersecurity Analyst,3,"Joseph Thomas is a Cybersecurity Analyst with 3 years of experience helping organizations improve network. At Crestline Partners, they partnered with business stakeholders to design and execute solutions that improved performance, workflow, and customer outcomes. 3 years of experience delivering network across enterprise clients and startup stakeholders. drove measurable impact across product, delivery, and customer experience. improved operational efficiency by 28%.

Core capabilities include Network Security, Forensics, Incident Response, IAM, Threat Hunting, SOC. Proficient with CrowdStrike, Splunk, Qualys, Wireshark. Strong background in process design, stakeholder communication, reporting, and performance optimization. They are passionate about turning business goals into action plans that deliver measurable results in fast-moving environments."
cybersecurity_analyst_014,Mason Thomas,Cybersecurity Analyst,Security Operations Analyst,4,"Mason Thomas is a Security Operations Analyst with 4 years of experience helping organizations improve cyber. At Horizon One, they partnered with business stakeholders to design and execute solutions that improved performance, workflow, and customer outcomes. improved operational efficiency by 67%. 4 years of experience delivering cyber across enterprise clients and regional partners. led strategic initiatives impacting 17 teams and 13568 stakeholders.

Core capabilities include SIEM, Network Security, Forensics, Linux, IAM, Penetration Testing. Proficient with Wireshark, SentinelOne, SOAR, Splunk. Strong background in process design, stakeholder communication, reporting, and performance optimization. They are passionate about turning business goals into action plans that deliver measurable results in fast-moving environments."
cybersecurity_analyst_015,Elijah Lee,Cybersecurity Analyst,Cybersecurity Analyst,2,"Elijah Lee is a Cybersecurity Analyst with 2 years of experience helping organizations improve threat. At Oak & Pine, they partnered with business stakeholders to design and execute solutions that improved performance, workflow, and customer outcomes. improved operational efficiency by 38%. drove measurable impact across product, delivery, and customer experience. 2 years of experience delivering threat across regional partners and enterprise clients.

Core capabilities include SIEM, IAM, Threat Hunting, Incident Response, Forensics, Linux. Proficient with Splunk, CrowdStrike, Qualys, SOAR. Strong background in process design, stakeholder communication, reporting, and performance optimization. They are passionate about turning business goals into action plans that deliver measurable results in fast-moving environments."
cybersecurity_analyst_016,Aria Moore,Cybersecurity Analyst,Security Operations Analyst,3,"Aria Moore is a Security Operations Analyst with 3 years of experience helping organizations improve cyber. At BluePeak Solutions, they partnered with business stakeholders to design and execute solutions that improved performance, workflow, and customer outcomes. drove measurable impact across product, delivery, and customer experience. 3 years of experience delivering cyber across startup stakeholders and cross-functional teams. led strategic initiatives impacting 13 teams and 11648 stakeholders.

Core capabilities include Network Security, Incident Response, Threat Hunting, SOC, Forensics, SIEM. Proficient with Wireshark, SentinelOne, Splunk, CrowdStrike. Strong background in process design, stakeholder communication, reporting, and performance optimization. They are passionate about turning business goals into action plans that deliver measurable results in fast-moving environments."
cybersecurity_analyst_017,Benjamin Jackson,Cybersecurity Analyst,Security Operations Analyst,14,"Benjamin Jackson is a Security Operations Analyst with 14 years of experience helping organizations improve network. At Vertex Studios, they partnered with business stakeholders to design and execute solutions that improved performance, workflow, and customer outcomes. drove measurable impact across product, delivery, and customer experience. led strategic initiatives impacting 25 teams and 13479 stakeholders. improved operational efficiency by 29%.

Core capabilities include Forensics, Incident Response, Linux, Penetration Testing, SOC, IAM. Proficient with SentinelOne, Splunk, SOAR, Wireshark. Strong background in process design, stakeholder communication, reporting, and performance optimization. They are passionate about turning business goals into action plans that deliver measurable results in fast-moving environments."
cybersecurity_analyst_018,Emma Davis,Cybersecurity Analyst,Cybersecurity Analyst,11,"Emma Davis is a Cybersecurity Analyst with 11 years of experience helping organizations improve network. At Harbor Analytics, they partnered with business stakeholders to design and execute solutions that improved performance, workflow, and customer outcomes. improved operational efficiency by 57%. led strategic initiatives impacting 7 teams and 1981 stakeholders. drove measurable impact across product, delivery, and customer experience.

Core capabilities include Forensics, SOC, Penetration Testing, Linux, Incident Response, SIEM. Proficient with CrowdStrike, Splunk, Qualys, SOAR. Strong background in process design, stakeholder communication, reporting, and performance optimization. They are passionate about turning business goals into action plans that deliver measurable results in fast-moving environments."
cybersecurity_analyst_019,Abigail Lee,Cybersecurity Analyst,Cybersecurity Analyst,8,"Abigail Lee is a Cybersecurity Analyst with 8 years of experience helping organizations improve cyber. At Summit Works, they partnered with business stakeholders to design and execute solutions that improved performance, workflow, and customer outcomes. 8 years of experience delivering cyber across regional partners and startup stakeholders. led strategic initiatives impacting 14 teams and 13297 stakeholders. improved operational efficiency by 59%.

Core capabilities include SIEM, Network Security, Linux, Penetration Testing, Forensics, Threat Hunting. Proficient with CrowdStrike, SentinelOne, Qualys, Wireshark. Strong background in process design, stakeholder communication, reporting, and performance optimization. They are passionate about turning business goals into action plans that deliver measurable results in fast-moving environments."
cybersecurity_analyst_020,Jack Garcia,Cybersecurity Analyst,Cybersecurity Analyst,10,"Jack Garcia is a Cybersecurity Analyst with 10 years of experience helping organizations improve security. At Greenline Ventures, they partnered with business stakeholders to design and execute solutions that improved performance, workflow, and customer outcomes. improved operational efficiency by 21%. 10 years of experience delivering security across enterprise clients and cross-functional teams. drove measurable impact across product, delivery, and customer experience.

Core capabilities include Network Security, IAM, Penetration Testing, Forensics, SOC, Threat Hunting. Proficient with CrowdStrike, Wireshark, Splunk, Qualys. Strong background in process design, stakeholder communication, reporting, and performance optimization. They are passionate about turning business goals into action plans that deliver measurable results in fast-moving environments."
cybersecurity_analyst_021,James Allen,Cybersecurity Analyst,Threat Intelligence Analyst,14,"James Allen is a Threat Intelligence Analyst with 14 years of experience helping organizations improve cyber. At Mercury Systems, they partnered with business stakeholders to design and execute solutions that improved performance, workflow, and customer outcomes. led strategic initiatives impacting 14 teams and 10444 stakeholders. drove measurable impact across product, delivery, and customer experience. 14 years of experience delivering cyber across regional partners and cross-functional teams.

Core capabilities include Network Security, Incident Response, IAM, Linux, SOC, Threat Hunting. Proficient with CrowdStrike, SOAR, Qualys, Wireshark. Strong background in process design, stakeholder communication, reporting, and performance optimization. They are passionate about turning business goals into action plans that deliver measurable results in fast-moving environments."
cybersecurity_analyst_022,Henry Harris,Cybersecurity Analyst,Cybersecurity Analyst,7,"Henry Harris is a Cybersecurity Analyst with 7 years of experience helping organizations improve threat. At Oak & Pine, they partnered with business stakeholders to design and execute solutions that improved performance, workflow, and customer outcomes. improved operational efficiency by 56%. led strategic initiatives impacting 22 teams and 3503 stakeholders. drove measurable impact across product, delivery, and customer experience.

Core capabilities include SOC, Threat Hunting, Network Security, IAM, Linux, Penetration Testing. Proficient with CrowdStrike, Wireshark, Splunk, SOAR. Strong background in process design, stakeholder communication, reporting, and performance optimization. They are passionate about turning business goals into action plans that deliver measurable results in fast-moving environments."
cybersecurity_analyst_023,David Smith,Cybersecurity Analyst,Security Operations Analyst,6,"David Smith is a Security Operations Analyst with 6 years of experience helping organizations improve threat. At NorthStar Labs, they partnered with business stakeholders to design and execute solutions that improved performance, workflow, and customer outcomes. led strategic initiatives impacting 17 teams and 7812 stakeholders. drove measurable impact across product, delivery, and customer experience. improved operational efficiency by 49%.

Core capabilities include IAM, Forensics, SIEM, Threat Hunting, Incident Response, Network Security. Proficient with CrowdStrike, SOAR, Qualys, Splunk. Strong background in process design, stakeholder communication, reporting, and performance optimization. They are passionate about turning business goals into action plans that deliver measurable results in fast-moving environments."
cybersecurity_analyst_024,Ella Harris,Cybersecurity Analyst,Security Operations Analyst,12,"Ella Harris is a Security Operations Analyst with 12 years of experience helping organizations improve network. At Pioneer Enterprise, they partnered with business stakeholders to design and execute solutions that improved performance, workflow, and customer outcomes. 12 years of experience delivering network across regional partners and startup stakeholders. drove measurable impact across product, delivery, and customer experience. improved operational efficiency by 58%.

Core capabilities include Incident Response, SOC, SIEM, Forensics, Network Security, IAM. Proficient with CrowdStrike, Wireshark, SentinelOne, Qualys. Strong background in process design, stakeholder communication, reporting, and performance optimization. They are passionate about turning business goals into action plans that deliver measurable results in fast-moving environments."
cybersecurity_analyst_025,Alexander Garcia,Cybersecurity Analyst,Cybersecurity Analyst,9,"Alexander Garcia is a Cybersecurity Analyst with 9 years of experience helping organizations improve security. At Harbor Analytics, they partnered with business stakeholders to design and execute solutions that improved performance, workflow, and customer outcomes. 9 years of experience delivering security across regional partners and cross-functional teams. drove measurable impact across product, delivery, and customer experience. improved operational efficiency by 18%.

Core capabilities include Linux, SIEM, IAM, SOC, Incident Response, Threat Hunting. Proficient with Qualys, Wireshark, CrowdStrike, SOAR. Strong background in process design, stakeholder communication, reporting, and performance optimization. They are passionate about turning business goals into action plans that deliver measurable results in fast-moving environments."
cybersecurity_analyst_026,Samuel Allen,Cybersecurity Analyst,Cybersecurity Analyst,10,"Samuel Allen is a Cybersecurity Analyst with 10 years of experience helping organizations improve cyber. At Crestline Partners, they partnered with business stakeholders to design and execute solutions that improved performance, workflow, and customer outcomes. drove measurable impact across product, delivery, and customer experience. 10 years of experience delivering cyber across startup stakeholders and enterprise clients. improved operational efficiency by 24%.

Core capabilities include SOC, Threat Hunting, IAM, Network Security, Forensics, Penetration Testing. Proficient with Qualys, SOAR, Wireshark, SentinelOne. Strong background in process design, stakeholder communication, reporting, and performance optimization. They are passionate about turning business goals into action plans that deliver measurable results in fast-moving environments."
cybersecurity_analyst_027,Benjamin Moore,Cybersecurity Analyst,Threat Intelligence Analyst,6,"Benjamin Moore is a Threat Intelligence Analyst with 6 years of experience helping organizations improve security. At Oak & Pine, they partnered with business stakeholders to design and execute solutions that improved performance, workflow, and customer outcomes. improved operational efficiency by 41%. 6 years of experience delivering security across cross-functional teams and regional partners. led strategic initiatives impacting 10 teams and 12535 stakeholders.

Core capabilities include Threat Hunting, Forensics, SIEM, SOC, Linux, Network Security. Proficient with Qualys, Wireshark, SentinelOne, SOAR. Strong background in process design, stakeholder communication, reporting, and performance optimization. They are passionate about turning business goals into action plans that deliver measurable results in fast-moving environments."
cybersecurity_analyst_028,James Walker,Cybersecurity Analyst,Cybersecurity Analyst,9,"James Walker is a Cybersecurity Analyst with 9 years of experience helping organizations improve network. At Horizon One, they partnered with business stakeholders to design and execute solutions that improved performance, workflow, and customer outcomes. led strategic initiatives impacting 14 teams and 2404 stakeholders. 9 years of experience delivering network across enterprise clients and cross-functional teams. improved operational efficiency by 23%.

Core capabilities include Network Security, Threat Hunting, Incident Response, SIEM, SOC, Penetration Testing. Proficient with SentinelOne, Wireshark, Qualys, SOAR. Strong background in process design, stakeholder communication, reporting, and performance optimization. They are passionate about turning business goals into action plans that deliver measurable results in fast-moving environments."
cybersecurity_analyst_029,Emma Davis,Cybersecurity Analyst,Cybersecurity Analyst,11,"Emma Davis is a Cybersecurity Analyst with 11 years of experience helping organizations improve cyber. At BluePeak Solutions, they partnered with business stakeholders to design and execute solutions that improved performance, workflow, and customer outcomes. drove measurable impact across product, delivery, and customer experience. improved operational efficiency by 42%. led strategic initiatives impacting 24 teams and 9520 stakeholders.

Core capabilities include Forensics, IAM, Linux, SIEM, SOC, Penetration Testing. Proficient with SentinelOne, Splunk, Qualys, Wireshark. Strong background in process design, stakeholder communication, reporting, and performance optimization. They are passionate about turning business goals into action plans that deliver measurable results in fast-moving environments."
cybersecurity_analyst_030,Jack Scott,Cybersecurity Analyst,Security Operations Analyst,7,"Jack Scott is a Security Operations Analyst with 7 years of experience helping organizations improve incident. At Signal Forge, they partnered with business stakeholders to design and execute solutions that improved performance, workflow, and customer outcomes. improved operational efficiency by 47%. 7 years of experience delivering incident across enterprise clients and regional partners. drove measurable impact across product, delivery, and customer experience.

Core capabilities include Linux, IAM, SOC, Incident Response, Threat Hunting, Network Security. Proficient with Wireshark, Qualys, Splunk, CrowdStrike. Strong background in process design, stakeholder communication, reporting, and performance optimization. They are passionate about turning business goals into action plans that deliver measurable results in fast-moving environments."
cybersecurity_analyst_031,Michael Wilson,Cybersecurity Analyst,Threat Intelligence Analyst,14,"Michael Wilson is a Threat Intelligence Analyst with 14 years of experience helping organizations improve siem. At Signal Forge, they partnered with business stakeholders to design and execute solutions that improved performance, workflow, and customer outcomes. led strategic initiatives impacting 15 teams and 12107 stakeholders. 14 years of experience delivering siem across enterprise clients and remote-first teams. improved operational efficiency by 20%.

Core capabilities include Network Security, Linux, IAM, Penetration Testing, SOC, Forensics. Proficient with SOAR, CrowdStrike, Splunk, SentinelOne. Strong background in process design, stakeholder communication, reporting, and performance optimization. They are passionate about turning business goals into action plans that deliver measurable results in fast-moving environments."
cybersecurity_analyst_032,Samuel Scott,Cybersecurity Analyst,Cybersecurity Analyst,7,"Samuel Scott is a Cybersecurity Analyst with 7 years of experience helping organizations improve threat. At Greenline Ventures, they partnered with business stakeholders to design and execute solutions that improved performance, workflow, and customer outcomes. improved operational efficiency by 61%. led strategic initiatives impacting 22 teams and 8648 stakeholders. 7 years of experience delivering threat across enterprise clients and remote-first teams.

Core capabilities include Forensics, Incident Response, Linux, Network Security, Threat Hunting, IAM. Proficient with SOAR, CrowdStrike, Splunk, Wireshark. Strong background in process design, stakeholder communication, reporting, and performance optimization. They are passionate about turning business goals into action plans that deliver measurable results in fast-moving environments."
cybersecurity_analyst_033,Scarlett Young,Cybersecurity Analyst,Cybersecurity Analyst,5,"Scarlett Young is a Cybersecurity Analyst with 5 years of experience helping organizations improve cyber. At Evergreen Consulting, they partnered with business stakeholders to design and execute solutions that improved performance, workflow, and customer outcomes. led strategic initiatives impacting 9 teams and 9757 stakeholders. 5 years of experience delivering cyber across startup stakeholders and enterprise clients. improved operational efficiency by 60%.

Core capabilities include Threat Hunting, Incident Response, SIEM, Network Security, SOC, Forensics. Proficient with SentinelOne, Wireshark, SOAR, Splunk. Strong background in process design, stakeholder communication, reporting, and performance optimization. They are passionate about turning business goals into action plans that deliver measurable results in fast-moving environments."
cybersecurity_analyst_034,Harper Allen,Cybersecurity Analyst,Threat Intelligence Analyst,3,"Harper Allen is a Threat Intelligence Analyst with 3 years of experience helping organizations improve forensics. At Crestline Partners, they partnered with business stakeholders to design and execute solutions that improved performance, workflow, and customer outcomes. improved operational efficiency by 23%. drove measurable impact across product, delivery, and customer experience. 3 years of experience delivering forensics across enterprise clients and regional partners.

Core capabilities include Linux, SOC, IAM, Forensics, Network Security, Penetration Testing. Proficient with CrowdStrike, SOAR, SentinelOne, Splunk. Strong background in process design, stakeholder communication, reporting, and performance optimization. They are passionate about turning business goals into action plans that deliver measurable results in fast-moving environments."
cybersecurity_analyst_035,Hannah Taylor,Cybersecurity Analyst,Cybersecurity Analyst,7,"Hannah Taylor is a Cybersecurity Analyst with 7 years of experience helping organizations improve threat. At Nova Metrics, they partnered with business stakeholders to design and execute solutions that improved performance, workflow, and customer outcomes. led strategic initiatives impacting 17 teams and 1150 stakeholders. improved operational efficiency by 24%. 7 years of experience delivering threat across regional partners and cross-functional teams.

Core capabilities include SIEM, Penetration Testing, IAM, Forensics, Linux, Incident Response. Proficient with Wireshark, SOAR, SentinelOne, CrowdStrike. Strong background in process design, stakeholder communication, reporting, and performance optimization. They are passionate about turning business goals into action plans that deliver measurable results in fast-moving environments."
cybersecurity_analyst_036,Abigail Garcia,Cybersecurity Analyst,Security Operations Analyst,12,"Abigail Garcia is a Security Operations Analyst with 12 years of experience helping organizations improve threat. At PrimeCore, they partnered with business stakeholders to design and execute solutions that improved performance, workflow, and customer outcomes. led strategic initiatives impacting 14 teams and 12536 stakeholders. 12 years of experience delivering threat across startup stakeholders and cross-functional teams. improved operational efficiency by 49%.

Core capabilities include Threat Hunting, Penetration Testing, Incident Response, Linux, SIEM, IAM. Proficient with SentinelOne, Qualys, Splunk, CrowdStrike. Strong background in process design, stakeholder communication, reporting, and performance optimization. They are passionate about turning business goals into action plans that deliver measurable results in fast-moving environments."
cybersecurity_analyst_037,Mason Lee,Cybersecurity Analyst,Threat Intelligence Analyst,14,"Mason Lee is a Threat Intelligence Analyst with 14 years of experience helping organizations improve cyber. At Vertex Studios, they partnered with business stakeholders to design and execute solutions that improved performance, workflow, and customer outcomes. led strategic initiatives impacting 20 teams and 6706 stakeholders. improved operational efficiency by 61%. 14 years of experience delivering cyber across remote-first teams and startup stakeholders.

Core capabilities include SIEM, Threat Hunting, SOC, Network Security, Linux, Forensics. Proficient with SOAR, CrowdStrike, Splunk, SentinelOne. Strong background in process design, stakeholder communication, reporting, and performance optimization. They are passionate about turning business goals into action plans that deliver measurable results in fast-moving environments."
cybersecurity_analyst_038,Michael Smith,Cybersecurity Analyst,Security Operations Analyst,13,"Michael Smith is a Security Operations Analyst with 13 years of experience helping organizations improve cyber. At Mercury Systems, they partnered with business stakeholders to design and execute solutions that improved performance, workflow, and customer outcomes. improved operational efficiency by 46%. 13 years of experience delivering cyber across regional partners and cross-functional teams. drove measurable impact across product, delivery, and customer experience.

Core capabilities include IAM, SOC, SIEM, Incident Response, Threat Hunting, Forensics. Proficient with SOAR, SentinelOne, Wireshark, Qualys. Strong background in process design, stakeholder communication, reporting, and performance optimization. They are passionate about turning business goals into action plans that deliver measurable results in fast-moving environments."
cybersecurity_analyst_039,Amelia Patel,Cybersecurity Analyst,Security Operations Analyst,13,"Amelia Patel is a Security Operations Analyst with 13 years of experience helping organizations improve siem. At Summit Works, they partnered with business stakeholders to design and execute solutions that improved performance, workflow, and customer outcomes. led strategic initiatives impacting 18 teams and 3434 stakeholders. 13 years of experience delivering siem across enterprise clients and remote-first teams. drove measurable impact across product, delivery, and customer experience.

Core capabilities include Incident Response, Threat Hunting, Network Security, SOC, IAM, SIEM. Proficient with Splunk, SentinelOne, Wireshark, SOAR. Strong background in process design, stakeholder communication, reporting, and performance optimization. They are passionate about turning business goals into action plans that deliver measurable results in fast-moving environments."
cybersecurity_analyst_040,Ethan Garcia,Cybersecurity Analyst,Security Operations Analyst,9,"Ethan Garcia is a Security Operations Analyst with 9 years of experience helping organizations improve incident. At CloudBridge, they partnered with business stakeholders to design and execute solutions that improved performance, workflow, and customer outcomes. 9 years of experience delivering incident across remote-first teams and enterprise clients. improved operational efficiency by 25%. led strategic initiatives impacting 8 teams and 2353 stakeholders.

Core capabilities include Threat Hunting, SOC, Forensics, Linux, SIEM, Network Security. Proficient with SOAR, Wireshark, SentinelOne, Qualys. Strong background in process design, stakeholder communication, reporting, and performance optimization. They are passionate about turning business goals into action plans that deliver measurable results in fast-moving environments."
cybersecurity_analyst_041,Lucas Allen,Cybersecurity Analyst,Threat Intelligence Analyst,11,"Lucas Allen is a Threat Intelligence Analyst with 11 years of experience helping organizations improve threat. At Nova Metrics, they partnered with business stakeholders to design and execute solutions that improved performance, workflow, and customer outcomes. led strategic initiatives impacting 22 teams and 4029 stakeholders. drove measurable impact across product, delivery, and customer experience. 11 years of experience delivering threat across enterprise clients and remote-first teams.

Core capabilities include Penetration Testing, Incident Response, SOC, IAM, Forensics, Network Security. Proficient with Wireshark, SOAR, SentinelOne, Qualys. Strong background in process design, stakeholder communication, reporting, and performance optimization. They are passionate about turning business goals into action plans that deliver measurable results in fast-moving environments."
cybersecurity_analyst_042,Samuel Young,Cybersecurity Analyst,Threat Intelligence Analyst,14,"Samuel Young is a Threat Intelligence Analyst with 14 years of experience helping organizations improve siem. At Mercury Systems, they partnered with business stakeholders to design and execute solutions that improved performance, workflow, and customer outcomes. improved operational efficiency by 38%. drove measurable impact across product, delivery, and customer experience. 14 years of experience delivering siem across enterprise clients and startup stakeholders.

Core capabilities include IAM, Forensics, SIEM, Penetration Testing, Linux, SOC. Proficient with CrowdStrike, Splunk, SOAR, SentinelOne. Strong background in process design, stakeholder communication, reporting, and performance optimization. They are passionate about turning business goals into action plans that deliver measurable results in fast-moving environments."
cybersecurity_analyst_043,Charlotte Martin,Cybersecurity Analyst,Threat Intelligence Analyst,6,"Charlotte Martin is a Threat Intelligence Analyst with 6 years of experience helping organizations improve siem. At NorthStar Labs, they partnered with business stakeholders to design and execute solutions that improved performance, workflow, and customer outcomes. drove measurable impact across product, delivery, and customer experience. led strategic initiatives impacting 21 teams and 13825 stakeholders. improved operational efficiency by 20%.

Core capabilities include SIEM, Incident Response, IAM, Penetration Testing, Threat Hunting, Linux. Proficient with Qualys, CrowdStrike, Wireshark, SentinelOne. Strong background in process design, stakeholder communication, reporting, and performance optimization. They are passionate about turning business goals into action plans that deliver measurable results in fast-moving environments."
cybersecurity_analyst_044,Sophia Allen,Cybersecurity Analyst,Security Operations Analyst,13,"Sophia Allen is a Security Operations Analyst with 13 years of experience helping organizations improve incident. At Summit Works, they partnered with business stakeholders to design and execute solutions that improved performance, workflow, and customer outcomes. improved operational efficiency by 37%. drove measurable impact across product, delivery, and customer experience. led strategic initiatives impacting 11 teams and 3198 stakeholders.

Core capabilities include IAM, Linux, Penetration Testing, SOC, Forensics, Incident Response. Proficient with SOAR, Splunk, Qualys, Wireshark. Strong background in process design, stakeholder communication, reporting, and performance optimization. They are passionate about turning business goals into action plans that deliver measurable results in fast-moving environments."
cybersecurity_analyst_045,Henry Brown,Cybersecurity Analyst,Threat Intelligence Analyst,11,"Henry Brown is a Threat Intelligence Analyst with 11 years of experience helping organizations improve threat. At Oak & Pine, they partnered with business stakeholders to design and execute solutions that improved performance, workflow, and customer outcomes. drove measurable impact across product, delivery, and customer experience. led strategic initiatives impacting 25 teams and 13004 stakeholders. 11 years of experience delivering threat across cross-functional teams and regional partners.

Core capabilities include Incident Response, Penetration Testing, Threat Hunting, Network Security, IAM, Linux. Proficient with Wireshark, Splunk, SentinelOne, SOAR. Strong background in process design, stakeholder communication, reporting, and performance optimization. They are passionate about turning business goals into action plans that deliver measurable results in fast-moving environments."
cybersecurity_analyst_046,Daniel Allen,Cybersecurity Analyst,Threat Intelligence Analyst,12,"Daniel Allen is a Threat Intelligence Analyst with 12 years of experience helping organizations improve siem. At Evergreen Consulting, they partnered with business stakeholders to design and execute solutions that improved performance, workflow, and customer outcomes. 12 years of experience delivering siem across enterprise clients and regional partners. improved operational efficiency by 61%. led strategic initiatives impacting 22 teams and 7664 stakeholders.

Core capabilities include IAM, Threat Hunting, Network Security, Incident Response, Forensics, SOC. Proficient with Wireshark, Splunk, CrowdStrike, Qualys. Strong background in process design, stakeholder communication, reporting, and performance optimization. They are passionate about turning business goals into action plans that deliver measurable results in fast-moving environments."
cybersecurity_analyst_047,Daniel Davis,Cybersecurity Analyst,Security Operations Analyst,4,"Daniel Davis is a Security Operations Analyst with 4 years of experience helping organizations improve siem. At EchoWorks, they partnered with business stakeholders to design and execute solutions that improved performance, workflow, and customer outcomes. drove measurable impact across product, delivery, and customer experience. led strategic initiatives impacting 21 teams and 6716 stakeholders. improved operational efficiency by 24%.

Core capabilities include Network Security, Penetration Testing, SIEM, SOC, IAM, Incident Response. Proficient with Wireshark, Splunk, Qualys, SOAR. Strong background in process design, stakeholder communication, reporting, and performance optimization. They are passionate about turning business goals into action plans that deliver measurable results in fast-moving environments."
cybersecurity_analyst_048,Avery Kim,Cybersecurity Analyst,Cybersecurity Analyst,4,"Avery Kim is a Cybersecurity Analyst with 4 years of experience helping organizations improve incident. At NorthStar Labs, they partnered with business stakeholders to design and execute solutions that improved performance, workflow, and customer outcomes. led strategic initiatives impacting 9 teams and 3337 stakeholders. drove measurable impact across product, delivery, and customer experience. improved operational efficiency by 60%.

Core capabilities include SOC, Threat Hunting, Forensics, Linux, Penetration Testing, Network Security. Proficient with Wireshark, Qualys, CrowdStrike, SOAR. Strong background in process design, stakeholder communication, reporting, and performance optimization. They are passionate about turning business goals into action plans that deliver measurable results in fast-moving environments."
cybersecurity_analyst_049,Noah Taylor,Cybersecurity Analyst,Threat Intelligence Analyst,14,"Noah Taylor is a Threat Intelligence Analyst with 14 years of experience helping organizations improve cyber. At EchoWorks, they partnered with business stakeholders to design and execute solutions that improved performance, workflow, and customer outcomes. led strategic initiatives impacting 7 teams and 6007 stakeholders. improved operational efficiency by 58%. 14 years of experience delivering cyber across cross-functional teams and remote-first teams.

Core capabilities include SOC, Forensics, Incident Response, Network Security, Threat Hunting, Linux. Proficient with Qualys, SentinelOne, SOAR, CrowdStrike. Strong background in process design, stakeholder communication, reporting, and performance optimization. They are passionate about turning business goals into action plans that deliver measurable results in fast-moving environments."
cybersecurity_analyst_050,Liam Martin,Cybersecurity Analyst,Threat Intelligence Analyst,5,"Liam Martin is a Threat Intelligence Analyst with 5 years of experience helping organizations improve security. At Greenline Ventures, they partnered with business stakeholders to design and execute solutions that improved performance, workflow, and customer outcomes. improved operational efficiency by 43%. drove measurable impact across product, delivery, and customer experience. 5 years of experience delivering security across regional partners and enterprise clients.

Core capabilities include Threat Hunting, SIEM, Forensics, Linux, IAM, Network Security. Proficient with Splunk, Wireshark, CrowdStrike, Qualys. Strong background in process design, stakeholder communication, reporting, and performance optimization. They are passionate about turning business goals into action plans that deliver measurable results in fast-moving environments."
cybersecurity_analyst_051,Alexander Young,Cybersecurity Analyst,Threat Intelligence Analyst,7,"Alexander Young is a Threat Intelligence Analyst with 7 years of experience helping organizations improve cyber. At EchoWorks, they partnered with business stakeholders to design and execute solutions that improved performance, workflow, and customer outcomes. improved operational efficiency by 45%. led strategic initiatives impacting 20 teams and 7211 stakeholders. 7 years of experience delivering cyber across remote-first teams and enterprise clients.

Core capabilities include IAM, SIEM, Penetration Testing, Network Security, Incident Response, SOC. Proficient with CrowdStrike, Splunk, SentinelOne, Qualys. Strong background in process design, stakeholder communication, reporting, and performance optimization. They are passionate about turning business goals into action plans that deliver measurable results in fast-moving environments."
cybersecurity_analyst_052,Jack Garcia,Cybersecurity Analyst,Threat Intelligence Analyst,14,"Jack Garcia is a Threat Intelligence Analyst with 14 years of experience helping organizations improve siem. At Crestline Partners, they partnered with business stakeholders to design and execute solutions that improved performance, workflow, and customer outcomes. led strategic initiatives impacting 24 teams and 14899 stakeholders. 14 years of experience delivering siem across regional partners and enterprise clients. improved operational efficiency by 47%.

Core capabilities include Incident Response, Penetration Testing, Threat Hunting, Network Security, SOC, Forensics. Proficient with CrowdStrike, Splunk, Wireshark, Qualys. Strong background in process design, stakeholder communication, reporting, and performance optimization. They are passionate about turning business goals into action plans that deliver measurable results in fast-moving environments."
cybersecurity_analyst_053,Ava Scott,Cybersecurity Analyst,Security Operations Analyst,7,"Ava Scott is a Security Operations Analyst with 7 years of experience helping organizations improve incident. At Greenline Ventures, they partnered with business stakeholders to design and execute solutions that improved performance, workflow, and customer outcomes. led strategic initiatives impacting 21 teams and 3518 stakeholders. 7 years of experience delivering incident across cross-functional teams and enterprise clients. improved operational efficiency by 51%.

Core capabilities include Linux, Incident Response, SIEM, Threat Hunting, Forensics, Network Security. Proficient with SentinelOne, Splunk, Qualys, CrowdStrike. Strong background in process design, stakeholder communication, reporting, and performance optimization. They are passionate about turning business goals into action plans that deliver measurable results in fast-moving environments."
cybersecurity_analyst_054,Ava Brown,Cybersecurity Analyst,Threat Intelligence Analyst,6,"Ava Brown is a Threat Intelligence Analyst with 6 years of experience helping organizations improve cyber. At CloudBridge, they partnered with business stakeholders to design and execute solutions that improved performance, workflow, and customer outcomes. led strategic initiatives impacting 16 teams and 13240 stakeholders. 6 years of experience delivering cyber across startup stakeholders and cross-functional teams. improved operational efficiency by 26%.

Core capabilities include Forensics, SOC, Threat Hunting, IAM, Linux, Network Security. Proficient with CrowdStrike, Qualys, SentinelOne, Splunk. Strong background in process design, stakeholder communication, reporting, and performance optimization. They are passionate about turning business goals into action plans that deliver measurable results in fast-moving environments."
cybersecurity_analyst_055,Amelia Kim,Cybersecurity Analyst,Cybersecurity Analyst,6,"Amelia Kim is a Cybersecurity Analyst with 6 years of experience helping organizations improve security. At Evergreen Consulting, they partnered with business stakeholders to design and execute solutions that improved performance, workflow, and customer outcomes. improved operational efficiency by 49%. led strategic initiatives impacting 22 teams and 9119 stakeholders. drove measurable impact across product, delivery, and customer experience.

Core capabilities include Threat Hunting, SOC, Network Security, Linux, IAM, SIEM. Proficient with CrowdStrike, SOAR, Wireshark, SentinelOne. Strong background in process design, stakeholder communication, reporting, and performance optimization. They are passionate about turning business goals into action plans that deliver measurable results in fast-moving environments."
cybersecurity_analyst_056,Luna Moore,Cybersecurity Analyst,Cybersecurity Analyst,3,"Luna Moore is a Cybersecurity Analyst with 3 years of experience helping organizations improve security. At Signal Forge, they partnered with business stakeholders to design and execute solutions that improved performance, workflow, and customer outcomes. drove measurable impact across product, delivery, and customer experience. improved operational efficiency by 45%. 3 years of experience delivering security across startup stakeholders and enterprise clients.

Core capabilities include SIEM, Threat Hunting, Incident Response, Forensics, Penetration Testing, IAM. Proficient with SOAR, CrowdStrike, Splunk, SentinelOne. Strong background in process design, stakeholder communication, reporting, and performance optimization. They are passionate about turning business goals into action plans that deliver measurable results in fast-moving environments."
cybersecurity_analyst_057,Alexander Garcia,Cybersecurity Analyst,Threat Intelligence Analyst,4,"Alexander Garcia is a Threat Intelligence Analyst with 4 years of experience helping organizations improve forensics. At Greenline Ventures, they partnered with business stakeholders to design and execute solutions that improved performance, workflow, and customer outcomes. improved operational efficiency by 30%. 4 years of experience delivering forensics across enterprise clients and cross-functional teams. drove measurable impact across product, delivery, and customer experience.

Core capabilities include IAM, Threat Hunting, Incident Response, Forensics, SIEM, Linux. Proficient with SOAR, CrowdStrike, Wireshark, Splunk. Strong background in process design, stakeholder communication, reporting, and performance optimization. They are passionate about turning business goals into action plans that deliver measurable results in fast-moving environments."
cybersecurity_analyst_058,Sophia Moore,Cybersecurity Analyst,Cybersecurity Analyst,6,"Sophia Moore is a Cybersecurity Analyst with 6 years of experience helping organizations improve cyber. At Crestline Partners, they partnered with business stakeholders to design and execute solutions that improved performance, workflow, and customer outcomes. 6 years of experience delivering cyber across cross-functional teams and regional partners. drove measurable impact across product, delivery, and customer experience. improved operational efficiency by 39%.

Core capabilities include Threat Hunting, SOC, SIEM, Penetration Testing, Incident Response, Forensics. Proficient with Splunk, Wireshark, Qualys, SentinelOne. Strong background in process design, stakeholder communication, reporting, and performance optimization. They are passionate about turning business goals into action plans that deliver measurable results in fast-moving environments."
cybersecurity_analyst_059,Noah Smith,Cybersecurity Analyst,Cybersecurity Analyst,6,"Noah Smith is a Cybersecurity Analyst with 6 years of experience helping organizations improve incident. At Summit Works, they partnered with business stakeholders to design and execute solutions that improved performance, workflow, and customer outcomes. 6 years of experience delivering incident across remote-first teams and cross-functional teams. improved operational efficiency by 36%. led strategic initiatives impacting 20 teams and 5590 stakeholders.

Core capabilities include Penetration Testing, Linux, Forensics, Network Security, Incident Response, Threat Hunting. Proficient with Splunk, CrowdStrike, SOAR, Wireshark. Strong background in process design, stakeholder communication, reporting, and performance optimization. They are passionate about turning business goals into action plans that deliver measurable results in fast-moving environments."
cybersecurity_analyst_060,Evelyn Harris,Cybersecurity Analyst,Security Operations Analyst,7,"Evelyn Harris is a Security Operations Analyst with 7 years of experience helping organizations improve incident. At PrimeCore, they partnered with business stakeholders to design and execute solutions that improved performance, workflow, and customer outcomes. improved operational efficiency by 33%. drove measurable impact across product, delivery, and customer experience. led strategic initiatives impacting 25 teams and 5521 stakeholders.

Core capabilities include Incident Response, IAM, Linux, SIEM, Penetration Testing, Forensics. Proficient with SentinelOne, SOAR, Qualys, Wireshark. Strong background in process design, stakeholder communication, reporting, and performance optimization. They are passionate about turning business goals into action plans that deliver measurable results in fast-moving environments."
cybersecurity_analyst_061,Liam Kim,Cybersecurity Analyst,Cybersecurity Analyst,12,"Liam Kim is a Cybersecurity Analyst with 12 years of experience helping organizations improve forensics. At Validus Capital, they partnered with business stakeholders to design and execute solutions that improved performance, workflow, and customer outcomes. improved operational efficiency by 37%. drove measurable impact across product, delivery, and customer experience. 12 years of experience delivering forensics across regional partners and remote-first teams.

Core capabilities include Incident Response, SIEM, Penetration Testing, Linux, IAM, SOC. Proficient with SOAR, Wireshark, Splunk, Qualys. Strong background in process design, stakeholder communication, reporting, and performance optimization. They are passionate about turning business goals into action plans that deliver measurable results in fast-moving environments."
cybersecurity_analyst_062,Mia Brown,Cybersecurity Analyst,Cybersecurity Analyst,8,"Mia Brown is a Cybersecurity Analyst with 8 years of experience helping organizations improve network. At EchoWorks, they partnered with business stakeholders to design and execute solutions that improved performance, workflow, and customer outcomes. improved operational efficiency by 56%. led strategic initiatives impacting 13 teams and 12414 stakeholders. 8 years of experience delivering network across enterprise clients and cross-functional teams.

Core capabilities include Penetration Testing, Linux, Threat Hunting, Network Security, SIEM, Forensics. Proficient with Splunk, Wireshark, Qualys, SentinelOne. Strong background in process design, stakeholder communication, reporting, and performance optimization. They are passionate about turning business goals into action plans that deliver measurable results in fast-moving environments."
cybersecurity_analyst_063,Hannah Nguyen,Cybersecurity Analyst,Threat Intelligence Analyst,5,"Hannah Nguyen is a Threat Intelligence Analyst with 5 years of experience helping organizations improve forensics. At Vertex Studios, they partnered with business stakeholders to design and execute solutions that improved performance, workflow, and customer outcomes. improved operational efficiency by 31%. drove measurable impact across product, delivery, and customer experience. 5 years of experience delivering forensics across startup stakeholders and remote-first teams.

Core capabilities include SOC, Forensics, Linux, Penetration Testing, IAM, SIEM. Proficient with CrowdStrike, Wireshark, Qualys, SentinelOne. Strong background in process design, stakeholder communication, reporting, and performance optimization. They are passionate about turning business goals into action plans that deliver measurable results in fast-moving environments."
cybersecurity_analyst_064,Matthew Patel,Cybersecurity Analyst,Threat Intelligence Analyst,9,"Matthew Patel is a Threat Intelligence Analyst with 9 years of experience helping organizations improve network. At Summit Works, they partnered with business stakeholders to design and execute solutions that improved performance, workflow, and customer outcomes. improved operational efficiency by 36%. led strategic initiatives impacting 6 teams and 11479 stakeholders. 9 years of experience delivering network across regional partners and cross-functional teams.

Core capabilities include IAM, Penetration Testing, Threat Hunting, Incident Response, SOC, Forensics. Proficient with Qualys, Splunk, CrowdStrike, SOAR. Strong background in process design, stakeholder communication, reporting, and performance optimization. They are passionate about turning business goals into action plans that deliver measurable results in fast-moving environments."
cybersecurity_analyst_065,Henry Nguyen,Cybersecurity Analyst,Threat Intelligence Analyst,5,"Henry Nguyen is a Threat Intelligence Analyst with 5 years of experience helping organizations improve siem. At Nova Metrics, they partnered with business stakeholders to design and execute solutions that improved performance, workflow, and customer outcomes. 5 years of experience delivering siem across startup stakeholders and remote-first teams. improved operational efficiency by 38%. led strategic initiatives impacting 6 teams and 11255 stakeholders.

Core capabilities include Network Security, Incident Response, SIEM, Linux, Threat Hunting, Penetration Testing. Proficient with SentinelOne, Splunk, SOAR, Wireshark. Strong background in process design, stakeholder communication, reporting, and performance optimization. They are passionate about turning business goals into action plans that deliver measurable results in fast-moving environments."
cybersecurity_analyst_066,Henry Johnson,Cybersecurity Analyst,Security Operations Analyst,2,"Henry Johnson is a Security Operations Analyst with 2 years of experience helping organizations improve network. At BluePeak Solutions, they partnered with business stakeholders to design and execute solutions that improved performance, workflow, and customer outcomes. led strategic initiatives impacting 19 teams and 4796 stakeholders. improved operational efficiency by 27%. 2 years of experience delivering network across regional partners and startup stakeholders.

Core capabilities include Incident Response, SOC, Linux, Threat Hunting, Penetration Testing, IAM. Proficient with Wireshark, CrowdStrike, SentinelOne, Qualys. Strong background in process design, stakeholder communication, reporting, and performance optimization. They are passionate about turning business goals into action plans that deliver measurable results in fast-moving environments."
cybersecurity_analyst_067,Scarlett Martin,Cybersecurity Analyst,Security Operations Analyst,4,"Scarlett Martin is a Security Operations Analyst with 4 years of experience helping organizations improve threat. At Mercury Systems, they partnered with business stakeholders to design and execute solutions that improved performance, workflow, and customer outcomes. 4 years of experience delivering threat across cross-functional teams and startup stakeholders. led strategic initiatives impacting 24 teams and 4077 stakeholders. drove measurable impact across product, delivery, and customer experience.

Core capabilities include Threat Hunting, IAM, Incident Response, Penetration Testing, Network Security, SOC. Proficient with SOAR, SentinelOne, Splunk, CrowdStrike. Strong background in process design, stakeholder communication, reporting, and performance optimization. They are passionate about turning business goals into action plans that deliver measurable results in fast-moving environments."
cybersecurity_analyst_068,Alexander Garcia,Cybersecurity Analyst,Security Operations Analyst,12,"Alexander Garcia is a Security Operations Analyst with 12 years of experience helping organizations improve threat. At NorthStar Labs, they partnered with business stakeholders to design and execute solutions that improved performance, workflow, and customer outcomes. improved operational efficiency by 33%. drove measurable impact across product, delivery, and customer experience. 12 years of experience delivering threat across enterprise clients and cross-functional teams.

Core capabilities include Incident Response, Threat Hunting, Linux, SIEM, Penetration Testing, SOC. Proficient with Wireshark, SOAR, Splunk, Qualys. Strong background in process design, stakeholder communication, reporting, and performance optimization. They are passionate about turning business goals into action plans that deliver measurable results in fast-moving environments."
cybersecurity_analyst_069,Ava Kim,Cybersecurity Analyst,Threat Intelligence Analyst,13,"Ava Kim is a Threat Intelligence Analyst with 13 years of experience helping organizations improve siem. At Nova Metrics, they partnered with business stakeholders to design and execute solutions that improved performance, workflow, and customer outcomes. 13 years of experience delivering siem across cross-functional teams and enterprise clients. led strategic initiatives impacting 13 teams and 11280 stakeholders. drove measurable impact across product, delivery, and customer experience.

Core capabilities include Linux, Incident Response, Forensics, SOC, Network Security, Penetration Testing. Proficient with CrowdStrike, SentinelOne, Qualys, SOAR. Strong background in process design, stakeholder communication, reporting, and performance optimization. They are passionate about turning business goals into action plans that deliver measurable results in fast-moving environments."
cybersecurity_analyst_070,Olivia Young,Cybersecurity Analyst,Security Operations Analyst,3,"Olivia Young is a Security Operations Analyst with 3 years of experience helping organizations improve network. At Crestline Partners, they partnered with business stakeholders to design and execute solutions that improved performance, workflow, and customer outcomes. improved operational efficiency by 61%. 3 years of experience delivering network across cross-functional teams and startup stakeholders. drove measurable impact across product, delivery, and customer experience.

Core capabilities include SOC, Threat Hunting, SIEM, Incident Response, IAM, Linux. Proficient with Wireshark, SOAR, CrowdStrike, Qualys. Strong background in process design, stakeholder communication, reporting, and performance optimization. They are passionate about turning business goals into action plans that deliver measurable results in fast-moving environments."
cybersecurity_analyst_071,Olivia Smith,Cybersecurity Analyst,Security Operations Analyst,3,"Olivia Smith is a Security Operations Analyst with 3 years of experience helping organizations improve network. At Mercury Systems, they partnered with business stakeholders to design and execute solutions that improved performance, workflow, and customer outcomes. drove measurable impact across product, delivery, and customer experience. improved operational efficiency by 60%. 3 years of experience delivering network across startup stakeholders and cross-functional teams.

Core capabilities include Linux, Incident Response, Threat Hunting, SIEM, IAM, Forensics. Proficient with CrowdStrike, Wireshark, SentinelOne, Qualys. Strong background in process design, stakeholder communication, reporting, and performance optimization. They are passionate about turning business goals into action plans that deliver measurable results in fast-moving environments."
cybersecurity_analyst_072,Henry Harris,Cybersecurity Analyst,Threat Intelligence Analyst,7,"Henry Harris is a Threat Intelligence Analyst with 7 years of experience helping organizations improve incident. At Greenline Ventures, they partnered with business stakeholders to design and execute solutions that improved performance, workflow, and customer outcomes. drove measurable impact across product, delivery, and customer experience. 7 years of experience delivering incident across enterprise clients and regional partners. led strategic initiatives impacting 18 teams and 12906 stakeholders.

Core capabilities include Incident Response, SIEM, SOC, IAM, Linux, Threat Hunting. Proficient with CrowdStrike, Wireshark, Qualys, SentinelOne. Strong background in process design, stakeholder communication, reporting, and performance optimization. They are passionate about turning business goals into action plans that deliver measurable results in fast-moving environments."
cybersecurity_analyst_073,Nora Brown,Cybersecurity Analyst,Cybersecurity Analyst,14,"Nora Brown is a Cybersecurity Analyst with 14 years of experience helping organizations improve threat. At Harbor Analytics, they partnered with business stakeholders to design and execute solutions that improved performance, workflow, and customer outcomes. led strategic initiatives impacting 20 teams and 9826 stakeholders. drove measurable impact across product, delivery, and customer experience. 14 years of experience delivering threat across startup stakeholders and regional partners.

Core capabilities include Linux, IAM, Network Security, SOC, Forensics, Penetration Testing. Proficient with Qualys, SentinelOne, CrowdStrike, SOAR. Strong background in process design, stakeholder communication, reporting, and performance optimization. They are passionate about turning business goals into action plans that deliver measurable results in fast-moving environments."
cybersecurity_analyst_074,Ella Martin,Cybersecurity Analyst,Threat Intelligence Analyst,13,"Ella Martin is a Threat Intelligence Analyst with 13 years of experience helping organizations improve threat. At Validus Capital, they partnered with business stakeholders to design and execute solutions that improved performance, workflow, and customer outcomes. drove measurable impact across product, delivery, and customer experience. 13 years of experience delivering threat across startup stakeholders and cross-functional teams. improved operational efficiency by 25%.

Core capabilities include IAM, Network Security, Linux, SIEM, Incident Response, Threat Hunting. Proficient with Splunk, CrowdStrike, SOAR, Qualys. Strong background in process design, stakeholder communication, reporting, and performance optimization. They are passionate about turning business goals into action plans that deliver measurable results in fast-moving environments."
cybersecurity_analyst_075,David Brown,Cybersecurity Analyst,Threat Intelligence Analyst,8,"David Brown is a Threat Intelligence Analyst with 8 years of experience helping organizations improve cyber. At NorthStar Labs, they partnered with business stakeholders to design and execute solutions that improved performance, workflow, and customer outcomes. 8 years of experience delivering cyber across startup stakeholders and remote-first teams. improved operational efficiency by 21%. led strategic initiatives impacting 8 teams and 11858 stakeholders.

Core capabilities include Network Security, IAM, SIEM, Linux, Incident Response, SOC. Proficient with SOAR, CrowdStrike, Wireshark, SentinelOne. Strong background in process design, stakeholder communication, reporting, and performance optimization. They are passionate about turning business goals into action plans that deliver measurable results in fast-moving environments."
cybersecurity_analyst_076,Lucas Brown,Cybersecurity Analyst,Security Operations Analyst,4,"Lucas Brown is a Security Operations Analyst with 4 years of experience helping organizations improve security. At EchoWorks, they partnered with business stakeholders to design and execute solutions that improved performance, workflow, and customer outcomes. 4 years of experience delivering security across remote-first teams and startup stakeholders. improved operational efficiency by 44%. led strategic initiatives impacting 15 teams and 8274 stakeholders.

Core capabilities include Network Security, Incident Response, SIEM, Penetration Testing, IAM, Forensics. Proficient with CrowdStrike, Wireshark, SOAR, SentinelOne. Strong background in process design, stakeholder communication, reporting, and performance optimization. They are passionate about turning business goals into action plans that deliver measurable results in fast-moving environments."
cybersecurity_analyst_077,Mason Nguyen,Cybersecurity Analyst,Threat Intelligence Analyst,2,"Mason Nguyen is a Threat Intelligence Analyst with 2 years of experience helping organizations improve network. At Harbor Analytics, they partnered with business stakeholders to design and execute solutions that improved performance, workflow, and customer outcomes. led strategic initiatives impacting 7 teams and 9544 stakeholders. 2 years of experience delivering network across startup stakeholders and cross-functional teams. drove measurable impact across product, delivery, and customer experience.

Core capabilities include Threat Hunting, IAM, SIEM, Network Security, Linux, Penetration Testing. Proficient with Qualys, SentinelOne, SOAR, Wireshark. Strong background in process design, stakeholder communication, reporting, and performance optimization. They are passionate about turning business goals into action plans that deliver measurable results in fast-moving environments."
cybersecurity_analyst_078,Samuel Scott,Cybersecurity Analyst,Cybersecurity Analyst,5,"Samuel Scott is a Cybersecurity Analyst with 5 years of experience helping organizations improve threat. At Summit Works, they partnered with business stakeholders to design and execute solutions that improved performance, workflow, and customer outcomes. 5 years of experience delivering threat across remote-first teams and startup stakeholders. led strategic initiatives impacting 13 teams and 2776 stakeholders. improved operational efficiency by 30%.

Core capabilities include Threat Hunting, Incident Response, SOC, Linux, Network Security, Penetration Testing. Proficient with SentinelOne, Wireshark, Qualys, Splunk. Strong background in process design, stakeholder communication, reporting, and performance optimization. They are passionate about turning business goals into action plans that deliver measurable results in fast-moving environments."
cybersecurity_analyst_079,Avery Davis,Cybersecurity Analyst,Cybersecurity Analyst,5,"Avery Davis is a Cybersecurity Analyst with 5 years of experience helping organizations improve incident. At Summit Works, they partnered with business stakeholders to design and execute solutions that improved performance, workflow, and customer outcomes. 5 years of experience delivering incident across cross-functional teams and remote-first teams. drove measurable impact across product, delivery, and customer experience. improved operational efficiency by 23%.

Core capabilities include Threat Hunting, Incident Response, SIEM, Forensics, Penetration Testing, SOC. Proficient with SentinelOne, CrowdStrike, Qualys, SOAR. Strong background in process design, stakeholder communication, reporting, and performance optimization. They are passionate about turning business goals into action plans that deliver measurable results in fast-moving environments."
cybersecurity_analyst_080,Mia Nguyen,Cybersecurity Analyst,Security Operations Analyst,3,"Mia Nguyen is a Security Operations Analyst with 3 years of experience helping organizations improve incident. At BrightPath Group, they partnered with business stakeholders to design and execute solutions that improved performance, workflow, and customer outcomes. improved operational efficiency by 65%. 3 years of experience delivering incident across remote-first teams and startup stakeholders. led strategic initiatives impacting 21 teams and 2654 stakeholders.

Core capabilities include SIEM, Linux, SOC, Threat Hunting, Network Security, Incident Response. Proficient with SentinelOne, Wireshark, SOAR, Splunk. Strong background in process design, stakeholder communication, reporting, and performance optimization. They are passionate about turning business goals into action plans that deliver measurable results in fast-moving environments."
cybersecurity_analyst_081,Scarlett Allen,Cybersecurity Analyst,Cybersecurity Analyst,6,"Scarlett Allen is a Cybersecurity Analyst with 6 years of experience helping organizations improve cyber. At EchoWorks, they partnered with business stakeholders to design and execute solutions that improved performance, workflow, and customer outcomes. drove measurable impact across product, delivery, and customer experience. improved operational efficiency by 46%. led strategic initiatives impacting 9 teams and 6554 stakeholders.

Core capabilities include Threat Hunting, Forensics, SIEM, Linux, SOC, Incident Response. Proficient with CrowdStrike, SOAR, Qualys, SentinelOne. Strong background in process design, stakeholder communication, reporting, and performance optimization. They are passionate about turning business goals into action plans that deliver measurable results in fast-moving environments."
cybersecurity_analyst_082,Mia Moore,Cybersecurity Analyst,Cybersecurity Analyst,5,"Mia Moore is a Cybersecurity Analyst with 5 years of experience helping organizations improve network. At Lakeview Health, they partnered with business stakeholders to design and execute solutions that improved performance, workflow, and customer outcomes. drove measurable impact across product, delivery, and customer experience. 5 years of experience delivering network across startup stakeholders and enterprise clients. led strategic initiatives impacting 15 teams and 3780 stakeholders.

Core capabilities include Incident Response, Threat Hunting, Penetration Testing, Linux, Network Security, SIEM. Proficient with Splunk, CrowdStrike, SentinelOne, Wireshark. Strong background in process design, stakeholder communication, reporting, and performance optimization. They are passionate about turning business goals into action plans that deliver measurable results in fast-moving environments."
cybersecurity_analyst_083,Henry Allen,Cybersecurity Analyst,Security Operations Analyst,7,"Henry Allen is a Security Operations Analyst with 7 years of experience helping organizations improve security. At PrimeCore, they partnered with business stakeholders to design and execute solutions that improved performance, workflow, and customer outcomes. led strategic initiatives impacting 14 teams and 7568 stakeholders. drove measurable impact across product, delivery, and customer experience. 7 years of experience delivering security across startup stakeholders and enterprise clients.

Core capabilities include Incident Response, Threat Hunting, Linux, Network Security, Forensics, SOC. Proficient with SentinelOne, Wireshark, CrowdStrike, Splunk. Strong background in process design, stakeholder communication, reporting, and performance optimization. They are passionate about turning business goals into action plans that deliver measurable results in fast-moving environments."
cybersecurity_analyst_084,Chloe Taylor,Cybersecurity Analyst,Threat Intelligence Analyst,11,"Chloe Taylor is a Threat Intelligence Analyst with 11 years of experience helping organizations improve incident. At Harbor Analytics, they partnered with business stakeholders to design and execute solutions that improved performance, workflow, and customer outcomes. led strategic initiatives impacting 8 teams and 5762 stakeholders. 11 years of experience delivering incident across regional partners and enterprise clients. improved operational efficiency by 27%.

Core capabilities include Linux, Incident Response, IAM, Network Security, Penetration Testing, SOC. Proficient with SentinelOne, Splunk, Qualys, SOAR. Strong background in process design, stakeholder communication, reporting, and performance optimization. They are passionate about turning business goals into action plans that deliver measurable results in fast-moving environments."
cybersecurity_analyst_085,Emma Garcia,Cybersecurity Analyst,Security Operations Analyst,9,"Emma Garcia is a Security Operations Analyst with 9 years of experience helping organizations improve forensics. At BrightPath Group, they partnered with business stakeholders to design and execute solutions that improved performance, workflow, and customer outcomes. 9 years of experience delivering forensics across startup stakeholders and regional partners. improved operational efficiency by 30%. drove measurable impact across product, delivery, and customer experience.

Core capabilities include Incident Response, Linux, Network Security, SOC, Penetration Testing, Forensics. Proficient with Splunk, SOAR, CrowdStrike, SentinelOne. Strong background in process design, stakeholder communication, reporting, and performance optimization. They are passionate about turning business goals into action plans that deliver measurable results in fast-moving environments."
cybersecurity_analyst_086,Avery Harris,Cybersecurity Analyst,Cybersecurity Analyst,13,"Avery Harris is a Cybersecurity Analyst with 13 years of experience helping organizations improve forensics. At PrimeCore, they partnered with business stakeholders to design and execute solutions that improved performance, workflow, and customer outcomes. led strategic initiatives impacting 16 teams and 13936 stakeholders. improved operational efficiency by 21%. 13 years of experience delivering forensics across enterprise clients and startup stakeholders.

Core capabilities include Forensics, Incident Response, Threat Hunting, Network Security, SIEM, IAM. Proficient with Wireshark, CrowdStrike, Qualys, SOAR. Strong background in process design, stakeholder communication, reporting, and performance optimization. They are passionate about turning business goals into action plans that deliver measurable results in fast-moving environments."
cybersecurity_analyst_087,Noah Lee,Cybersecurity Analyst,Cybersecurity Analyst,14,"Noah Lee is a Cybersecurity Analyst with 14 years of experience helping organizations improve forensics. At Lakeview Health, they partnered with business stakeholders to design and execute solutions that improved performance, workflow, and customer outcomes. drove measurable impact across product, delivery, and customer experience. 14 years of experience delivering forensics across remote-first teams and startup stakeholders. led strategic initiatives impacting 21 teams and 4507 stakeholders.

Core capabilities include SOC, Penetration Testing, Threat Hunting, Linux, Incident Response, SIEM. Proficient with CrowdStrike, Splunk, SentinelOne, SOAR. Strong background in process design, stakeholder communication, reporting, and performance optimization. They are passionate about turning business goals into action plans that deliver measurable results in fast-moving environments."
cybersecurity_analyst_088,Liam Jackson,Cybersecurity Analyst,Security Operations Analyst,14,"Liam Jackson is a Security Operations Analyst with 14 years of experience helping organizations improve incident. At PrimeCore, they partnered with business stakeholders to design and execute solutions that improved performance, workflow, and customer outcomes. 14 years of experience delivering incident across startup stakeholders and enterprise clients. drove measurable impact across product, delivery, and customer experience. led strategic initiatives impacting 24 teams and 4253 stakeholders.

Core capabilities include Threat Hunting, Network Security, IAM, Forensics, Linux, Penetration Testing. Proficient with Qualys, CrowdStrike, Wireshark, SOAR. Strong background in process design, stakeholder communication, reporting, and performance optimization. They are passionate about turning business goals into action plans that deliver measurable results in fast-moving environments."
cybersecurity_analyst_089,Nora Davis,Cybersecurity Analyst,Cybersecurity Analyst,4,"Nora Davis is a Cybersecurity Analyst with 4 years of experience helping organizations improve threat. At Nova Metrics, they partnered with business stakeholders to design and execute solutions that improved performance, workflow, and customer outcomes. improved operational efficiency by 20%. led strategic initiatives impacting 11 teams and 13217 stakeholders. 4 years of experience delivering threat across startup stakeholders and enterprise clients.

Core capabilities include Threat Hunting, Forensics, SOC, IAM, SIEM, Network Security. Proficient with SentinelOne, Qualys, Splunk, CrowdStrike. Strong background in process design, stakeholder communication, reporting, and performance optimization. They are passionate about turning business goals into action plans that deliver measurable results in fast-moving environments."
cybersecurity_analyst_090,Avery Moore,Cybersecurity Analyst,Cybersecurity Analyst,7,"Avery Moore is a Cybersecurity Analyst with 7 years of experience helping organizations improve cyber. At Greenline Ventures, they partnered with business stakeholders to design and execute solutions that improved performance, workflow, and customer outcomes. led strategic initiatives impacting 16 teams and 6770 stakeholders. drove measurable impact across product, delivery, and customer experience. improved operational efficiency by 44%.

Core capabilities include Network Security, SIEM, Threat Hunting, SOC, Forensics, Linux. Proficient with SentinelOne, Qualys, Splunk, SOAR. Strong background in process design, stakeholder communication, reporting, and performance optimization. They are passionate about turning business goals into action plans that deliver measurable results in fast-moving environments."
cybersecurity_analyst_091,Ethan Johnson,Cybersecurity Analyst,Security Operations Analyst,8,"Ethan Johnson is a Security Operations Analyst with 8 years of experience helping organizations improve incident. At Horizon One, they partnered with business stakeholders to design and execute solutions that improved performance, workflow, and customer outcomes. 8 years of experience delivering incident across enterprise clients and regional partners. drove measurable impact across product, delivery, and customer experience. improved operational efficiency by 24%.

Core capabilities include Threat Hunting, IAM, Penetration Testing, Network Security, Linux, Forensics. Proficient with SOAR, Wireshark, SentinelOne, Qualys. Strong background in process design, stakeholder communication, reporting, and performance optimization. They are passionate about turning business goals into action plans that deliver measurable results in fast-moving environments."
cybersecurity_analyst_092,Olivia Harris,Cybersecurity Analyst,Threat Intelligence Analyst,14,"Olivia Harris is a Threat Intelligence Analyst with 14 years of experience helping organizations improve network. At Harbor Analytics, they partnered with business stakeholders to design and execute solutions that improved performance, workflow, and customer outcomes. 14 years of experience delivering network across startup stakeholders and regional partners. improved operational efficiency by 25%. drove measurable impact across product, delivery, and customer experience.

Core capabilities include IAM, Incident Response, Linux, Network Security, Penetration Testing, SIEM. Proficient with SOAR, SentinelOne, Wireshark, Splunk. Strong background in process design, stakeholder communication, reporting, and performance optimization. They are passionate about turning business goals into action plans that deliver measurable results in fast-moving environments."
cybersecurity_analyst_093,Grace Moore,Cybersecurity Analyst,Cybersecurity Analyst,7,"Grace Moore is a Cybersecurity Analyst with 7 years of experience helping organizations improve siem. At Summit Works, they partnered with business stakeholders to design and execute solutions that improved performance, workflow, and customer outcomes. drove measurable impact across product, delivery, and customer experience. improved operational efficiency by 27%. 7 years of experience delivering siem across enterprise clients and regional partners.

Core capabilities include Network Security, Penetration Testing, Threat Hunting, Linux, SOC, Forensics. Proficient with Wireshark, CrowdStrike, Splunk, Qualys. Strong background in process design, stakeholder communication, reporting, and performance optimization. They are passionate about turning business goals into action plans that deliver measurable results in fast-moving environments."
cybersecurity_analyst_094,Hannah Jackson,Cybersecurity Analyst,Cybersecurity Analyst,10,"Hannah Jackson is a Cybersecurity Analyst with 10 years of experience helping organizations improve threat. At Signal Forge, they partnered with business stakeholders to design and execute solutions that improved performance, workflow, and customer outcomes. improved operational efficiency by 45%. drove measurable impact across product, delivery, and customer experience. 10 years of experience delivering threat across regional partners and cross-functional teams.

Core capabilities include Network Security, SOC, Forensics, SIEM, Penetration Testing, IAM. Proficient with CrowdStrike, Wireshark, SOAR, Qualys. Strong background in process design, stakeholder communication, reporting, and performance optimization. They are passionate about turning business goals into action plans that deliver measurable results in fast-moving environments."
cybersecurity_analyst_095,Hannah Moore,Cybersecurity Analyst,Threat Intelligence Analyst,6,"Hannah Moore is a Threat Intelligence Analyst with 6 years of experience helping organizations improve siem. At PrimeCore, they partnered with business stakeholders to design and execute solutions that improved performance, workflow, and customer outcomes. led strategic initiatives impacting 22 teams and 2290 stakeholders. 6 years of experience delivering siem across cross-functional teams and enterprise clients. drove measurable impact across product, delivery, and customer experience.

Core capabilities include IAM, Threat Hunting, Forensics, Incident Response, SIEM, Penetration Testing. Proficient with Splunk, Wireshark, SOAR, SentinelOne. Strong background in process design, stakeholder communication, reporting, and performance optimization. They are passionate about turning business goals into action plans that deliver measurable results in fast-moving environments."
cybersecurity_analyst_096,David Taylor,Cybersecurity Analyst,Cybersecurity Analyst,5,"David Taylor is a Cybersecurity Analyst with 5 years of experience helping organizations improve forensics. At Nova Metrics, they partnered with business stakeholders to design and execute solutions that improved performance, workflow, and customer outcomes. 5 years of experience delivering forensics across enterprise clients and regional partners. led strategic initiatives impacting 19 teams and 10763 stakeholders. drove measurable impact across product, delivery, and customer experience.

Core capabilities include Network Security, Penetration Testing, Incident Response, Forensics, SOC, IAM. Proficient with SentinelOne, Splunk, SOAR, Qualys. Strong background in process design, stakeholder communication, reporting, and performance optimization. They are passionate about turning business goals into action plans that deliver measurable results in fast-moving environments."
cybersecurity_analyst_097,Abigail Wilson,Cybersecurity Analyst,Cybersecurity Analyst,3,"Abigail Wilson is a Cybersecurity Analyst with 3 years of experience helping organizations improve security. At Greenline Ventures, they partnered with business stakeholders to design and execute solutions that improved performance, workflow, and customer outcomes. drove measurable impact across product, delivery, and customer experience. led strategic initiatives impacting 18 teams and 7148 stakeholders. improved operational efficiency by 61%.

Core capabilities include Forensics, Linux, SOC, Incident Response, Network Security, SIEM. Proficient with Wireshark, Splunk, SOAR, Qualys. Strong background in process design, stakeholder communication, reporting, and performance optimization. They are passionate about turning business goals into action plans that deliver measurable results in fast-moving environments."
cybersecurity_analyst_098,Charlotte Johnson,Cybersecurity Analyst,Security Operations Analyst,2,"Charlotte Johnson is a Security Operations Analyst with 2 years of experience helping organizations improve cyber. At BluePeak Solutions, they partnered with business stakeholders to design and execute solutions that improved performance, workflow, and customer outcomes. improved operational efficiency by 52%. 2 years of experience delivering cyber across regional partners and enterprise clients. led strategic initiatives impacting 5 teams and 9486 stakeholders.

Core capabilities include SIEM, Incident Response, Threat Hunting, SOC, Network Security, IAM. Proficient with CrowdStrike, Qualys, SentinelOne, Splunk. Strong background in process design, stakeholder communication, reporting, and performance optimization. They are passionate about turning business goals into action plans that deliver measurable results in fast-moving environments."
cybersecurity_analyst_099,Ethan Lee,Cybersecurity Analyst,Cybersecurity Analyst,7,"Ethan Lee is a Cybersecurity Analyst with 7 years of experience helping organizations improve cyber. At Pioneer Enterprise, they partnered with business stakeholders to design and execute solutions that improved performance, workflow, and customer outcomes. led strategic initiatives impacting 20 teams and 8144 stakeholders. 7 years of experience delivering cyber across regional partners and remote-first teams. improved operational efficiency by 47%.

Core capabilities include Network Security, Incident Response, Linux, SOC, Forensics, Threat Hunting. Proficient with SentinelOne, Wireshark, CrowdStrike, Splunk. Strong background in process design, stakeholder communication, reporting, and performance optimization. They are passionate about turning business goals into action plans that deliver measurable results in fast-moving environments."
marketing_manager_000,James Lee,Marketing Manager,Digital Marketing Lead,13,"James Lee is a Digital Marketing Lead with 13 years of experience helping organizations improve campaign. At Oak & Pine, they partnered with business stakeholders to design and execute solutions that improved performance, workflow, and customer outcomes. led strategic initiatives impacting 24 teams and 2762 stakeholders. improved operational efficiency by 38%. 13 years of experience delivering campaign across regional partners and remote-first teams.

Core capabilities include Social Media, SEM, Brand Positioning, Email Marketing, CRM, Budget Planning. Proficient with Google Ads, Mailchimp, Salesforce, Google Analytics. Strong background in process design, stakeholder communication, reporting, and performance optimization. They are passionate about turning business goals into action plans that deliver measurable results in fast-moving environments."
marketing_manager_001,Hannah Taylor,Marketing Manager,Brand Manager,12,"Hannah Taylor is a Brand Manager with 12 years of experience helping organizations improve analytics. At EchoWorks, they partnered with business stakeholders to design and execute solutions that improved performance, workflow, and customer outcomes. drove measurable impact across product, delivery, and customer experience. improved operational efficiency by 19%. 12 years of experience delivering analytics across remote-first teams and startup stakeholders.

Core capabilities include SEM, Budget Planning, Email Marketing, SEO, Brand Positioning, CRM. Proficient with Salesforce, Mailchimp, Meta Business Suite, Google Analytics. Strong background in process design, stakeholder communication, reporting, and performance optimization. They are passionate about turning business goals into action plans that deliver measurable results in fast-moving environments."
marketing_manager_002,Isabella Garcia,Marketing Manager,Marketing Manager,5,"Isabella Garcia is a Marketing Manager with 5 years of experience helping organizations improve customer acquisition. At CloudBridge, they partnered with business stakeholders to design and execute solutions that improved performance, workflow, and customer outcomes. led strategic initiatives impacting 22 teams and 2085 stakeholders. improved operational efficiency by 32%. 5 years of experience delivering customer acquisition across regional partners and remote-first teams.

Core capabilities include Campaign Management, Email Marketing, SEM, CRM, SEO, Brand Positioning. Proficient with Meta Business Suite, HubSpot, Google Analytics, Salesforce. Strong background in process design, stakeholder communication, reporting, and performance optimization. They are passionate about turning business goals into action plans that deliver measurable results in fast-moving environments."
marketing_manager_003,Michael Lee,Marketing Manager,Marketing Manager,10,"Michael Lee is a Marketing Manager with 10 years of experience helping organizations improve campaign. At Greenline Ventures, they partnered with business stakeholders to design and execute solutions that improved performance, workflow, and customer outcomes. led strategic initiatives impacting 8 teams and 3033 stakeholders. 10 years of experience delivering campaign across enterprise clients and remote-first teams. improved operational efficiency by 44%.

Core capabilities include SEM, Social Media, Campaign Management, Content Strategy, CRM, Brand Positioning. Proficient with Google Ads, Google Analytics, HubSpot, Salesforce. Strong background in process design, stakeholder communication, reporting, and performance optimization. They are passionate about turning business goals into action plans that deliver measurable results in fast-moving environments."
marketing_manager_004,Matthew Moore,Marketing Manager,Marketing Manager,11,"Matthew Moore is a Marketing Manager with 11 years of experience helping organizations improve marketing. At Validus Capital, they partnered with business stakeholders to design and execute solutions that improved performance, workflow, and customer outcomes. 11 years of experience delivering marketing across regional partners and enterprise clients. improved operational efficiency by 39%. led strategic initiatives impacting 25 teams and 1266 stakeholders.

Core capabilities include Brand Positioning, SEO, Campaign Management, Email Marketing, Budget Planning, Content Strategy. Proficient with Meta Business Suite, Google Ads, Mailchimp, HubSpot. Strong background in process design, stakeholder communication, reporting, and performance optimization. They are passionate about turning business goals into action plans that deliver measurable results in fast-moving environments."
marketing_manager_005,Grace Smith,Marketing Manager,Brand Manager,7,"Grace Smith is a Brand Manager with 7 years of experience helping organizations improve analytics. At CloudBridge, they partnered with business stakeholders to design and execute solutions that improved performance, workflow, and customer outcomes. 7 years of experience delivering analytics across startup stakeholders and enterprise clients. led strategic initiatives impacting 24 teams and 2683 stakeholders. drove measurable impact across product, delivery, and customer experience.

Core capabilities include Campaign Management, Social Media, SEO, Brand Positioning, CRM, Content Strategy. Proficient with Salesforce, HubSpot, Mailchimp, Google Ads. Strong background in process design, stakeholder communication, reporting, and performance optimization. They are passionate about turning business goals into action plans that deliver measurable results in fast-moving environments."
marketing_manager_006,Ava Brown,Marketing Manager,Marketing Manager,7,"Ava Brown is a Marketing Manager with 7 years of experience helping organizations improve analytics. At Summit Works, they partnered with business stakeholders to design and execute solutions that improved performance, workflow, and customer outcomes. drove measurable impact across product, delivery, and customer experience. led strategic initiatives impacting 7 teams and 5320 stakeholders. improved operational efficiency by 37%.

Core capabilities include Social Media, Content Strategy, SEM, SEO, Email Marketing, CRM. Proficient with Salesforce, HubSpot, Google Analytics, Google Ads. Strong background in process design, stakeholder communication, reporting, and performance optimization. They are passionate about turning business goals into action plans that deliver measurable results in fast-moving environments."
marketing_manager_007,Henry Johnson,Marketing Manager,Marketing Manager,11,"Henry Johnson is a Marketing Manager with 11 years of experience helping organizations improve seo. At EchoWorks, they partnered with business stakeholders to design and execute solutions that improved performance, workflow, and customer outcomes. drove measurable impact across product, delivery, and customer experience. led strategic initiatives impacting 20 teams and 5596 stakeholders. improved operational efficiency by 60%.

Core capabilities include SEM, CRM, Budget Planning, Email Marketing, Brand Positioning, Content Strategy. Proficient with Google Analytics, Mailchimp, HubSpot, Meta Business Suite. Strong background in process design, stakeholder communication, reporting, and performance optimization. They are passionate about turning business goals into action plans that deliver measurable results in fast-moving environments."
marketing_manager_008,Harper Martin,Marketing Manager,Brand Manager,14,"Harper Martin is a Brand Manager with 14 years of experience helping organizations improve campaign. At NorthStar Labs, they partnered with business stakeholders to design and execute solutions that improved performance, workflow, and customer outcomes. 14 years of experience delivering campaign across cross-functional teams and startup stakeholders. improved operational efficiency by 42%. led strategic initiatives impacting 11 teams and 8989 stakeholders.

Core capabilities include SEM, Campaign Management, Brand Positioning, Email Marketing, Budget Planning, SEO. Proficient with HubSpot, Mailchimp, Google Analytics, Salesforce. Strong background in process design, stakeholder communication, reporting, and performance optimization. They are passionate about turning business goals into action plans that deliver measurable results in fast-moving environments."
marketing_manager_009,Matthew Walker,Marketing Manager,Digital Marketing Lead,7,"Matthew Walker is a Digital Marketing Lead with 7 years of experience helping organizations improve analytics. At CloudBridge, they partnered with business stakeholders to design and execute solutions that improved performance, workflow, and customer outcomes. 7 years of experience delivering analytics across regional partners and cross-functional teams. improved operational efficiency by 67%. drove measurable impact across product, delivery, and customer experience.

Core capabilities include Brand Positioning, Budget Planning, Campaign Management, SEM, Email Marketing, SEO. Proficient with Google Ads, Google Analytics, Meta Business Suite, Salesforce. Strong background in process design, stakeholder communication, reporting, and performance optimization. They are passionate about turning business goals into action plans that deliver measurable results in fast-moving environments."
marketing_manager_010,Charlotte Smith,Marketing Manager,Digital Marketing Lead,12,"Charlotte Smith is a Digital Marketing Lead with 12 years of experience helping organizations improve marketing. At NorthStar Labs, they partnered with business stakeholders to design and execute solutions that improved performance, workflow, and customer outcomes. 12 years of experience delivering marketing across startup stakeholders and regional partners. improved operational efficiency by 40%. drove measurable impact across product, delivery, and customer experience.

Core capabilities include CRM, Budget Planning, SEO, Campaign Management, Social Media, SEM. Proficient with HubSpot, Mailchimp, Google Ads, Salesforce. Strong background in process design, stakeholder communication, reporting, and performance optimization. They are passionate about turning business goals into action plans that deliver measurable results in fast-moving environments."
marketing_manager_011,Benjamin Brown,Marketing Manager,Brand Manager,10,"Benjamin Brown is a Brand Manager with 10 years of experience helping organizations improve seo. At Oak & Pine, they partnered with business stakeholders to design and execute solutions that improved performance, workflow, and customer outcomes. drove measurable impact across product, delivery, and customer experience. led strategic initiatives impacting 17 teams and 3894 stakeholders. improved operational efficiency by 30%.

Core capabilities include Email Marketing, Campaign Management, SEO, Content Strategy, CRM, Brand Positioning. Proficient with HubSpot, Google Analytics, Mailchimp, Meta Business Suite. Strong background in process design, stakeholder communication, reporting, and performance optimization. They are passionate about turning business goals into action plans that deliver measurable results in fast-moving environments."
marketing_manager_012,Michael Jackson,Marketing Manager,Marketing Manager,12,"Michael Jackson is a Marketing Manager with 12 years of experience helping organizations improve marketing. At Validus Capital, they partnered with business stakeholders to design and execute solutions that improved performance, workflow, and customer outcomes. led strategic initiatives impacting 24 teams and 12460 stakeholders. improved operational efficiency by 32%. drove measurable impact across product, delivery, and customer experience.

Core capabilities include Content Strategy, SEM, Budget Planning, SEO, Campaign Management, Brand Positioning. Proficient with Salesforce, Meta Business Suite, Google Ads, HubSpot. Strong background in process design, stakeholder communication, reporting, and performance optimization. They are passionate about turning business goals into action plans that deliver measurable results in fast-moving environments."
marketing_manager_013,Olivia Garcia,Marketing Manager,Digital Marketing Lead,13,"Olivia Garcia is a Digital Marketing Lead with 13 years of experience helping organizations improve campaign. At NorthStar Labs, they partnered with business stakeholders to design and execute solutions that improved performance, workflow, and customer outcomes. drove measurable impact across product, delivery, and customer experience. led strategic initiatives impacting 24 teams and 8811 stakeholders. 13 years of experience delivering campaign across enterprise clients and cross-functional teams.

Core capabilities include Budget Planning, Content Strategy, SEM, Social Media, CRM, Brand Positioning. Proficient with Google Analytics, Salesforce, Meta Business Suite, Mailchimp. Strong background in process design, stakeholder communication, reporting, and performance optimization. They are passionate about turning business goals into action plans that deliver measurable results in fast-moving environments."
marketing_manager_014,Charlotte Davis,Marketing Manager,Digital Marketing Lead,3,"Charlotte Davis is a Digital Marketing Lead with 3 years of experience helping organizations improve brand. At Evergreen Consulting, they partnered with business stakeholders to design and execute solutions that improved performance, workflow, and customer outcomes. drove measurable impact across product, delivery, and customer experience. improved operational efficiency by 61%. 3 years of experience delivering brand across enterprise clients and cross-functional teams.

Core capabilities include CRM, Campaign Management, Content Strategy, SEM, SEO, Social Media. Proficient with Mailchimp, Meta Business Suite, HubSpot, Google Analytics. Strong background in process design, stakeholder communication, reporting, and performance optimization. They are passionate about turning business goals into action plans that deliver measurable results in fast-moving environments."
marketing_manager_015,Joseph Garcia,Marketing Manager,Brand Manager,3,"Joseph Garcia is a Brand Manager with 3 years of experience helping organizations improve marketing. At Signal Forge, they partnered with business stakeholders to design and execute solutions that improved performance, workflow, and customer outcomes. drove measurable impact across product, delivery, and customer experience. led strategic initiatives impacting 16 teams and 9940 stakeholders. improved operational efficiency by 65%.

Core capabilities include SEO, Brand Positioning, Social Media, SEM, Budget Planning, Campaign Management. Proficient with Google Ads, HubSpot, Salesforce, Google Analytics. Strong background in process design, stakeholder communication, reporting, and performance optimization. They are passionate about turning business goals into action plans that deliver measurable results in fast-moving environments."
marketing_manager_016,Evelyn Taylor,Marketing Manager,Brand Manager,2,"Evelyn Taylor is a Brand Manager with 2 years of experience helping organizations improve analytics. At Oak & Pine, they partnered with business stakeholders to design and execute solutions that improved performance, workflow, and customer outcomes. improved operational efficiency by 40%. drove measurable impact across product, delivery, and customer experience. led strategic initiatives impacting 20 teams and 1506 stakeholders.

Core capabilities include Campaign Management, Brand Positioning, Email Marketing, CRM, Budget Planning, Content Strategy. Proficient with HubSpot, Meta Business Suite, Google Analytics, Mailchimp. Strong background in process design, stakeholder communication, reporting, and performance optimization. They are passionate about turning business goals into action plans that deliver measurable results in fast-moving environments."
marketing_manager_017,Daniel Lee,Marketing Manager,Digital Marketing Lead,3,"Daniel Lee is a Digital Marketing Lead with 3 years of experience helping organizations improve brand. At Pioneer Enterprise, they partnered with business stakeholders to design and execute solutions that improved performance, workflow, and customer outcomes. drove measurable impact across product, delivery, and customer experience. 3 years of experience delivering brand across remote-first teams and startup stakeholders. led strategic initiatives impacting 18 teams and 5526 stakeholders.

Core capabilities include Social Media, SEM, CRM, Campaign Management, Brand Positioning, Content Strategy. Proficient with Salesforce, Google Ads, Meta Business Suite, Mailchimp. Strong background in process design, stakeholder communication, reporting, and performance optimization. They are passionate about turning business goals into action plans that deliver measurable results in fast-moving environments."
marketing_manager_018,Matthew Walker,Marketing Manager,Digital Marketing Lead,7,"Matthew Walker is a Digital Marketing Lead with 7 years of experience helping organizations improve analytics. At Nova Metrics, they partnered with business stakeholders to design and execute solutions that improved performance, workflow, and customer outcomes. improved operational efficiency by 51%. led strategic initiatives impacting 14 teams and 11220 stakeholders. drove measurable impact across product, delivery, and customer experience.

Core capabilities include SEM, Social Media, Budget Planning, Content Strategy, Brand Positioning, CRM. Proficient with Meta Business Suite, HubSpot, Salesforce, Google Ads. Strong background in process design, stakeholder communication, reporting, and performance optimization. They are passionate about turning business goals into action plans that deliver measurable results in fast-moving environments."
marketing_manager_019,Abigail Martin,Marketing Manager,Brand Manager,2,"Abigail Martin is a Brand Manager with 2 years of experience helping organizations improve seo. At Pioneer Enterprise, they partnered with business stakeholders to design and execute solutions that improved performance, workflow, and customer outcomes. drove measurable impact across product, delivery, and customer experience. led strategic initiatives impacting 9 teams and 6737 stakeholders. 2 years of experience delivering seo across enterprise clients and regional partners.

Core capabilities include SEO, Content Strategy, CRM, Brand Positioning, Email Marketing, Campaign Management. Proficient with Mailchimp, Meta Business Suite, HubSpot, Google Ads. Strong background in process design, stakeholder communication, reporting, and performance optimization. They are passionate about turning business goals into action plans that deliver measurable results in fast-moving environments."
marketing_manager_020,Liam Wilson,Marketing Manager,Marketing Manager,13,"Liam Wilson is a Marketing Manager with 13 years of experience helping organizations improve brand. At Vertex Studios, they partnered with business stakeholders to design and execute solutions that improved performance, workflow, and customer outcomes. improved operational efficiency by 37%. drove measurable impact across product, delivery, and customer experience. led strategic initiatives impacting 24 teams and 6091 stakeholders.

Core capabilities include Social Media, SEM, CRM, Budget Planning, SEO, Content Strategy. Proficient with Meta Business Suite, Google Ads, Mailchimp, Salesforce. Strong background in process design, stakeholder communication, reporting, and performance optimization. They are passionate about turning business goals into action plans that deliver measurable results in fast-moving environments."
marketing_manager_021,Nora Allen,Marketing Manager,Marketing Manager,12,"Nora Allen is a Marketing Manager with 12 years of experience helping organizations improve analytics. At PrimeCore, they partnered with business stakeholders to design and execute solutions that improved performance, workflow, and customer outcomes. improved operational efficiency by 42%. drove measurable impact across product, delivery, and customer experience. led strategic initiatives impacting 18 teams and 2573 stakeholders.

Core capabilities include Content Strategy, Brand Positioning, SEM, Email Marketing, Budget Planning, Social Media. Proficient with Meta Business Suite, Google Analytics, HubSpot, Google Ads. Strong background in process design, stakeholder communication, reporting, and performance optimization. They are passionate about turning business goals into action plans that deliver measurable results in fast-moving environments."
marketing_manager_022,Nora Walker,Marketing Manager,Digital Marketing Lead,13,"Nora Walker is a Digital Marketing Lead with 13 years of experience helping organizations improve campaign. At Lakeview Health, they partnered with business stakeholders to design and execute solutions that improved performance, workflow, and customer outcomes. drove measurable impact across product, delivery, and customer experience. 13 years of experience delivering campaign across cross-functional teams and remote-first teams. improved operational efficiency by 68%.

Core capabilities include Budget Planning, Campaign Management, Content Strategy, Social Media, Email Marketing, Brand Positioning. Proficient with Mailchimp, HubSpot, Salesforce, Google Ads. Strong background in process design, stakeholder communication, reporting, and performance optimization. They are passionate about turning business goals into action plans that deliver measurable results in fast-moving environments."
marketing_manager_023,Noah Moore,Marketing Manager,Marketing Manager,8,"Noah Moore is a Marketing Manager with 8 years of experience helping organizations improve customer acquisition. At BrightPath Group, they partnered with business stakeholders to design and execute solutions that improved performance, workflow, and customer outcomes. drove measurable impact across product, delivery, and customer experience. 8 years of experience delivering customer acquisition across remote-first teams and enterprise clients. led strategic initiatives impacting 23 teams and 8888 stakeholders.

Core capabilities include SEO, Budget Planning, Social Media, Brand Positioning, Content Strategy, Email Marketing. Proficient with HubSpot, Google Analytics, Meta Business Suite, Mailchimp. Strong background in process design, stakeholder communication, reporting, and performance optimization. They are passionate about turning business goals into action plans that deliver measurable results in fast-moving environments."
marketing_manager_024,Matthew Walker,Marketing Manager,Digital Marketing Lead,13,"Matthew Walker is a Digital Marketing Lead with 13 years of experience helping organizations improve marketing. At Crestline Partners, they partnered with business stakeholders to design and execute solutions that improved performance, workflow, and customer outcomes. 13 years of experience delivering marketing across enterprise clients and startup stakeholders. led strategic initiatives impacting 11 teams and 2879 stakeholders. drove measurable impact across product, delivery, and customer experience.

Core capabilities include Content Strategy, CRM, Brand Positioning, Campaign Management, Email Marketing, SEM. Proficient with Google Ads, Google Analytics, Meta Business Suite, Mailchimp. Strong background in process design, stakeholder communication, reporting, and performance optimization. They are passionate about turning business goals into action plans that deliver measurable results in fast-moving environments."
marketing_manager_025,Avery Kim,Marketing Manager,Digital Marketing Lead,3,"Avery Kim is a Digital Marketing Lead with 3 years of experience helping organizations improve brand. At Vertex Studios, they partnered with business stakeholders to design and execute solutions that improved performance, workflow, and customer outcomes. led strategic initiatives impacting 22 teams and 5264 stakeholders. drove measurable impact across product, delivery, and customer experience. 3 years of experience delivering brand across startup stakeholders and cross-functional teams.

Core capabilities include Content Strategy, SEM, Email Marketing, SEO, Brand Positioning, Social Media. Proficient with Mailchimp, HubSpot, Salesforce, Google Ads. Strong background in process design, stakeholder communication, reporting, and performance optimization. They are passionate about turning business goals into action plans that deliver measurable results in fast-moving environments."
marketing_manager_026,Alexander Brown,Marketing Manager,Digital Marketing Lead,2,"Alexander Brown is a Digital Marketing Lead with 2 years of experience helping organizations improve brand. At BrightPath Group, they partnered with business stakeholders to design and execute solutions that improved performance, workflow, and customer outcomes. led strategic initiatives impacting 13 teams and 7409 stakeholders. drove measurable impact across product, delivery, and customer experience. 2 years of experience delivering brand across regional partners and startup stakeholders.

Core capabilities include CRM, Content Strategy, SEM, Brand Positioning, Campaign Management, Social Media. Proficient with Mailchimp, Google Analytics, Meta Business Suite, Google Ads. Strong background in process design, stakeholder communication, reporting, and performance optimization. They are passionate about turning business goals into action plans that deliver measurable results in fast-moving environments."
marketing_manager_027,David Jackson,Marketing Manager,Brand Manager,4,"David Jackson is a Brand Manager with 4 years of experience helping organizations improve marketing. At Horizon One, they partnered with business stakeholders to design and execute solutions that improved performance, workflow, and customer outcomes. led strategic initiatives impacting 9 teams and 8666 stakeholders. improved operational efficiency by 40%. 4 years of experience delivering marketing across startup stakeholders and enterprise clients.

Core capabilities include Brand Positioning, Budget Planning, SEO, Email Marketing, Content Strategy, Social Media. Proficient with Salesforce, Meta Business Suite, HubSpot, Google Analytics. Strong background in process design, stakeholder communication, reporting, and performance optimization. They are passionate about turning business goals into action plans that deliver measurable results in fast-moving environments."
marketing_manager_028,Charlotte Taylor,Marketing Manager,Digital Marketing Lead,10,"Charlotte Taylor is a Digital Marketing Lead with 10 years of experience helping organizations improve brand. At Nova Metrics, they partnered with business stakeholders to design and execute solutions that improved performance, workflow, and customer outcomes. led strategic initiatives impacting 7 teams and 14751 stakeholders. improved operational efficiency by 43%. drove measurable impact across product, delivery, and customer experience.

Core capabilities include Campaign Management, Social Media, Brand Positioning, SEO, SEM, Budget Planning. Proficient with Meta Business Suite, Salesforce, Google Analytics, Google Ads. Strong background in process design, stakeholder communication, reporting, and performance optimization. They are passionate about turning business goals into action plans that deliver measurable results in fast-moving environments."
marketing_manager_029,Avery Johnson,Marketing Manager,Digital Marketing Lead,13,"Avery Johnson is a Digital Marketing Lead with 13 years of experience helping organizations improve digital. At Summit Works, they partnered with business stakeholders to design and execute solutions that improved performance, workflow, and customer outcomes. 13 years of experience delivering digital across enterprise clients and cross-functional teams. improved operational efficiency by 32%. drove measurable impact across product, delivery, and customer experience.

Core capabilities include Email Marketing, Brand Positioning, SEM, Campaign Management, CRM, Budget Planning. Proficient with Salesforce, Google Analytics, Mailchimp, HubSpot. Strong background in process design, stakeholder communication, reporting, and performance optimization. They are passionate about turning business goals into action plans that deliver measurable results in fast-moving environments."
marketing_manager_030,Nora Garcia,Marketing Manager,Digital Marketing Lead,14,"Nora Garcia is a Digital Marketing Lead with 14 years of experience helping organizations improve brand. At Summit Works, they partnered with business stakeholders to design and execute solutions that improved performance, workflow, and customer outcomes. 14 years of experience delivering brand across enterprise clients and startup stakeholders. led strategic initiatives impacting 16 teams and 10937 stakeholders. improved operational efficiency by 66%.

Core capabilities include SEM, CRM, Campaign Management, Content Strategy, Social Media, SEO. Proficient with HubSpot, Salesforce, Meta Business Suite, Google Analytics. Strong background in process design, stakeholder communication, reporting, and performance optimization. They are passionate about turning business goals into action plans that deliver measurable results in fast-moving environments."
marketing_manager_031,Olivia Thomas,Marketing Manager,Brand Manager,4,"Olivia Thomas is a Brand Manager with 4 years of experience helping organizations improve customer acquisition. At Mercury Systems, they partnered with business stakeholders to design and execute solutions that improved performance, workflow, and customer outcomes. 4 years of experience delivering customer acquisition across startup stakeholders and cross-functional teams. led strategic initiatives impacting 23 teams and 1397 stakeholders. drove measurable impact across product, delivery, and customer experience.

Core capabilities include Email Marketing, Content Strategy, SEM, CRM, Budget Planning, Brand Positioning. Proficient with Google Analytics, Meta Business Suite, Google Ads, HubSpot. Strong background in process design, stakeholder communication, reporting, and performance optimization. They are passionate about turning business goals into action plans that deliver measurable results in fast-moving environments."
marketing_manager_032,Sophia Patel,Marketing Manager,Brand Manager,14,"Sophia Patel is a Brand Manager with 14 years of experience helping organizations improve seo. At Pioneer Enterprise, they partnered with business stakeholders to design and execute solutions that improved performance, workflow, and customer outcomes. led strategic initiatives impacting 19 teams and 8004 stakeholders. 14 years of experience delivering seo across remote-first teams and cross-functional teams. drove measurable impact across product, delivery, and customer experience.

Core capabilities include Email Marketing, SEM, CRM, Budget Planning, Brand Positioning, Content Strategy. Proficient with Google Ads, Google Analytics, Mailchimp, Meta Business Suite. Strong background in process design, stakeholder communication, reporting, and performance optimization. They are passionate about turning business goals into action plans that deliver measurable results in fast-moving environments."
marketing_manager_033,Sophia Walker,Marketing Manager,Brand Manager,3,"Sophia Walker is a Brand Manager with 3 years of experience helping organizations improve marketing. At Vertex Studios, they partnered with business stakeholders to design and execute solutions that improved performance, workflow, and customer outcomes. improved operational efficiency by 28%. drove measurable impact across product, delivery, and customer experience. led strategic initiatives impacting 14 teams and 2225 stakeholders.

Core capabilities include Budget Planning, Content Strategy, SEO, Brand Positioning, Campaign Management, CRM. Proficient with HubSpot, Google Ads, Meta Business Suite, Salesforce. Strong background in process design, stakeholder communication, reporting, and performance optimization. They are passionate about turning business goals into action plans that deliver measurable results in fast-moving environments."
marketing_manager_034,Samuel Scott,Marketing Manager,Marketing Manager,10,"Samuel Scott is a Marketing Manager with 10 years of experience helping organizations improve customer acquisition. At Signal Forge, they partnered with business stakeholders to design and execute solutions that improved performance, workflow, and customer outcomes. drove measurable impact across product, delivery, and customer experience. led strategic initiatives impacting 22 teams and 14381 stakeholders. 10 years of experience delivering customer acquisition across enterprise clients and cross-functional teams.

Core capabilities include SEM, Budget Planning, CRM, Campaign Management, SEO, Brand Positioning. Proficient with Meta Business Suite, Mailchimp, Google Analytics, HubSpot. Strong background in process design, stakeholder communication, reporting, and performance optimization. They are passionate about turning business goals into action plans that deliver measurable results in fast-moving environments."
marketing_manager_035,Elijah Harris,Marketing Manager,Marketing Manager,14,"Elijah Harris is a Marketing Manager with 14 years of experience helping organizations improve digital. At Summit Works, they partnered with business stakeholders to design and execute solutions that improved performance, workflow, and customer outcomes. drove measurable impact across product, delivery, and customer experience. improved operational efficiency by 49%. led strategic initiatives impacting 21 teams and 4690 stakeholders.

Core capabilities include SEO, Campaign Management, Email Marketing, Content Strategy, Brand Positioning, Social Media. Proficient with Salesforce, Mailchimp, Google Ads, Google Analytics. Strong background in process design, stakeholder communication, reporting, and performance optimization. They are passionate about turning business goals into action plans that deliver measurable results in fast-moving environments."
marketing_manager_036,Leo Garcia,Marketing Manager,Marketing Manager,2,"Leo Garcia is a Marketing Manager with 2 years of experience helping organizations improve marketing. At Nova Metrics, they partnered with business stakeholders to design and execute solutions that improved performance, workflow, and customer outcomes. led strategic initiatives impacting 9 teams and 2893 stakeholders. 2 years of experience delivering marketing across startup stakeholders and regional partners. improved operational efficiency by 53%.

Core capabilities include Content Strategy, Social Media, Campaign Management, Budget Planning, SEO, Email Marketing. Proficient with HubSpot, Mailchimp, Salesforce, Meta Business Suite. Strong background in process design, stakeholder communication, reporting, and performance optimization. They are passionate about turning business goals into action plans that deliver measurable results in fast-moving environments."
marketing_manager_037,Isabella Lee,Marketing Manager,Brand Manager,8,"Isabella Lee is a Brand Manager with 8 years of experience helping organizations improve marketing. At Harbor Analytics, they partnered with business stakeholders to design and execute solutions that improved performance, workflow, and customer outcomes. improved operational efficiency by 21%. led strategic initiatives impacting 9 teams and 8185 stakeholders. 8 years of experience delivering marketing across enterprise clients and regional partners.

Core capabilities include Content Strategy, Email Marketing, SEO, Brand Positioning, Social Media, SEM. Proficient with Mailchimp, Salesforce, HubSpot, Google Analytics. Strong background in process design, stakeholder communication, reporting, and performance optimization. They are passionate about turning business goals into action plans that deliver measurable results in fast-moving environments."
marketing_manager_038,Nora Taylor,Marketing Manager,Digital Marketing Lead,12,"Nora Taylor is a Digital Marketing Lead with 12 years of experience helping organizations improve brand. At Validus Capital, they partnered with business stakeholders to design and execute solutions that improved performance, workflow, and customer outcomes. led strategic initiatives impacting 16 teams and 4609 stakeholders. drove measurable impact across product, delivery, and customer experience. improved operational efficiency by 63%.

Core capabilities include Brand Positioning, CRM, Email Marketing, Content Strategy, Campaign Management, SEO. Proficient with Google Analytics, HubSpot, Salesforce, Google Ads. Strong background in process design, stakeholder communication, reporting, and performance optimization. They are passionate about turning business goals into action plans that deliver measurable results in fast-moving environments."
marketing_manager_039,Daniel Young,Marketing Manager,Brand Manager,12,"Daniel Young is a Brand Manager with 12 years of experience helping organizations improve brand. At Horizon One, they partnered with business stakeholders to design and execute solutions that improved performance, workflow, and customer outcomes. improved operational efficiency by 23%. led strategic initiatives impacting 11 teams and 3246 stakeholders. 12 years of experience delivering brand across startup stakeholders and remote-first teams.

Core capabilities include Email Marketing, Brand Positioning, CRM, Campaign Management, Budget Planning, SEO. Proficient with HubSpot, Meta Business Suite, Mailchimp, Salesforce. Strong background in process design, stakeholder communication, reporting, and performance optimization. They are passionate about turning business goals into action plans that deliver measurable results in fast-moving environments."
marketing_manager_040,Ethan Taylor,Marketing Manager,Digital Marketing Lead,14,"Ethan Taylor is a Digital Marketing Lead with 14 years of experience helping organizations improve brand. At Evergreen Consulting, they partnered with business stakeholders to design and execute solutions that improved performance, workflow, and customer outcomes. drove measurable impact across product, delivery, and customer experience. led strategic initiatives impacting 7 teams and 1978 stakeholders. improved operational efficiency by 37%.

Core capabilities include SEO, Content Strategy, Campaign Management, Budget Planning, Social Media, Email Marketing. Proficient with HubSpot, Mailchimp, Google Analytics, Google Ads. Strong background in process design, stakeholder communication, reporting, and performance optimization. They are passionate about turning business goals into action plans that deliver measurable results in fast-moving environments."
marketing_manager_041,Joseph Patel,Marketing Manager,Brand Manager,8,"Joseph Patel is a Brand Manager with 8 years of experience helping organizations improve seo. At Validus Capital, they partnered with business stakeholders to design and execute solutions that improved performance, workflow, and customer outcomes. drove measurable impact across product, delivery, and customer experience. led strategic initiatives impacting 15 teams and 14568 stakeholders. 8 years of experience delivering seo across remote-first teams and enterprise clients.

Core capabilities include SEO, Content Strategy, SEM, Budget Planning, Social Media, Campaign Management. Proficient with Salesforce, HubSpot, Meta Business Suite, Google Analytics. Strong background in process design, stakeholder communication, reporting, and performance optimization. They are passionate about turning business goals into action plans that deliver measurable results in fast-moving environments."
marketing_manager_042,Lucas Davis,Marketing Manager,Digital Marketing Lead,11,"Lucas Davis is a Digital Marketing Lead with 11 years of experience helping organizations improve seo. At PrimeCore, they partnered with business stakeholders to design and execute solutions that improved performance, workflow, and customer outcomes. improved operational efficiency by 28%. 11 years of experience delivering seo across regional partners and remote-first teams. drove measurable impact across product, delivery, and customer experience.

Core capabilities include Social Media, SEO, Email Marketing, Budget Planning, Brand Positioning, Content Strategy. Proficient with Google Analytics, Meta Business Suite, Mailchimp, Google Ads. Strong background in process design, stakeholder communication, reporting, and performance optimization. They are passionate about turning business goals into action plans that deliver measurable results in fast-moving environments."
marketing_manager_043,Henry Wilson,Marketing Manager,Marketing Manager,5,"Henry Wilson is a Marketing Manager with 5 years of experience helping organizations improve analytics. At Evergreen Consulting, they partnered with business stakeholders to design and execute solutions that improved performance, workflow, and customer outcomes. drove measurable impact across product, delivery, and customer experience. improved operational efficiency by 25%. 5 years of experience delivering analytics across regional partners and enterprise clients.

Core capabilities include Email Marketing, Brand Positioning, CRM, Budget Planning, Content Strategy, SEO. Proficient with Salesforce, Meta Business Suite, Google Analytics, Google Ads. Strong background in process design, stakeholder communication, reporting, and performance optimization. They are passionate about turning business goals into action plans that deliver measurable results in fast-moving environments."
marketing_manager_044,Chloe Thomas,Marketing Manager,Marketing Manager,9,"Chloe Thomas is a Marketing Manager with 9 years of experience helping organizations improve marketing. At Horizon One, they partnered with business stakeholders to design and execute solutions that improved performance, workflow, and customer outcomes. drove measurable impact across product, delivery, and customer experience. improved operational efficiency by 22%. led strategic initiatives impacting 19 teams and 3945 stakeholders.

Core capabilities include Budget Planning, SEO, CRM, Content Strategy, Brand Positioning, SEM. Proficient with Mailchimp, HubSpot, Salesforce, Google Ads. Strong background in process design, stakeholder communication, reporting, and performance optimization. They are passionate about turning business goals into action plans that deliver measurable results in fast-moving environments."
marketing_manager_045,Joseph Brown,Marketing Manager,Marketing Manager,12,"Joseph Brown is a Marketing Manager with 12 years of experience helping organizations improve brand. At Signal Forge, they partnered with business stakeholders to design and execute solutions that improved performance, workflow, and customer outcomes. 12 years of experience delivering brand across enterprise clients and cross-functional teams. drove measurable impact across product, delivery, and customer experience. improved operational efficiency by 21%.

Core capabilities include CRM, SEO, SEM, Budget Planning, Campaign Management, Social Media. Proficient with Google Analytics, Salesforce, Mailchimp, Meta Business Suite. Strong background in process design, stakeholder communication, reporting, and performance optimization. They are passionate about turning business goals into action plans that deliver measurable results in fast-moving environments."
marketing_manager_046,Aria Nguyen,Marketing Manager,Digital Marketing Lead,5,"Aria Nguyen is a Digital Marketing Lead with 5 years of experience helping organizations improve campaign. At Pioneer Enterprise, they partnered with business stakeholders to design and execute solutions that improved performance, workflow, and customer outcomes. improved operational efficiency by 59%. 5 years of experience delivering campaign across startup stakeholders and enterprise clients. led strategic initiatives impacting 18 teams and 5638 stakeholders.

Core capabilities include SEM, Email Marketing, Brand Positioning, Content Strategy, SEO, Social Media. Proficient with Google Ads, Google Analytics, Meta Business Suite, Mailchimp. Strong background in process design, stakeholder communication, reporting, and performance optimization. They are passionate about turning business goals into action plans that deliver measurable results in fast-moving environments."
marketing_manager_047,Avery Taylor,Marketing Manager,Brand Manager,8,"Avery Taylor is a Brand Manager with 8 years of experience helping organizations improve customer acquisition. At PrimeCore, they partnered with business stakeholders to design and execute solutions that improved performance, workflow, and customer outcomes. drove measurable impact across product, delivery, and customer experience. led strategic initiatives impacting 11 teams and 14238 stakeholders. improved operational efficiency by 56%.

Core capabilities include Campaign Management, Budget Planning, CRM, Brand Positioning, SEO, SEM. Proficient with Meta Business Suite, HubSpot, Google Analytics, Salesforce. Strong background in process design, stakeholder communication, reporting, and performance optimization. They are passionate about turning business goals into action plans that deliver measurable results in fast-moving environments."
marketing_manager_048,Benjamin Moore,Marketing Manager,Digital Marketing Lead,2,"Benjamin Moore is a Digital Marketing Lead with 2 years of experience helping organizations improve customer acquisition. At BrightPath Group, they partnered with business stakeholders to design and execute solutions that improved performance, workflow, and customer outcomes. led strategic initiatives impacting 20 teams and 11800 stakeholders. improved operational efficiency by 56%. drove measurable impact across product, delivery, and customer experience.

Core capabilities include CRM, Social Media, Budget Planning, Campaign Management, SEO, Brand Positioning. Proficient with Google Ads, Salesforce, Mailchimp, Meta Business Suite. Strong background in process design, stakeholder communication, reporting, and performance optimization. They are passionate about turning business goals into action plans that deliver measurable results in fast-moving environments."
marketing_manager_049,Amelia Allen,Marketing Manager,Brand Manager,5,"Amelia Allen is a Brand Manager with 5 years of experience helping organizations improve campaign. At Oak & Pine, they partnered with business stakeholders to design and execute solutions that improved performance, workflow, and customer outcomes. 5 years of experience delivering campaign across remote-first teams and enterprise clients. improved operational efficiency by 40%. drove measurable impact across product, delivery, and customer experience.

Core capabilities include Content Strategy, Campaign Management, SEM, Email Marketing, CRM, SEO. Proficient with Google Analytics, Google Ads, Mailchimp, Meta Business Suite. Strong background in process design, stakeholder communication, reporting, and performance optimization. They are passionate about turning business goals into action plans that deliver measurable results in fast-moving environments."
marketing_manager_050,Avery Garcia,Marketing Manager,Brand Manager,14,"Avery Garcia is a Brand Manager with 14 years of experience helping organizations improve seo. At Signal Forge, they partnered with business stakeholders to design and execute solutions that improved performance, workflow, and customer outcomes. improved operational efficiency by 44%. drove measurable impact across product, delivery, and customer experience. led strategic initiatives impacting 18 teams and 9274 stakeholders.

Core capabilities include Content Strategy, CRM, Brand Positioning, SEM, Email Marketing, Campaign Management. Proficient with Salesforce, Meta Business Suite, Google Analytics, Google Ads. Strong background in process design, stakeholder communication, reporting, and performance optimization. They are passionate about turning business goals into action plans that deliver measurable results in fast-moving environments."
marketing_manager_051,Amelia Johnson,Marketing Manager,Brand Manager,2,"Amelia Johnson is a Brand Manager with 2 years of experience helping organizations improve brand. At Mercury Systems, they partnered with business stakeholders to design and execute solutions that improved performance, workflow, and customer outcomes. led strategic initiatives impacting 21 teams and 7358 stakeholders. improved operational efficiency by 50%. 2 years of experience delivering brand across enterprise clients and cross-functional teams.

Core capabilities include SEM, Social Media, CRM, Brand Positioning, Content Strategy, SEO. Proficient with Google Ads, HubSpot, Mailchimp, Salesforce. Strong background in process design, stakeholder communication, reporting, and performance optimization. They are passionate about turning business goals into action plans that deliver measurable results in fast-moving environments."
marketing_manager_052,Samuel Young,Marketing Manager,Marketing Manager,13,"Samuel Young is a Marketing Manager with 13 years of experience helping organizations improve campaign. At Pioneer Enterprise, they partnered with business stakeholders to design and execute solutions that improved performance, workflow, and customer outcomes. led strategic initiatives impacting 19 teams and 13135 stakeholders. improved operational efficiency by 58%. drove measurable impact across product, delivery, and customer experience.

Core capabilities include SEM, Campaign Management, Social Media, CRM, Brand Positioning, SEO. Proficient with Google Analytics, HubSpot, Salesforce, Meta Business Suite. Strong background in process design, stakeholder communication, reporting, and performance optimization. They are passionate about turning business goals into action plans that deliver measurable results in fast-moving environments."
marketing_manager_053,Sophia Johnson,Marketing Manager,Digital Marketing Lead,14,"Sophia Johnson is a Digital Marketing Lead with 14 years of experience helping organizations improve digital. At CloudBridge, they partnered with business stakeholders to design and execute solutions that improved performance, workflow, and customer outcomes. drove measurable impact across product, delivery, and customer experience. improved operational efficiency by 67%. led strategic initiatives impacting 8 teams and 4805 stakeholders.

Core capabilities include Email Marketing, SEM, Budget Planning, SEO, Brand Positioning, CRM. Proficient with Google Analytics, Mailchimp, Salesforce, Google Ads. Strong background in process design, stakeholder communication, reporting, and performance optimization. They are passionate about turning business goals into action plans that deliver measurable results in fast-moving environments."
marketing_manager_054,Noah Allen,Marketing Manager,Digital Marketing Lead,10,"Noah Allen is a Digital Marketing Lead with 10 years of experience helping organizations improve digital. At BluePeak Solutions, they partnered with business stakeholders to design and execute solutions that improved performance, workflow, and customer outcomes. 10 years of experience delivering digital across startup stakeholders and remote-first teams. improved operational efficiency by 54%. drove measurable impact across product, delivery, and customer experience.

Core capabilities include Email Marketing, Social Media, CRM, Budget Planning, Content Strategy, Campaign Management. Proficient with Google Ads, Google Analytics, HubSpot, Meta Business Suite. Strong background in process design, stakeholder communication, reporting, and performance optimization. They are passionate about turning business goals into action plans that deliver measurable results in fast-moving environments."
marketing_manager_055,Charlotte Kim,Marketing Manager,Brand Manager,6,"Charlotte Kim is a Brand Manager with 6 years of experience helping organizations improve seo. At BluePeak Solutions, they partnered with business stakeholders to design and execute solutions that improved performance, workflow, and customer outcomes. improved operational efficiency by 19%. 6 years of experience delivering seo across regional partners and cross-functional teams. led strategic initiatives impacting 24 teams and 1651 stakeholders.

Core capabilities include Budget Planning, Content Strategy, SEM, CRM, Campaign Management, SEO. Proficient with Google Ads, Meta Business Suite, Google Analytics, HubSpot. Strong background in process design, stakeholder communication, reporting, and performance optimization. They are passionate about turning business goals into action plans that deliver measurable results in fast-moving environments."
marketing_manager_056,Lucas Taylor,Marketing Manager,Marketing Manager,6,"Lucas Taylor is a Marketing Manager with 6 years of experience helping organizations improve digital. At Greenline Ventures, they partnered with business stakeholders to design and execute solutions that improved performance, workflow, and customer outcomes. 6 years of experience delivering digital across remote-first teams and enterprise clients. improved operational efficiency by 26%. led strategic initiatives impacting 13 teams and 12987 stakeholders.

Core capabilities include Social Media, Budget Planning, Brand Positioning, SEM, Content Strategy, CRM. Proficient with HubSpot, Google Analytics, Mailchimp, Google Ads. Strong background in process design, stakeholder communication, reporting, and performance optimization. They are passionate about turning business goals into action plans that deliver measurable results in fast-moving environments."
marketing_manager_057,Harper Martin,Marketing Manager,Brand Manager,4,"Harper Martin is a Brand Manager with 4 years of experience helping organizations improve digital. At BrightPath Group, they partnered with business stakeholders to design and execute solutions that improved performance, workflow, and customer outcomes. 4 years of experience delivering digital across regional partners and remote-first teams. drove measurable impact across product, delivery, and customer experience. led strategic initiatives impacting 22 teams and 11831 stakeholders.

Core capabilities include Campaign Management, Brand Positioning, Content Strategy, Email Marketing, Budget Planning, SEO. Proficient with Google Analytics, Meta Business Suite, HubSpot, Google Ads. Strong background in process design, stakeholder communication, reporting, and performance optimization. They are passionate about turning business goals into action plans that deliver measurable results in fast-moving environments."
marketing_manager_058,Elijah Brown,Marketing Manager,Digital Marketing Lead,8,"Elijah Brown is a Digital Marketing Lead with 8 years of experience helping organizations improve analytics. At BluePeak Solutions, they partnered with business stakeholders to design and execute solutions that improved performance, workflow, and customer outcomes. led strategic initiatives impacting 18 teams and 2102 stakeholders. drove measurable impact across product, delivery, and customer experience. 8 years of experience delivering analytics across enterprise clients and cross-functional teams.

Core capabilities include Content Strategy, Email Marketing, CRM, Budget Planning, SEM, Campaign Management. Proficient with Google Ads, Mailchimp, Meta Business Suite, HubSpot. Strong background in process design, stakeholder communication, reporting, and performance optimization. They are passionate about turning business goals into action plans that deliver measurable results in fast-moving environments."
marketing_manager_059,James Nguyen,Marketing Manager,Brand Manager,13,"James Nguyen is a Brand Manager with 13 years of experience helping organizations improve campaign. At Greenline Ventures, they partnered with business stakeholders to design and execute solutions that improved performance, workflow, and customer outcomes. led strategic initiatives impacting 16 teams and 9903 stakeholders. improved operational efficiency by 56%. 13 years of experience delivering campaign across startup stakeholders and regional partners.

Core capabilities include Social Media, Content Strategy, Campaign Management, CRM, Budget Planning, SEM. Proficient with Meta Business Suite, Google Ads, Google Analytics, Mailchimp. Strong background in process design, stakeholder communication, reporting, and performance optimization. They are passionate about turning business goals into action plans that deliver measurable results in fast-moving environments."
marketing_manager_060,Harper Kim,Marketing Manager,Brand Manager,8,"Harper Kim is a Brand Manager with 8 years of experience helping organizations improve seo. At Vertex Studios, they partnered with business stakeholders to design and execute solutions that improved performance, workflow, and customer outcomes. improved operational efficiency by 49%. 8 years of experience delivering seo across cross-functional teams and startup stakeholders. led strategic initiatives impacting 24 teams and 7750 stakeholders.

Core capabilities include Campaign Management, Content Strategy, Email Marketing, Budget Planning, SEO, SEM. Proficient with Mailchimp, Meta Business Suite, HubSpot, Google Ads. Strong background in process design, stakeholder communication, reporting, and performance optimization. They are passionate about turning business goals into action plans that deliver measurable results in fast-moving environments."
marketing_manager_061,Henry Walker,Marketing Manager,Marketing Manager,14,"Henry Walker is a Marketing Manager with 14 years of experience helping organizations improve seo. At Evergreen Consulting, they partnered with business stakeholders to design and execute solutions that improved performance, workflow, and customer outcomes. 14 years of experience delivering seo across enterprise clients and remote-first teams. improved operational efficiency by 49%. drove measurable impact across product, delivery, and customer experience.

Core capabilities include SEO, Campaign Management, CRM, Budget Planning, Social Media, Content Strategy. Proficient with Mailchimp, Google Analytics, Salesforce, Google Ads. Strong background in process design, stakeholder communication, reporting, and performance optimization. They are passionate about turning business goals into action plans that deliver measurable results in fast-moving environments."
marketing_manager_062,Grace Garcia,Marketing Manager,Digital Marketing Lead,4,"Grace Garcia is a Digital Marketing Lead with 4 years of experience helping organizations improve digital. At NorthStar Labs, they partnered with business stakeholders to design and execute solutions that improved performance, workflow, and customer outcomes. 4 years of experience delivering digital across startup stakeholders and enterprise clients. drove measurable impact across product, delivery, and customer experience. led strategic initiatives impacting 15 teams and 6778 stakeholders.

Core capabilities include Content Strategy, SEM, Brand Positioning, Social Media, CRM, Budget Planning. Proficient with Salesforce, Google Analytics, HubSpot, Meta Business Suite. Strong background in process design, stakeholder communication, reporting, and performance optimization. They are passionate about turning business goals into action plans that deliver measurable results in fast-moving environments."
marketing_manager_063,Michael Lee,Marketing Manager,Brand Manager,10,"Michael Lee is a Brand Manager with 10 years of experience helping organizations improve brand. At BluePeak Solutions, they partnered with business stakeholders to design and execute solutions that improved performance, workflow, and customer outcomes. 10 years of experience delivering brand across regional partners and cross-functional teams. drove measurable impact across product, delivery, and customer experience. led strategic initiatives impacting 6 teams and 14852 stakeholders.

Core capabilities include CRM, Social Media, Budget Planning, Campaign Management, SEM, Email Marketing. Proficient with Google Ads, Meta Business Suite, Salesforce, Google Analytics. Strong background in process design, stakeholder communication, reporting, and performance optimization. They are passionate about turning business goals into action plans that deliver measurable results in fast-moving environments."
marketing_manager_064,Luna Moore,Marketing Manager,Brand Manager,2,"Luna Moore is a Brand Manager with 2 years of experience helping organizations improve brand. At Vertex Studios, they partnered with business stakeholders to design and execute solutions that improved performance, workflow, and customer outcomes. led strategic initiatives impacting 7 teams and 2210 stakeholders. 2 years of experience delivering brand across cross-functional teams and remote-first teams. drove measurable impact across product, delivery, and customer experience.

Core capabilities include Brand Positioning, Email Marketing, SEO, SEM, Campaign Management, Social Media. Proficient with Meta Business Suite, HubSpot, Mailchimp, Google Analytics. Strong background in process design, stakeholder communication, reporting, and performance optimization. They are passionate about turning business goals into action plans that deliver measurable results in fast-moving environments."
marketing_manager_065,Aria Scott,Marketing Manager,Marketing Manager,3,"Aria Scott is a Marketing Manager with 3 years of experience helping organizations improve customer acquisition. At Evergreen Consulting, they partnered with business stakeholders to design and execute solutions that improved performance, workflow, and customer outcomes. led strategic initiatives impacting 13 teams and 11748 stakeholders. improved operational efficiency by 24%. drove measurable impact across product, delivery, and customer experience.

Core capabilities include Social Media, Content Strategy, Email Marketing, Brand Positioning, CRM, Campaign Management. Proficient with Mailchimp, Salesforce, HubSpot, Google Ads. Strong background in process design, stakeholder communication, reporting, and performance optimization. They are passionate about turning business goals into action plans that deliver measurable results in fast-moving environments."
marketing_manager_066,Alexander Martin,Marketing Manager,Marketing Manager,8,"Alexander Martin is a Marketing Manager with 8 years of experience helping organizations improve digital. At Vertex Studios, they partnered with business stakeholders to design and execute solutions that improved performance, workflow, and customer outcomes. 8 years of experience delivering digital across remote-first teams and enterprise clients. improved operational efficiency by 46%. led strategic initiatives impacting 12 teams and 10467 stakeholders.

Core capabilities include Brand Positioning, Budget Planning, CRM, Campaign Management, Email Marketing, SEM. Proficient with Mailchimp, HubSpot, Google Analytics, Meta Business Suite. Strong background in process design, stakeholder communication, reporting, and performance optimization. They are passionate about turning business goals into action plans that deliver measurable results in fast-moving environments."
marketing_manager_067,Chloe Taylor,Marketing Manager,Brand Manager,11,"Chloe Taylor is a Brand Manager with 11 years of experience helping organizations improve marketing. At PrimeCore, they partnered with business stakeholders to design and execute solutions that improved performance, workflow, and customer outcomes. led strategic initiatives impacting 17 teams and 11100 stakeholders. drove measurable impact across product, delivery, and customer experience. 11 years of experience delivering marketing across cross-functional teams and enterprise clients.

Core capabilities include Brand Positioning, Campaign Management, SEM, Budget Planning, SEO, Email Marketing. Proficient with Salesforce, Google Ads, Google Analytics, Mailchimp. Strong background in process design, stakeholder communication, reporting, and performance optimization. They are passionate about turning business goals into action plans that deliver measurable results in fast-moving environments."
marketing_manager_068,Noah Harris,Marketing Manager,Brand Manager,8,"Noah Harris is a Brand Manager with 8 years of experience helping organizations improve campaign. At Greenline Ventures, they partnered with business stakeholders to design and execute solutions that improved performance, workflow, and customer outcomes. drove measurable impact across product, delivery, and customer experience. improved operational efficiency by 38%. led strategic initiatives impacting 25 teams and 4862 stakeholders.

Core capabilities include Campaign Management, CRM, SEO, Budget Planning, Brand Positioning, Content Strategy. Proficient with HubSpot, Meta Business Suite, Google Ads, Salesforce. Strong background in process design, stakeholder communication, reporting, and performance optimization. They are passionate about turning business goals into action plans that deliver measurable results in fast-moving environments."
marketing_manager_069,Luna Young,Marketing Manager,Digital Marketing Lead,13,"Luna Young is a Digital Marketing Lead with 13 years of experience helping organizations improve marketing. At BluePeak Solutions, they partnered with business stakeholders to design and execute solutions that improved performance, workflow, and customer outcomes. improved operational efficiency by 20%. drove measurable impact across product, delivery, and customer experience. led strategic initiatives impacting 18 teams and 9113 stakeholders.

Core capabilities include SEM, Social Media, Campaign Management, SEO, Content Strategy, Email Marketing. Proficient with HubSpot, Google Ads, Google Analytics, Mailchimp. Strong background in process design, stakeholder communication, reporting, and performance optimization. They are passionate about turning business goals into action plans that deliver measurable results in fast-moving environments."
marketing_manager_070,Sophia Young,Marketing Manager,Brand Manager,8,"Sophia Young is a Brand Manager with 8 years of experience helping organizations improve marketing. At Crestline Partners, they partnered with business stakeholders to design and execute solutions that improved performance, workflow, and customer outcomes. drove measurable impact across product, delivery, and customer experience. improved operational efficiency by 57%. led strategic initiatives impacting 16 teams and 9509 stakeholders.

Core capabilities include Brand Positioning, SEM, Content Strategy, CRM, Campaign Management, Email Marketing. Proficient with Salesforce, Meta Business Suite, Google Ads, HubSpot. Strong background in process design, stakeholder communication, reporting, and performance optimization. They are passionate about turning business goals into action plans that deliver measurable results in fast-moving environments."
marketing_manager_071,Benjamin Davis,Marketing Manager,Digital Marketing Lead,13,"Benjamin Davis is a Digital Marketing Lead with 13 years of experience helping organizations improve analytics. At Greenline Ventures, they partnered with business stakeholders to design and execute solutions that improved performance, workflow, and customer outcomes. 13 years of experience delivering analytics across enterprise clients and regional partners. drove measurable impact across product, delivery, and customer experience. improved operational efficiency by 37%.

Core capabilities include CRM, Email Marketing, Brand Positioning, Campaign Management, Content Strategy, SEO. Proficient with Meta Business Suite, Mailchimp, Google Ads, HubSpot. Strong background in process design, stakeholder communication, reporting, and performance optimization. They are passionate about turning business goals into action plans that deliver measurable results in fast-moving environments."
marketing_manager_072,Jack Kim,Marketing Manager,Marketing Manager,11,"Jack Kim is a Marketing Manager with 11 years of experience helping organizations improve seo. At Crestline Partners, they partnered with business stakeholders to design and execute solutions that improved performance, workflow, and customer outcomes. led strategic initiatives impacting 24 teams and 13566 stakeholders. improved operational efficiency by 41%. 11 years of experience delivering seo across startup stakeholders and remote-first teams.

Core capabilities include CRM, SEM, Email Marketing, Campaign Management, Brand Positioning, Budget Planning. Proficient with Meta Business Suite, HubSpot, Google Ads, Mailchimp. Strong background in process design, stakeholder communication, reporting, and performance optimization. They are passionate about turning business goals into action plans that deliver measurable results in fast-moving environments."
marketing_manager_073,Emma Allen,Marketing Manager,Marketing Manager,3,"Emma Allen is a Marketing Manager with 3 years of experience helping organizations improve customer acquisition. At PrimeCore, they partnered with business stakeholders to design and execute solutions that improved performance, workflow, and customer outcomes. led strategic initiatives impacting 24 teams and 11952 stakeholders. 3 years of experience delivering customer acquisition across regional partners and remote-first teams. drove measurable impact across product, delivery, and customer experience.

Core capabilities include Content Strategy, Brand Positioning, SEM, CRM, Budget Planning, SEO. Proficient with Google Ads, Salesforce, Mailchimp, Google Analytics. Strong background in process design, stakeholder communication, reporting, and performance optimization. They are passionate about turning business goals into action plans that deliver measurable results in fast-moving environments."
marketing_manager_074,Ava Garcia,Marketing Manager,Marketing Manager,3,"Ava Garcia is a Marketing Manager with 3 years of experience helping organizations improve analytics. At CloudBridge, they partnered with business stakeholders to design and execute solutions that improved performance, workflow, and customer outcomes. 3 years of experience delivering analytics across startup stakeholders and regional partners. led strategic initiatives impacting 14 teams and 9198 stakeholders. improved operational efficiency by 38%.

Core capabilities include CRM, Email Marketing, SEM, Content Strategy, SEO, Budget Planning. Proficient with HubSpot, Google Analytics, Google Ads, Meta Business Suite. Strong background in process design, stakeholder communication, reporting, and performance optimization. They are passionate about turning business goals into action plans that deliver measurable results in fast-moving environments."
marketing_manager_075,Ella Moore,Marketing Manager,Digital Marketing Lead,9,"Ella Moore is a Digital Marketing Lead with 9 years of experience helping organizations improve campaign. At Validus Capital, they partnered with business stakeholders to design and execute solutions that improved performance, workflow, and customer outcomes. 9 years of experience delivering campaign across startup stakeholders and regional partners. drove measurable impact across product, delivery, and customer experience. improved operational efficiency by 62%.

Core capabilities include Brand Positioning, Campaign Management, Email Marketing, SEO, Social Media, SEM. Proficient with Google Ads, Meta Business Suite, Google Analytics, Mailchimp. Strong background in process design, stakeholder communication, reporting, and performance optimization. They are passionate about turning business goals into action plans that deliver measurable results in fast-moving environments."
marketing_manager_076,Isabella Johnson,Marketing Manager,Marketing Manager,7,"Isabella Johnson is a Marketing Manager with 7 years of experience helping organizations improve analytics. At NorthStar Labs, they partnered with business stakeholders to design and execute solutions that improved performance, workflow, and customer outcomes. 7 years of experience delivering analytics across cross-functional teams and startup stakeholders. drove measurable impact across product, delivery, and customer experience. improved operational efficiency by 41%.

Core capabilities include Budget Planning, Campaign Management, Email Marketing, Content Strategy, SEM, Brand Positioning. Proficient with Mailchimp, Meta Business Suite, Google Ads, Salesforce. Strong background in process design, stakeholder communication, reporting, and performance optimization. They are passionate about turning business goals into action plans that deliver measurable results in fast-moving environments."
marketing_manager_077,Jack Kim,Marketing Manager,Brand Manager,6,"Jack Kim is a Brand Manager with 6 years of experience helping organizations improve digital. At Summit Works, they partnered with business stakeholders to design and execute solutions that improved performance, workflow, and customer outcomes. led strategic initiatives impacting 20 teams and 10954 stakeholders. improved operational efficiency by 63%. 6 years of experience delivering digital across regional partners and enterprise clients.

Core capabilities include SEO, Brand Positioning, Email Marketing, Campaign Management, CRM, Content Strategy. Proficient with Mailchimp, HubSpot, Meta Business Suite, Google Ads. Strong background in process design, stakeholder communication, reporting, and performance optimization. They are passionate about turning business goals into action plans that deliver measurable results in fast-moving environments."
marketing_manager_078,Scarlett Young,Marketing Manager,Marketing Manager,2,"Scarlett Young is a Marketing Manager with 2 years of experience helping organizations improve campaign. At CloudBridge, they partnered with business stakeholders to design and execute solutions that improved performance, workflow, and customer outcomes. improved operational efficiency by 24%. drove measurable impact across product, delivery, and customer experience. 2 years of experience delivering campaign across enterprise clients and remote-first teams.

Core capabilities include SEO, CRM, Campaign Management, Social Media, SEM, Brand Positioning. Proficient with HubSpot, Mailchimp, Google Analytics, Salesforce. Strong background in process design, stakeholder communication, reporting, and performance optimization. They are passionate about turning business goals into action plans that deliver measurable results in fast-moving environments."
marketing_manager_079,Jack Davis,Marketing Manager,Digital Marketing Lead,4,"Jack Davis is a Digital Marketing Lead with 4 years of experience helping organizations improve digital. At Evergreen Consulting, they partnered with business stakeholders to design and execute solutions that improved performance, workflow, and customer outcomes. improved operational efficiency by 46%. drove measurable impact across product, delivery, and customer experience. led strategic initiatives impacting 6 teams and 5514 stakeholders.

Core capabilities include Campaign Management, SEO, Email Marketing, Content Strategy, Social Media, Budget Planning. Proficient with HubSpot, Google Ads, Salesforce, Meta Business Suite. Strong background in process design, stakeholder communication, reporting, and performance optimization. They are passionate about turning business goals into action plans that deliver measurable results in fast-moving environments."
marketing_manager_080,James Patel,Marketing Manager,Brand Manager,6,"James Patel is a Brand Manager with 6 years of experience helping organizations improve digital. At Lakeview Health, they partnered with business stakeholders to design and execute solutions that improved performance, workflow, and customer outcomes. 6 years of experience delivering digital across cross-functional teams and enterprise clients. led strategic initiatives impacting 15 teams and 10685 stakeholders. drove measurable impact across product, delivery, and customer experience.

Core capabilities include Campaign Management, SEM, CRM, Content Strategy, Brand Positioning, SEO. Proficient with Salesforce, Mailchimp, HubSpot, Google Analytics. Strong background in process design, stakeholder communication, reporting, and performance optimization. They are passionate about turning business goals into action plans that deliver measurable results in fast-moving environments."
marketing_manager_081,Benjamin Taylor,Marketing Manager,Brand Manager,3,"Benjamin Taylor is a Brand Manager with 3 years of experience helping organizations improve customer acquisition. At Crestline Partners, they partnered with business stakeholders to design and execute solutions that improved performance, workflow, and customer outcomes. led strategic initiatives impacting 23 teams and 6169 stakeholders. 3 years of experience delivering customer acquisition across cross-functional teams and remote-first teams. drove measurable impact across product, delivery, and customer experience.

Core capabilities include Content Strategy, Brand Positioning, Social Media, Campaign Management, SEM, Budget Planning. Proficient with Meta Business Suite, HubSpot, Mailchimp, Google Analytics. Strong background in process design, stakeholder communication, reporting, and performance optimization. They are passionate about turning business goals into action plans that deliver measurable results in fast-moving environments."
marketing_manager_082,Henry Lee,Marketing Manager,Marketing Manager,6,"Henry Lee is a Marketing Manager with 6 years of experience helping organizations improve campaign. At Mercury Systems, they partnered with business stakeholders to design and execute solutions that improved performance, workflow, and customer outcomes. improved operational efficiency by 27%. drove measurable impact across product, delivery, and customer experience. led strategic initiatives impacting 22 teams and 10317 stakeholders.

Core capabilities include Budget Planning, Brand Positioning, SEO, Content Strategy, CRM, Email Marketing. Proficient with Meta Business Suite, Salesforce, Mailchimp, Google Analytics. Strong background in process design, stakeholder communication, reporting, and performance optimization. They are passionate about turning business goals into action plans that deliver measurable results in fast-moving environments."
marketing_manager_083,Isabella Smith,Marketing Manager,Marketing Manager,7,"Isabella Smith is a Marketing Manager with 7 years of experience helping organizations improve customer acquisition. At BrightPath Group, they partnered with business stakeholders to design and execute solutions that improved performance, workflow, and customer outcomes. drove measurable impact across product, delivery, and customer experience. improved operational efficiency by 48%. led strategic initiatives impacting 9 teams and 8655 stakeholders.

Core capabilities include Email Marketing, Brand Positioning, SEO, Budget Planning, SEM, CRM. Proficient with Google Ads, Mailchimp, Meta Business Suite, HubSpot. Strong background in process design, stakeholder communication, reporting, and performance optimization. They are passionate about turning business goals into action plans that deliver measurable results in fast-moving environments."
marketing_manager_084,Matthew Nguyen,Marketing Manager,Brand Manager,13,"Matthew Nguyen is a Brand Manager with 13 years of experience helping organizations improve marketing. At Crestline Partners, they partnered with business stakeholders to design and execute solutions that improved performance, workflow, and customer outcomes. 13 years of experience delivering marketing across cross-functional teams and startup stakeholders. improved operational efficiency by 52%. drove measurable impact across product, delivery, and customer experience.

Core capabilities include Campaign Management, SEO, SEM, Content Strategy, Email Marketing, CRM. Proficient with Meta Business Suite, HubSpot, Google Ads, Mailchimp. Strong background in process design, stakeholder communication, reporting, and performance optimization. They are passionate about turning business goals into action plans that deliver measurable results in fast-moving environments."
marketing_manager_085,Matthew Allen,Marketing Manager,Digital Marketing Lead,8,"Matthew Allen is a Digital Marketing Lead with 8 years of experience helping organizations improve customer acquisition. At Vertex Studios, they partnered with business stakeholders to design and execute solutions that improved performance, workflow, and customer outcomes. led strategic initiatives impacting 21 teams and 2767 stakeholders. improved operational efficiency by 32%. drove measurable impact across product, delivery, and customer experience.

Core capabilities include Social Media, Budget Planning, Email Marketing, SEM, CRM, Brand Positioning. Proficient with Salesforce, Meta Business Suite, Mailchimp, Google Analytics. Strong background in process design, stakeholder communication, reporting, and performance optimization. They are passionate about turning business goals into action plans that deliver measurable results in fast-moving environments."
marketing_manager_086,Hannah Moore,Marketing Manager,Digital Marketing Lead,2,"Hannah Moore is a Digital Marketing Lead with 2 years of experience helping organizations improve brand. At Signal Forge, they partnered with business stakeholders to design and execute solutions that improved performance, workflow, and customer outcomes. drove measurable impact across product, delivery, and customer experience. improved operational efficiency by 37%. led strategic initiatives impacting 9 teams and 14131 stakeholders.

Core capabilities include Email Marketing, CRM, Budget Planning, Brand Positioning, Campaign Management, SEM. Proficient with Salesforce, Google Ads, Google Analytics, Meta Business Suite. Strong background in process design, stakeholder communication, reporting, and performance optimization. They are passionate about turning business goals into action plans that deliver measurable results in fast-moving environments."
marketing_manager_087,Charlotte Thomas,Marketing Manager,Marketing Manager,12,"Charlotte Thomas is a Marketing Manager with 12 years of experience helping organizations improve brand. At Harbor Analytics, they partnered with business stakeholders to design and execute solutions that improved performance, workflow, and customer outcomes. drove measurable impact across product, delivery, and customer experience. 12 years of experience delivering brand across cross-functional teams and remote-first teams. improved operational efficiency by 18%.

Core capabilities include Content Strategy, CRM, Budget Planning, Social Media, SEO, SEM. Proficient with Google Ads, Google Analytics, Mailchimp, HubSpot. Strong background in process design, stakeholder communication, reporting, and performance optimization. They are passionate about turning business goals into action plans that deliver measurable results in fast-moving environments."
marketing_manager_088,Sebastian Moore,Marketing Manager,Digital Marketing Lead,5,"Sebastian Moore is a Digital Marketing Lead with 5 years of experience helping organizations improve seo. At Signal Forge, they partnered with business stakeholders to design and execute solutions that improved performance, workflow, and customer outcomes. 5 years of experience delivering seo across remote-first teams and startup stakeholders. improved operational efficiency by 56%. drove measurable impact across product, delivery, and customer experience.

Core capabilities include Social Media, Budget Planning, Campaign Management, SEM, SEO, Content Strategy. Proficient with Google Ads, Meta Business Suite, Google Analytics, Mailchimp. Strong background in process design, stakeholder communication, reporting, and performance optimization. They are passionate about turning business goals into action plans that deliver measurable results in fast-moving environments."
marketing_manager_089,Matthew Patel,Marketing Manager,Marketing Manager,11,"Matthew Patel is a Marketing Manager with 11 years of experience helping organizations improve brand. At Harbor Analytics, they partnered with business stakeholders to design and execute solutions that improved performance, workflow, and customer outcomes. drove measurable impact across product, delivery, and customer experience. improved operational efficiency by 30%. 11 years of experience delivering brand across cross-functional teams and startup stakeholders.

Core capabilities include Content Strategy, Campaign Management, CRM, Social Media, Brand Positioning, SEO. Proficient with Salesforce, Google Analytics, Mailchimp, HubSpot. Strong background in process design, stakeholder communication, reporting, and performance optimization. They are passionate about turning business goals into action plans that deliver measurable results in fast-moving environments."
marketing_manager_090,Jack Moore,Marketing Manager,Digital Marketing Lead,4,"Jack Moore is a Digital Marketing Lead with 4 years of experience helping organizations improve seo. At Vertex Studios, they partnered with business stakeholders to design and execute solutions that improved performance, workflow, and customer outcomes. 4 years of experience delivering seo across regional partners and enterprise clients. drove measurable impact across product, delivery, and customer experience. improved operational efficiency by 47%.

Core capabilities include CRM, Brand Positioning, Email Marketing, Content Strategy, Campaign Management, SEO. Proficient with Meta Business Suite, Mailchimp, Google Ads, HubSpot. Strong background in process design, stakeholder communication, reporting, and performance optimization. They are passionate about turning business goals into action plans that deliver measurable results in fast-moving environments."
marketing_manager_091,Ava Johnson,Marketing Manager,Brand Manager,4,"Ava Johnson is a Brand Manager with 4 years of experience helping organizations improve digital. At Crestline Partners, they partnered with business stakeholders to design and execute solutions that improved performance, workflow, and customer outcomes. led strategic initiatives impacting 25 teams and 2899 stakeholders. drove measurable impact across product, delivery, and customer experience. improved operational efficiency by 65%.

Core capabilities include Email Marketing, Social Media, Campaign Management, Content Strategy, SEO, Budget Planning. Proficient with Google Analytics, Mailchimp, Salesforce, HubSpot. Strong background in process design, stakeholder communication, reporting, and performance optimization. They are passionate about turning business goals into action plans that deliver measurable results in fast-moving environments."
marketing_manager_092,Scarlett Davis,Marketing Manager,Digital Marketing Lead,7,"Scarlett Davis is a Digital Marketing Lead with 7 years of experience helping organizations improve marketing. At EchoWorks, they partnered with business stakeholders to design and execute solutions that improved performance, workflow, and customer outcomes. drove measurable impact across product, delivery, and customer experience. 7 years of experience delivering marketing across regional partners and startup stakeholders. led strategic initiatives impacting 6 teams and 8614 stakeholders.

Core capabilities include CRM, Social Media, Brand Positioning, Content Strategy, SEO, SEM. Proficient with HubSpot, Meta Business Suite, Salesforce, Google Analytics. Strong background in process design, stakeholder communication, reporting, and performance optimization. They are passionate about turning business goals into action plans that deliver measurable results in fast-moving environments."
marketing_manager_093,Joseph Thomas,Marketing Manager,Brand Manager,2,"Joseph Thomas is a Brand Manager with 2 years of experience helping organizations improve digital. At Pioneer Enterprise, they partnered with business stakeholders to design and execute solutions that improved performance, workflow, and customer outcomes. 2 years of experience delivering digital across startup stakeholders and enterprise clients. drove measurable impact across product, delivery, and customer experience. led strategic initiatives impacting 15 teams and 5877 stakeholders.

Core capabilities include Campaign Management, Brand Positioning, Content Strategy, CRM, Email Marketing, SEO. Proficient with Salesforce, Meta Business Suite, Google Ads, Mailchimp. Strong background in process design, stakeholder communication, reporting, and performance optimization. They are passionate about turning business goals into action plans that deliver measurable results in fast-moving environments."
marketing_manager_094,Isabella Nguyen,Marketing Manager,Digital Marketing Lead,13,"Isabella Nguyen is a Digital Marketing Lead with 13 years of experience helping organizations improve seo. At Evergreen Consulting, they partnered with business stakeholders to design and execute solutions that improved performance, workflow, and customer outcomes. led strategic initiatives impacting 24 teams and 4999 stakeholders. 13 years of experience delivering seo across remote-first teams and startup stakeholders. drove measurable impact across product, delivery, and customer experience.

Core capabilities include Content Strategy, CRM, SEO, Brand Positioning, Social Media, SEM. Proficient with Google Analytics, Google Ads, Mailchimp, Salesforce. Strong background in process design, stakeholder communication, reporting, and performance optimization. They are passionate about turning business goals into action plans that deliver measurable results in fast-moving environments."
marketing_manager_095,Nora Taylor,Marketing Manager,Marketing Manager,4,"Nora Taylor is a Marketing Manager with 4 years of experience helping organizations improve digital. At NorthStar Labs, they partnered with business stakeholders to design and execute solutions that improved performance, workflow, and customer outcomes. 4 years of experience delivering digital across cross-functional teams and remote-first teams. improved operational efficiency by 64%. led strategic initiatives impacting 25 teams and 13168 stakeholders.

Core capabilities include SEM, Social Media, Brand Positioning, Campaign Management, SEO, CRM. Proficient with Google Analytics, Meta Business Suite, Mailchimp, Google Ads. Strong background in process design, stakeholder communication, reporting, and performance optimization. They are passionate about turning business goals into action plans that deliver measurable results in fast-moving environments."
marketing_manager_096,Amelia Allen,Marketing Manager,Brand Manager,6,"Amelia Allen is a Brand Manager with 6 years of experience helping organizations improve digital. At Mercury Systems, they partnered with business stakeholders to design and execute solutions that improved performance, workflow, and customer outcomes. drove measurable impact across product, delivery, and customer experience. improved operational efficiency by 56%. 6 years of experience delivering digital across remote-first teams and enterprise clients.

Core capabilities include Email Marketing, Content Strategy, Campaign Management, SEO, CRM, Budget Planning. Proficient with Google Ads, Mailchimp, Meta Business Suite, Salesforce. Strong background in process design, stakeholder communication, reporting, and performance optimization. They are passionate about turning business goals into action plans that deliver measurable results in fast-moving environments."
marketing_manager_097,Grace Lee,Marketing Manager,Marketing Manager,14,"Grace Lee is a Marketing Manager with 14 years of experience helping organizations improve seo. At Signal Forge, they partnered with business stakeholders to design and execute solutions that improved performance, workflow, and customer outcomes. led strategic initiatives impacting 14 teams and 12930 stakeholders. drove measurable impact across product, delivery, and customer experience. improved operational efficiency by 57%.

Core capabilities include CRM, Brand Positioning, Email Marketing, Content Strategy, Budget Planning, Social Media. Proficient with HubSpot, Google Ads, Salesforce, Google Analytics. Strong background in process design, stakeholder communication, reporting, and performance optimization. They are passionate about turning business goals into action plans that deliver measurable results in fast-moving environments."
marketing_manager_098,Avery Davis,Marketing Manager,Digital Marketing Lead,8,"Avery Davis is a Digital Marketing Lead with 8 years of experience helping organizations improve seo. At Greenline Ventures, they partnered with business stakeholders to design and execute solutions that improved performance, workflow, and customer outcomes. led strategic initiatives impacting 17 teams and 5189 stakeholders. 8 years of experience delivering seo across cross-functional teams and regional partners. drove measurable impact across product, delivery, and customer experience.

Core capabilities include Email Marketing, SEO, CRM, Social Media, Campaign Management, Brand Positioning. Proficient with Mailchimp, Google Ads, Google Analytics, Meta Business Suite. Strong background in process design, stakeholder communication, reporting, and performance optimization. They are passionate about turning business goals into action plans that deliver measurable results in fast-moving environments."
marketing_manager_099,Joseph Young,Marketing Manager,Brand Manager,3,"Joseph Young is a Brand Manager with 3 years of experience helping organizations improve brand. At Horizon One, they partnered with business stakeholders to design and execute solutions that improved performance, workflow, and customer outcomes. led strategic initiatives impacting 16 teams and 10255 stakeholders. improved operational efficiency by 57%. 3 years of experience delivering brand across regional partners and cross-functional teams.

Core capabilities include Email Marketing, Campaign Management, CRM, Social Media, Budget Planning, Content Strategy. Proficient with Google Analytics, Mailchimp, HubSpot, Salesforce. Strong background in process design, stakeholder communication, reporting, and performance optimization. They are passionate about turning business goals into action plans that deliver measurable results in fast-moving environments."
financial_analyst_000,Abigail Young,Financial Analyst,Investment Analyst,9,"Abigail Young is a Investment Analyst with 9 years of experience helping organizations improve budget. At PrimeCore, they partnered with business stakeholders to design and execute solutions that improved performance, workflow, and customer outcomes. led strategic initiatives impacting 17 teams and 10012 stakeholders. improved operational efficiency by 28%. 9 years of experience delivering budget across remote-first teams and cross-functional teams.

Core capabilities include SQL, Portfolio Analysis, Excel, Valuation, Financial Modeling, Budgeting. Proficient with Oracle, Power BI, Tableau, Excel. Strong background in process design, stakeholder communication, reporting, and performance optimization. They are passionate about turning business goals into action plans that deliver measurable results in fast-moving environments."
financial_analyst_001,Grace Scott,Financial Analyst,Corporate Finance Analyst,7,"Grace Scott is a Corporate Finance Analyst with 7 years of experience helping organizations improve risk. At CloudBridge, they partnered with business stakeholders to design and execute solutions that improved performance, workflow, and customer outcomes. drove measurable impact across product, delivery, and customer experience. improved operational efficiency by 43%. 7 years of experience delivering risk across cross-functional teams and regional partners.

Core capabilities include Risk Management, Budgeting, Financial Modeling, Forecasting, Valuation, SQL. Proficient with Oracle, Bloomberg, Tableau, Power BI. Strong background in process design, stakeholder communication, reporting, and performance optimization. They are passionate about turning business goals into action plans that deliver measurable results in fast-moving environments."
financial_analyst_002,Olivia Moore,Financial Analyst,Investment Analyst,12,"Olivia Moore is a Investment Analyst with 12 years of experience helping organizations improve valuation. At PrimeCore, they partnered with business stakeholders to design and execute solutions that improved performance, workflow, and customer outcomes. improved operational efficiency by 38%. drove measurable impact across product, delivery, and customer experience. led strategic initiatives impacting 24 teams and 5095 stakeholders.

Core capabilities include SQL, Valuation, Excel, Financial Modeling, Risk Management, Portfolio Analysis. Proficient with Tableau, Bloomberg, Excel, SAP. Strong background in process design, stakeholder communication, reporting, and performance optimization. They are passionate about turning business goals into action plans that deliver measurable results in fast-moving environments."
financial_analyst_003,Liam Taylor,Financial Analyst,Financial Analyst,13,"Liam Taylor is a Financial Analyst with 13 years of experience helping organizations improve investment. At BluePeak Solutions, they partnered with business stakeholders to design and execute solutions that improved performance, workflow, and customer outcomes. improved operational efficiency by 36%. drove measurable impact across product, delivery, and customer experience. led strategic initiatives impacting 7 teams and 1506 stakeholders.

Core capabilities include SQL, Portfolio Analysis, Budgeting, Excel, Risk Management, Valuation. Proficient with SAP, Power BI, Tableau, Oracle. Strong background in process design, stakeholder communication, reporting, and performance optimization. They are passionate about turning business goals into action plans that deliver measurable results in fast-moving environments."
financial_analyst_004,David Garcia,Financial Analyst,Investment Analyst,11,"David Garcia is a Investment Analyst with 11 years of experience helping organizations improve valuation. At Lakeview Health, they partnered with business stakeholders to design and execute solutions that improved performance, workflow, and customer outcomes. led strategic initiatives impacting 18 teams and 9515 stakeholders. improved operational efficiency by 61%. 11 years of experience delivering valuation across enterprise clients and regional partners.

Core capabilities include Valuation, SQL, Excel, Budgeting, Financial Modeling, Forecasting. Proficient with SAP, Power BI, Tableau, Oracle. Strong background in process design, stakeholder communication, reporting, and performance optimization. They are passionate about turning business goals into action plans that deliver measurable results in fast-moving environments."
financial_analyst_005,Grace Wilson,Financial Analyst,Investment Analyst,10,"Grace Wilson is a Investment Analyst with 10 years of experience helping organizations improve finance. At EchoWorks, they partnered with business stakeholders to design and execute solutions that improved performance, workflow, and customer outcomes. improved operational efficiency by 68%. led strategic initiatives impacting 8 teams and 2697 stakeholders. 10 years of experience delivering finance across startup stakeholders and regional partners.

Core capabilities include Financial Modeling, Valuation, SQL, Budgeting, Forecasting, Excel. Proficient with Bloomberg, Excel, SAP, Power BI. Strong background in process design, stakeholder communication, reporting, and performance optimization. They are passionate about turning business goals into action plans that deliver measurable results in fast-moving environments."
financial_analyst_006,Charlotte Taylor,Financial Analyst,Corporate Finance Analyst,12,"Charlotte Taylor is a Corporate Finance Analyst with 12 years of experience helping organizations improve forecast. At Greenline Ventures, they partnered with business stakeholders to design and execute solutions that improved performance, workflow, and customer outcomes. led strategic initiatives impacting 14 teams and 12291 stakeholders. improved operational efficiency by 39%. drove measurable impact across product, delivery, and customer experience.

Core capabilities include Forecasting, Excel, Valuation, SQL, Budgeting, Financial Modeling. Proficient with SAP, Excel, Oracle, Bloomberg. Strong background in process design, stakeholder communication, reporting, and performance optimization. They are passionate about turning business goals into action plans that deliver measurable results in fast-moving environments."
financial_analyst_007,Evelyn Allen,Financial Analyst,Corporate Finance Analyst,11,"Evelyn Allen is a Corporate Finance Analyst with 11 years of experience helping organizations improve finance. At Crestline Partners, they partnered with business stakeholders to design and execute solutions that improved performance, workflow, and customer outcomes. led strategic initiatives impacting 25 teams and 5992 stakeholders. drove measurable impact across product, delivery, and customer experience. improved operational efficiency by 54%.

Core capabilities include Forecasting, Excel, Portfolio Analysis, Budgeting, Financial Modeling, Valuation. Proficient with SAP, Tableau, Bloomberg, Oracle. Strong background in process design, stakeholder communication, reporting, and performance optimization. They are passionate about turning business goals into action plans that deliver measurable results in fast-moving environments."
financial_analyst_008,Abigail Brown,Financial Analyst,Investment Analyst,14,"Abigail Brown is a Investment Analyst with 14 years of experience helping organizations improve models. At PrimeCore, they partnered with business stakeholders to design and execute solutions that improved performance, workflow, and customer outcomes. drove measurable impact across product, delivery, and customer experience. led strategic initiatives impacting 5 teams and 5250 stakeholders. improved operational efficiency by 55%.

Core capabilities include Forecasting, Excel, Portfolio Analysis, Budgeting, Valuation, SQL. Proficient with Bloomberg, Power BI, Excel, Oracle. Strong background in process design, stakeholder communication, reporting, and performance optimization. They are passionate about turning business goals into action plans that deliver measurable results in fast-moving environments."
financial_analyst_009,Scarlett Scott,Financial Analyst,Financial Analyst,7,"Scarlett Scott is a Financial Analyst with 7 years of experience helping organizations improve models. At Greenline Ventures, they partnered with business stakeholders to design and execute solutions that improved performance, workflow, and customer outcomes. improved operational efficiency by 60%. led strategic initiatives impacting 7 teams and 6609 stakeholders. 7 years of experience delivering models across startup stakeholders and enterprise clients.

Core capabilities include Forecasting, Portfolio Analysis, SQL, Budgeting, Risk Management, Excel. Proficient with Oracle, Power BI, Bloomberg, Excel. Strong background in process design, stakeholder communication, reporting, and performance optimization. They are passionate about turning business goals into action plans that deliver measurable results in fast-moving environments."
financial_analyst_010,Harper Brown,Financial Analyst,Corporate Finance Analyst,11,"Harper Brown is a Corporate Finance Analyst with 11 years of experience helping organizations improve risk. At BluePeak Solutions, they partnered with business stakeholders to design and execute solutions that improved performance, workflow, and customer outcomes. drove measurable impact across product, delivery, and customer experience. led strategic initiatives impacting 25 teams and 2619 stakeholders. 11 years of experience delivering risk across remote-first teams and enterprise clients.

Core capabilities include Excel, Risk Management, Budgeting, Forecasting, Valuation, SQL. Proficient with Tableau, Excel, Power BI, SAP. Strong background in process design, stakeholder communication, reporting, and performance optimization. They are passionate about turning business goals into action plans that deliver measurable results in fast-moving environments."
financial_analyst_011,Henry Young,Financial Analyst,Investment Analyst,13,"Henry Young is a Investment Analyst with 13 years of experience helping organizations improve investment. At CloudBridge, they partnered with business stakeholders to design and execute solutions that improved performance, workflow, and customer outcomes. drove measurable impact across product, delivery, and customer experience. 13 years of experience delivering investment across cross-functional teams and enterprise clients. led strategic initiatives impacting 13 teams and 10043 stakeholders.

Core capabilities include Excel, SQL, Financial Modeling, Valuation, Budgeting, Risk Management. Proficient with SAP, Power BI, Tableau, Excel. Strong background in process design, stakeholder communication, reporting, and performance optimization. They are passionate about turning business goals into action plans that deliver measurable results in fast-moving environments."
financial_analyst_012,Emma Brown,Financial Analyst,Investment Analyst,6,"Emma Brown is a Investment Analyst with 6 years of experience helping organizations improve finance. At Lakeview Health, they partnered with business stakeholders to design and execute solutions that improved performance, workflow, and customer outcomes. led strategic initiatives impacting 19 teams and 2366 stakeholders. 6 years of experience delivering finance across cross-functional teams and startup stakeholders. drove measurable impact across product, delivery, and customer experience.

Core capabilities include Valuation, Excel, SQL, Portfolio Analysis, Budgeting, Risk Management. Proficient with Excel, Tableau, Bloomberg, Power BI. Strong background in process design, stakeholder communication, reporting, and performance optimization. They are passionate about turning business goals into action plans that deliver measurable results in fast-moving environments."
financial_analyst_013,Aria Allen,Financial Analyst,Financial Analyst,11,"Aria Allen is a Financial Analyst with 11 years of experience helping organizations improve valuation. At Horizon One, they partnered with business stakeholders to design and execute solutions that improved performance, workflow, and customer outcomes. drove measurable impact across product, delivery, and customer experience. improved operational efficiency by 34%. 11 years of experience delivering valuation across startup stakeholders and enterprise clients.

Core capabilities include Portfolio Analysis, Budgeting, Financial Modeling, SQL, Valuation, Risk Management. Proficient with Bloomberg, Oracle, Power BI, SAP. Strong background in process design, stakeholder communication, reporting, and performance optimization. They are passionate about turning business goals into action plans that deliver measurable results in fast-moving environments."
financial_analyst_014,Jack Walker,Financial Analyst,Corporate Finance Analyst,10,"Jack Walker is a Corporate Finance Analyst with 10 years of experience helping organizations improve forecast. At CloudBridge, they partnered with business stakeholders to design and execute solutions that improved performance, workflow, and customer outcomes. led strategic initiatives impacting 5 teams and 6229 stakeholders. improved operational efficiency by 49%. 10 years of experience delivering forecast across enterprise clients and cross-functional teams.

Core capabilities include Portfolio Analysis, Forecasting, Budgeting, Excel, SQL, Risk Management. Proficient with Bloomberg, Tableau, SAP, Oracle. Strong background in process design, stakeholder communication, reporting, and performance optimization. They are passionate about turning business goals into action plans that deliver measurable results in fast-moving environments."
financial_analyst_015,James Martin,Financial Analyst,Corporate Finance Analyst,12,"James Martin is a Corporate Finance Analyst with 12 years of experience helping organizations improve forecast. At EchoWorks, they partnered with business stakeholders to design and execute solutions that improved performance, workflow, and customer outcomes. 12 years of experience delivering forecast across remote-first teams and regional partners. drove measurable impact across product, delivery, and customer experience. improved operational efficiency by 67%.

Core capabilities include Excel, SQL, Valuation, Forecasting, Budgeting, Financial Modeling. Proficient with Excel, Power BI, Tableau, Oracle. Strong background in process design, stakeholder communication, reporting, and performance optimization. They are passionate about turning business goals into action plans that deliver measurable results in fast-moving environments."
financial_analyst_016,Isaac Lee,Financial Analyst,Investment Analyst,12,"Isaac Lee is a Investment Analyst with 12 years of experience helping organizations improve budget. At Greenline Ventures, they partnered with business stakeholders to design and execute solutions that improved performance, workflow, and customer outcomes. drove measurable impact across product, delivery, and customer experience. improved operational efficiency by 67%. led strategic initiatives impacting 13 teams and 4747 stakeholders.

Core capabilities include Risk Management, Excel, SQL, Valuation, Budgeting, Financial Modeling. Proficient with Tableau, Power BI, SAP, Oracle. Strong background in process design, stakeholder communication, reporting, and performance optimization. They are passionate about turning business goals into action plans that deliver measurable results in fast-moving environments."
financial_analyst_017,Daniel Brown,Financial Analyst,Corporate Finance Analyst,7,"Daniel Brown is a Corporate Finance Analyst with 7 years of experience helping organizations improve models. At NorthStar Labs, they partnered with business stakeholders to design and execute solutions that improved performance, workflow, and customer outcomes. improved operational efficiency by 44%. led strategic initiatives impacting 16 teams and 11580 stakeholders. drove measurable impact across product, delivery, and customer experience.

Core capabilities include Risk Management, SQL, Budgeting, Forecasting, Valuation, Excel. Proficient with Oracle, Tableau, Bloomberg, Power BI. Strong background in process design, stakeholder communication, reporting, and performance optimization. They are passionate about turning business goals into action plans that deliver measurable results in fast-moving environments."
financial_analyst_018,Lucas Lee,Financial Analyst,Financial Analyst,12,"Lucas Lee is a Financial Analyst with 12 years of experience helping organizations improve models. At Horizon One, they partnered with business stakeholders to design and execute solutions that improved performance, workflow, and customer outcomes. improved operational efficiency by 35%. 12 years of experience delivering models across regional partners and startup stakeholders. led strategic initiatives impacting 8 teams and 2219 stakeholders.

Core capabilities include Portfolio Analysis, Forecasting, SQL, Financial Modeling, Risk Management, Excel. Proficient with Oracle, SAP, Power BI, Excel. Strong background in process design, stakeholder communication, reporting, and performance optimization. They are passionate about turning business goals into action plans that deliver measurable results in fast-moving environments."
financial_analyst_019,Scarlett Allen,Financial Analyst,Corporate Finance Analyst,2,"Scarlett Allen is a Corporate Finance Analyst with 2 years of experience helping organizations improve risk. At BrightPath Group, they partnered with business stakeholders to design and execute solutions that improved performance, workflow, and customer outcomes. led strategic initiatives impacting 22 teams and 7053 stakeholders. improved operational efficiency by 35%. 2 years of experience delivering risk across enterprise clients and remote-first teams.

Core capabilities include SQL, Risk Management, Budgeting, Valuation, Excel, Portfolio Analysis. Proficient with Tableau, Bloomberg, Oracle, Excel. Strong background in process design, stakeholder communication, reporting, and performance optimization. They are passionate about turning business goals into action plans that deliver measurable results in fast-moving environments."
financial_analyst_020,Scarlett Brown,Financial Analyst,Investment Analyst,3,"Scarlett Brown is a Investment Analyst with 3 years of experience helping organizations improve forecast. At Harbor Analytics, they partnered with business stakeholders to design and execute solutions that improved performance, workflow, and customer outcomes. drove measurable impact across product, delivery, and customer experience. led strategic initiatives impacting 21 teams and 14390 stakeholders. 3 years of experience delivering forecast across remote-first teams and regional partners.

Core capabilities include SQL, Budgeting, Excel, Risk Management, Forecasting, Valuation. Proficient with Power BI, Tableau, Excel, Bloomberg. Strong background in process design, stakeholder communication, reporting, and performance optimization. They are passionate about turning business goals into action plans that deliver measurable results in fast-moving environments."
financial_analyst_021,Sophia Martin,Financial Analyst,Investment Analyst,13,"Sophia Martin is a Investment Analyst with 13 years of experience helping organizations improve models. At Pioneer Enterprise, they partnered with business stakeholders to design and execute solutions that improved performance, workflow, and customer outcomes. 13 years of experience delivering models across remote-first teams and cross-functional teams. led strategic initiatives impacting 13 teams and 5183 stakeholders. drove measurable impact across product, delivery, and customer experience.

Core capabilities include Risk Management, SQL, Forecasting, Valuation, Excel, Financial Modeling. Proficient with SAP, Oracle, Power BI, Tableau. Strong background in process design, stakeholder communication, reporting, and performance optimization. They are passionate about turning business goals into action plans that deliver measurable results in fast-moving environments."
financial_analyst_022,Grace Jackson,Financial Analyst,Corporate Finance Analyst,14,"Grace Jackson is a Corporate Finance Analyst with 14 years of experience helping organizations improve valuation. At Signal Forge, they partnered with business stakeholders to design and execute solutions that improved performance, workflow, and customer outcomes. 14 years of experience delivering valuation across regional partners and startup stakeholders. drove measurable impact across product, delivery, and customer experience. led strategic initiatives impacting 23 teams and 6468 stakeholders.

Core capabilities include Financial Modeling, SQL, Portfolio Analysis, Budgeting, Forecasting, Risk Management. Proficient with Tableau, Oracle, Excel, SAP. Strong background in process design, stakeholder communication, reporting, and performance optimization. They are passionate about turning business goals into action plans that deliver measurable results in fast-moving environments."
financial_analyst_023,Hannah Martin,Financial Analyst,Investment Analyst,14,"Hannah Martin is a Investment Analyst with 14 years of experience helping organizations improve finance. At Oak & Pine, they partnered with business stakeholders to design and execute solutions that improved performance, workflow, and customer outcomes. drove measurable impact across product, delivery, and customer experience. 14 years of experience delivering finance across remote-first teams and startup stakeholders. led strategic initiatives impacting 9 teams and 11656 stakeholders.

Core capabilities include Forecasting, SQL, Portfolio Analysis, Financial Modeling, Valuation, Budgeting. Proficient with Bloomberg, Power BI, Excel, SAP. Strong background in process design, stakeholder communication, reporting, and performance optimization. They are passionate about turning business goals into action plans that deliver measurable results in fast-moving environments."
financial_analyst_024,Hannah Davis,Financial Analyst,Corporate Finance Analyst,10,"Hannah Davis is a Corporate Finance Analyst with 10 years of experience helping organizations improve risk. At Harbor Analytics, they partnered with business stakeholders to design and execute solutions that improved performance, workflow, and customer outcomes. drove measurable impact across product, delivery, and customer experience. led strategic initiatives impacting 13 teams and 4651 stakeholders. improved operational efficiency by 27%.

Core capabilities include SQL, Financial Modeling, Valuation, Portfolio Analysis, Forecasting, Budgeting. Proficient with Tableau, Oracle, Excel, Bloomberg. Strong background in process design, stakeholder communication, reporting, and performance optimization. They are passionate about turning business goals into action plans that deliver measurable results in fast-moving environments."
financial_analyst_025,Amelia Allen,Financial Analyst,Corporate Finance Analyst,13,"Amelia Allen is a Corporate Finance Analyst with 13 years of experience helping organizations improve risk. At Validus Capital, they partnered with business stakeholders to design and execute solutions that improved performance, workflow, and customer outcomes. improved operational efficiency by 38%. 13 years of experience delivering risk across remote-first teams and enterprise clients. led strategic initiatives impacting 15 teams and 4770 stakeholders.

Core capabilities include Forecasting, Excel, SQL, Risk Management, Budgeting, Financial Modeling. Proficient with Excel, Bloomberg, Tableau, Oracle. Strong background in process design, stakeholder communication, reporting, and performance optimization. They are passionate about turning business goals into action plans that deliver measurable results in fast-moving environments."
financial_analyst_026,Charlotte Jackson,Financial Analyst,Corporate Finance Analyst,5,"Charlotte Jackson is a Corporate Finance Analyst with 5 years of experience helping organizations improve budget. At Summit Works, they partnered with business stakeholders to design and execute solutions that improved performance, workflow, and customer outcomes. led strategic initiatives impacting 11 teams and 4369 stakeholders. drove measurable impact across product, delivery, and customer experience. 5 years of experience delivering budget across startup stakeholders and regional partners.

Core capabilities include Risk Management, Financial Modeling, Excel, Valuation, SQL, Budgeting. Proficient with Excel, Oracle, Power BI, Tableau. Strong background in process design, stakeholder communication, reporting, and performance optimization. They are passionate about turning business goals into action plans that deliver measurable results in fast-moving environments."
financial_analyst_027,Liam Johnson,Financial Analyst,Investment Analyst,11,"Liam Johnson is a Investment Analyst with 11 years of experience helping organizations improve models. At BluePeak Solutions, they partnered with business stakeholders to design and execute solutions that improved performance, workflow, and customer outcomes. drove measurable impact across product, delivery, and customer experience. led strategic initiatives impacting 16 teams and 8831 stakeholders. 11 years of experience delivering models across cross-functional teams and enterprise clients.

Core capabilities include Excel, Budgeting, SQL, Financial Modeling, Valuation, Forecasting. Proficient with Tableau, SAP, Bloomberg, Power BI. Strong background in process design, stakeholder communication, reporting, and performance optimization. They are passionate about turning business goals into action plans that deliver measurable results in fast-moving environments."
financial_analyst_028,David Patel,Financial Analyst,Financial Analyst,8,"David Patel is a Financial Analyst with 8 years of experience helping organizations improve risk. At Lakeview Health, they partnered with business stakeholders to design and execute solutions that improved performance, workflow, and customer outcomes. drove measurable impact across product, delivery, and customer experience. 8 years of experience delivering risk across startup stakeholders and regional partners. led strategic initiatives impacting 13 teams and 12954 stakeholders.

Core capabilities include SQL, Valuation, Financial Modeling, Forecasting, Portfolio Analysis, Excel. Proficient with Excel, Oracle, SAP, Bloomberg. Strong background in process design, stakeholder communication, reporting, and performance optimization. They are passionate about turning business goals into action plans that deliver measurable results in fast-moving environments."
financial_analyst_029,Elijah Johnson,Financial Analyst,Investment Analyst,2,"Elijah Johnson is a Investment Analyst with 2 years of experience helping organizations improve budget. At Horizon One, they partnered with business stakeholders to design and execute solutions that improved performance, workflow, and customer outcomes. improved operational efficiency by 44%. drove measurable impact across product, delivery, and customer experience. 2 years of experience delivering budget across startup stakeholders and cross-functional teams.

Core capabilities include Forecasting, Excel, Risk Management, Valuation, Financial Modeling, Portfolio Analysis. Proficient with Tableau, Power BI, SAP, Bloomberg. Strong background in process design, stakeholder communication, reporting, and performance optimization. They are passionate about turning business goals into action plans that deliver measurable results in fast-moving environments."
financial_analyst_030,Daniel Kim,Financial Analyst,Financial Analyst,2,"Daniel Kim is a Financial Analyst with 2 years of experience helping organizations improve valuation. At NorthStar Labs, they partnered with business stakeholders to design and execute solutions that improved performance, workflow, and customer outcomes. 2 years of experience delivering valuation across startup stakeholders and enterprise clients. drove measurable impact across product, delivery, and customer experience. improved operational efficiency by 65%.

Core capabilities include Valuation, Forecasting, Budgeting, SQL, Portfolio Analysis, Risk Management. Proficient with SAP, Excel, Tableau, Power BI. Strong background in process design, stakeholder communication, reporting, and performance optimization. They are passionate about turning business goals into action plans that deliver measurable results in fast-moving environments."
financial_analyst_031,Avery Walker,Financial Analyst,Financial Analyst,4,"Avery Walker is a Financial Analyst with 4 years of experience helping organizations improve finance. At Validus Capital, they partnered with business stakeholders to design and execute solutions that improved performance, workflow, and customer outcomes. drove measurable impact across product, delivery, and customer experience. improved operational efficiency by 56%. led strategic initiatives impacting 25 teams and 1011 stakeholders.

Core capabilities include Financial Modeling, Forecasting, Excel, Budgeting, Valuation, Portfolio Analysis. Proficient with Excel, Oracle, Tableau, Power BI. Strong background in process design, stakeholder communication, reporting, and performance optimization. They are passionate about turning business goals into action plans that deliver measurable results in fast-moving environments."
financial_analyst_032,Evelyn Brown,Financial Analyst,Corporate Finance Analyst,12,"Evelyn Brown is a Corporate Finance Analyst with 12 years of experience helping organizations improve investment. At Harbor Analytics, they partnered with business stakeholders to design and execute solutions that improved performance, workflow, and customer outcomes. 12 years of experience delivering investment across regional partners and cross-functional teams. drove measurable impact across product, delivery, and customer experience. led strategic initiatives impacting 12 teams and 11800 stakeholders.

Core capabilities include Risk Management, Portfolio Analysis, Budgeting, Financial Modeling, Valuation, Excel. Proficient with Bloomberg, Tableau, Power BI, Excel. Strong background in process design, stakeholder communication, reporting, and performance optimization. They are passionate about turning business goals into action plans that deliver measurable results in fast-moving environments."
financial_analyst_033,Samuel Smith,Financial Analyst,Investment Analyst,3,"Samuel Smith is a Investment Analyst with 3 years of experience helping organizations improve budget. At Signal Forge, they partnered with business stakeholders to design and execute solutions that improved performance, workflow, and customer outcomes. 3 years of experience delivering budget across startup stakeholders and remote-first teams. drove measurable impact across product, delivery, and customer experience. improved operational efficiency by 60%.

Core capabilities include Valuation, Forecasting, Excel, SQL, Portfolio Analysis, Budgeting. Proficient with Oracle, Tableau, SAP, Excel. Strong background in process design, stakeholder communication, reporting, and performance optimization. They are passionate about turning business goals into action plans that deliver measurable results in fast-moving environments."
financial_analyst_034,Noah Lee,Financial Analyst,Financial Analyst,2,"Noah Lee is a Financial Analyst with 2 years of experience helping organizations improve budget. At Pioneer Enterprise, they partnered with business stakeholders to design and execute solutions that improved performance, workflow, and customer outcomes. drove measurable impact across product, delivery, and customer experience. led strategic initiatives impacting 11 teams and 8425 stakeholders. improved operational efficiency by 46%.

Core capabilities include Financial Modeling, SQL, Excel, Risk Management, Valuation, Portfolio Analysis. Proficient with Excel, Tableau, Oracle, Power BI. Strong background in process design, stakeholder communication, reporting, and performance optimization. They are passionate about turning business goals into action plans that deliver measurable results in fast-moving environments."
financial_analyst_035,Ethan Wilson,Financial Analyst,Investment Analyst,14,"Ethan Wilson is a Investment Analyst with 14 years of experience helping organizations improve investment. At Signal Forge, they partnered with business stakeholders to design and execute solutions that improved performance, workflow, and customer outcomes. 14 years of experience delivering investment across regional partners and remote-first teams. drove measurable impact across product, delivery, and customer experience. led strategic initiatives impacting 16 teams and 7988 stakeholders.

Core capabilities include Risk Management, Forecasting, Excel, SQL, Portfolio Analysis, Budgeting. Proficient with Tableau, Oracle, Excel, SAP. Strong background in process design, stakeholder communication, reporting, and performance optimization. They are passionate about turning business goals into action plans that deliver measurable results in fast-moving environments."
financial_analyst_036,Olivia Garcia,Financial Analyst,Corporate Finance Analyst,3,"Olivia Garcia is a Corporate Finance Analyst with 3 years of experience helping organizations improve finance. At EchoWorks, they partnered with business stakeholders to design and execute solutions that improved performance, workflow, and customer outcomes. 3 years of experience delivering finance across cross-functional teams and regional partners. led strategic initiatives impacting 12 teams and 13712 stakeholders. improved operational efficiency by 61%.

Core capabilities include Portfolio Analysis, Excel, Forecasting, Risk Management, Valuation, SQL. Proficient with Tableau, Excel, Power BI, Oracle. Strong background in process design, stakeholder communication, reporting, and performance optimization. They are passionate about turning business goals into action plans that deliver measurable results in fast-moving environments."
financial_analyst_037,Michael Scott,Financial Analyst,Financial Analyst,11,"Michael Scott is a Financial Analyst with 11 years of experience helping organizations improve risk. At BrightPath Group, they partnered with business stakeholders to design and execute solutions that improved performance, workflow, and customer outcomes. led strategic initiatives impacting 9 teams and 9860 stakeholders. 11 years of experience delivering risk across cross-functional teams and regional partners. improved operational efficiency by 66%.

Core capabilities include Financial Modeling, SQL, Portfolio Analysis, Forecasting, Excel, Risk Management. Proficient with Tableau, Power BI, SAP, Excel. Strong background in process design, stakeholder communication, reporting, and performance optimization. They are passionate about turning business goals into action plans that deliver measurable results in fast-moving environments."
financial_analyst_038,Noah Moore,Financial Analyst,Corporate Finance Analyst,8,"Noah Moore is a Corporate Finance Analyst with 8 years of experience helping organizations improve investment. At Validus Capital, they partnered with business stakeholders to design and execute solutions that improved performance, workflow, and customer outcomes. 8 years of experience delivering investment across remote-first teams and cross-functional teams. led strategic initiatives impacting 24 teams and 10731 stakeholders. improved operational efficiency by 64%.

Core capabilities include SQL, Valuation, Budgeting, Forecasting, Excel, Portfolio Analysis. Proficient with SAP, Excel, Tableau, Power BI. Strong background in process design, stakeholder communication, reporting, and performance optimization. They are passionate about turning business goals into action plans that deliver measurable results in fast-moving environments."
financial_analyst_039,Sophia Brown,Financial Analyst,Corporate Finance Analyst,4,"Sophia Brown is a Corporate Finance Analyst with 4 years of experience helping organizations improve risk. At Harbor Analytics, they partnered with business stakeholders to design and execute solutions that improved performance, workflow, and customer outcomes. improved operational efficiency by 43%. 4 years of experience delivering risk across remote-first teams and cross-functional teams. led strategic initiatives impacting 8 teams and 12894 stakeholders.

Core capabilities include Valuation, Budgeting, Excel, SQL, Portfolio Analysis, Forecasting. Proficient with Power BI, Bloomberg, SAP, Excel. Strong background in process design, stakeholder communication, reporting, and performance optimization. They are passionate about turning business goals into action plans that deliver measurable results in fast-moving environments."
financial_analyst_040,Mason Wilson,Financial Analyst,Corporate Finance Analyst,2,"Mason Wilson is a Corporate Finance Analyst with 2 years of experience helping organizations improve models. At CloudBridge, they partnered with business stakeholders to design and execute solutions that improved performance, workflow, and customer outcomes. improved operational efficiency by 52%. 2 years of experience delivering models across remote-first teams and enterprise clients. led strategic initiatives impacting 24 teams and 8444 stakeholders.

Core capabilities include Excel, Portfolio Analysis, Forecasting, SQL, Financial Modeling, Risk Management. Proficient with Tableau, Oracle, Power BI, SAP. Strong background in process design, stakeholder communication, reporting, and performance optimization. They are passionate about turning business goals into action plans that deliver measurable results in fast-moving environments."
financial_analyst_041,Henry Nguyen,Financial Analyst,Corporate Finance Analyst,6,"Henry Nguyen is a Corporate Finance Analyst with 6 years of experience helping organizations improve finance. At Horizon One, they partnered with business stakeholders to design and execute solutions that improved performance, workflow, and customer outcomes. led strategic initiatives impacting 20 teams and 14708 stakeholders. improved operational efficiency by 33%. 6 years of experience delivering finance across regional partners and remote-first teams.

Core capabilities include Budgeting, Valuation, Portfolio Analysis, Excel, SQL, Risk Management. Proficient with Power BI, Tableau, Excel, Oracle. Strong background in process design, stakeholder communication, reporting, and performance optimization. They are passionate about turning business goals into action plans that deliver measurable results in fast-moving environments."
financial_analyst_042,Olivia Wilson,Financial Analyst,Investment Analyst,13,"Olivia Wilson is a Investment Analyst with 13 years of experience helping organizations improve forecast. At BrightPath Group, they partnered with business stakeholders to design and execute solutions that improved performance, workflow, and customer outcomes. led strategic initiatives impacting 20 teams and 4627 stakeholders. drove measurable impact across product, delivery, and customer experience. improved operational efficiency by 55%.

Core capabilities include Portfolio Analysis, Risk Management, Budgeting, Forecasting, Valuation, SQL. Proficient with SAP, Bloomberg, Excel, Oracle. Strong background in process design, stakeholder communication, reporting, and performance optimization. They are passionate about turning business goals into action plans that deliver measurable results in fast-moving environments."
financial_analyst_043,Olivia Harris,Financial Analyst,Investment Analyst,11,"Olivia Harris is a Investment Analyst with 11 years of experience helping organizations improve risk. At BrightPath Group, they partnered with business stakeholders to design and execute solutions that improved performance, workflow, and customer outcomes. led strategic initiatives impacting 23 teams and 12020 stakeholders. improved operational efficiency by 41%. 11 years of experience delivering risk across enterprise clients and cross-functional teams.

Core capabilities include SQL, Portfolio Analysis, Budgeting, Valuation, Financial Modeling, Forecasting. Proficient with Excel, Tableau, Bloomberg, SAP. Strong background in process design, stakeholder communication, reporting, and performance optimization. They are passionate about turning business goals into action plans that deliver measurable results in fast-moving environments."
financial_analyst_044,Isabella Thomas,Financial Analyst,Corporate Finance Analyst,11,"Isabella Thomas is a Corporate Finance Analyst with 11 years of experience helping organizations improve risk. At Signal Forge, they partnered with business stakeholders to design and execute solutions that improved performance, workflow, and customer outcomes. led strategic initiatives impacting 5 teams and 12944 stakeholders. improved operational efficiency by 44%. drove measurable impact across product, delivery, and customer experience.

Core capabilities include Financial Modeling, Valuation, Risk Management, SQL, Budgeting, Portfolio Analysis. Proficient with Tableau, Power BI, Excel, SAP. Strong background in process design, stakeholder communication, reporting, and performance optimization. They are passionate about turning business goals into action plans that deliver measurable results in fast-moving environments."
financial_analyst_045,Isabella Taylor,Financial Analyst,Financial Analyst,6,"Isabella Taylor is a Financial Analyst with 6 years of experience helping organizations improve valuation. At Vertex Studios, they partnered with business stakeholders to design and execute solutions that improved performance, workflow, and customer outcomes. drove measurable impact across product, delivery, and customer experience. led strategic initiatives impacting 7 teams and 6468 stakeholders. 6 years of experience delivering valuation across remote-first teams and cross-functional teams.

Core capabilities include Financial Modeling, Forecasting, Valuation, SQL, Excel, Budgeting. Proficient with Tableau, Bloomberg, SAP, Oracle. Strong background in process design, stakeholder communication, reporting, and performance optimization. They are passionate about turning business goals into action plans that deliver measurable results in fast-moving environments."
financial_analyst_046,Nora Smith,Financial Analyst,Financial Analyst,13,"Nora Smith is a Financial Analyst with 13 years of experience helping organizations improve finance. At Signal Forge, they partnered with business stakeholders to design and execute solutions that improved performance, workflow, and customer outcomes. drove measurable impact across product, delivery, and customer experience. 13 years of experience delivering finance across startup stakeholders and remote-first teams. led strategic initiatives impacting 10 teams and 3761 stakeholders.

Core capabilities include SQL, Forecasting, Portfolio Analysis, Valuation, Excel, Risk Management. Proficient with Power BI, SAP, Oracle, Bloomberg. Strong background in process design, stakeholder communication, reporting, and performance optimization. They are passionate about turning business goals into action plans that deliver measurable results in fast-moving environments."
financial_analyst_047,Amelia Allen,Financial Analyst,Corporate Finance Analyst,10,"Amelia Allen is a Corporate Finance Analyst with 10 years of experience helping organizations improve models. At Lakeview Health, they partnered with business stakeholders to design and execute solutions that improved performance, workflow, and customer outcomes. drove measurable impact across product, delivery, and customer experience. led strategic initiatives impacting 9 teams and 12729 stakeholders. improved operational efficiency by 34%.

Core capabilities include Portfolio Analysis, SQL, Budgeting, Risk Management, Excel, Valuation. Proficient with Tableau, Excel, Power BI, Bloomberg. Strong background in process design, stakeholder communication, reporting, and performance optimization. They are passionate about turning business goals into action plans that deliver measurable results in fast-moving environments."
financial_analyst_048,Samuel Brown,Financial Analyst,Corporate Finance Analyst,3,"Samuel Brown is a Corporate Finance Analyst with 3 years of experience helping organizations improve risk. At Nova Metrics, they partnered with business stakeholders to design and execute solutions that improved performance, workflow, and customer outcomes. improved operational efficiency by 49%. 3 years of experience delivering risk across remote-first teams and enterprise clients. drove measurable impact across product, delivery, and customer experience.

Core capabilities include Portfolio Analysis, Budgeting, SQL, Financial Modeling, Forecasting, Risk Management. Proficient with Oracle, Excel, Power BI, SAP. Strong background in process design, stakeholder communication, reporting, and performance optimization. They are passionate about turning business goals into action plans that deliver measurable results in fast-moving environments."
financial_analyst_049,Chloe Lee,Financial Analyst,Financial Analyst,2,"Chloe Lee is a Financial Analyst with 2 years of experience helping organizations improve forecast. At Mercury Systems, they partnered with business stakeholders to design and execute solutions that improved performance, workflow, and customer outcomes. drove measurable impact across product, delivery, and customer experience. led strategic initiatives impacting 23 teams and 7342 stakeholders. improved operational efficiency by 58%.

Core capabilities include Valuation, Financial Modeling, Portfolio Analysis, Budgeting, Risk Management, Excel. Proficient with Tableau, Bloomberg, Power BI, Oracle. Strong background in process design, stakeholder communication, reporting, and performance optimization. They are passionate about turning business goals into action plans that deliver measurable results in fast-moving environments."
financial_analyst_050,Evelyn Jackson,Financial Analyst,Corporate Finance Analyst,7,"Evelyn Jackson is a Corporate Finance Analyst with 7 years of experience helping organizations improve budget. At EchoWorks, they partnered with business stakeholders to design and execute solutions that improved performance, workflow, and customer outcomes. drove measurable impact across product, delivery, and customer experience. led strategic initiatives impacting 24 teams and 4732 stakeholders. 7 years of experience delivering budget across startup stakeholders and remote-first teams.

Core capabilities include Risk Management, Portfolio Analysis, Forecasting, Financial Modeling, Excel, Valuation. Proficient with Bloomberg, Power BI, Tableau, Excel. Strong background in process design, stakeholder communication, reporting, and performance optimization. They are passionate about turning business goals into action plans that deliver measurable results in fast-moving environments."
financial_analyst_051,David Wilson,Financial Analyst,Investment Analyst,2,"David Wilson is a Investment Analyst with 2 years of experience helping organizations improve valuation. At Summit Works, they partnered with business stakeholders to design and execute solutions that improved performance, workflow, and customer outcomes. drove measurable impact across product, delivery, and customer experience. 2 years of experience delivering valuation across remote-first teams and startup stakeholders. improved operational efficiency by 63%.

Core capabilities include Budgeting, Valuation, Portfolio Analysis, SQL, Financial Modeling, Risk Management. Proficient with Excel, Tableau, Oracle, SAP. Strong background in process design, stakeholder communication, reporting, and performance optimization. They are passionate about turning business goals into action plans that deliver measurable results in fast-moving environments."
financial_analyst_052,Hannah Wilson,Financial Analyst,Investment Analyst,2,"Hannah Wilson is a Investment Analyst with 2 years of experience helping organizations improve models. At Crestline Partners, they partnered with business stakeholders to design and execute solutions that improved performance, workflow, and customer outcomes. improved operational efficiency by 54%. drove measurable impact across product, delivery, and customer experience. led strategic initiatives impacting 21 teams and 7670 stakeholders.

Core capabilities include Budgeting, Valuation, Risk Management, Excel, SQL, Financial Modeling. Proficient with Bloomberg, Oracle, SAP, Tableau. Strong background in process design, stakeholder communication, reporting, and performance optimization. They are passionate about turning business goals into action plans that deliver measurable results in fast-moving environments."
financial_analyst_053,Ava Scott,Financial Analyst,Financial Analyst,13,"Ava Scott is a Financial Analyst with 13 years of experience helping organizations improve risk. At Horizon One, they partnered with business stakeholders to design and execute solutions that improved performance, workflow, and customer outcomes. 13 years of experience delivering risk across cross-functional teams and regional partners. improved operational efficiency by 19%. led strategic initiatives impacting 25 teams and 9109 stakeholders.

Core capabilities include Risk Management, Portfolio Analysis, Financial Modeling, Budgeting, SQL, Forecasting. Proficient with Oracle, Power BI, Tableau, Excel. Strong background in process design, stakeholder communication, reporting, and performance optimization. They are passionate about turning business goals into action plans that deliver measurable results in fast-moving environments."
financial_analyst_054,Olivia Moore,Financial Analyst,Investment Analyst,13,"Olivia Moore is a Investment Analyst with 13 years of experience helping organizations improve models. At Pioneer Enterprise, they partnered with business stakeholders to design and execute solutions that improved performance, workflow, and customer outcomes. improved operational efficiency by 34%. led strategic initiatives impacting 20 teams and 2486 stakeholders. drove measurable impact across product, delivery, and customer experience.

Core capabilities include SQL, Budgeting, Valuation, Risk Management, Portfolio Analysis, Financial Modeling. Proficient with SAP, Power BI, Excel, Tableau. Strong background in process design, stakeholder communication, reporting, and performance optimization. They are passionate about turning business goals into action plans that deliver measurable results in fast-moving environments."
financial_analyst_055,Amelia Garcia,Financial Analyst,Corporate Finance Analyst,12,"Amelia Garcia is a Corporate Finance Analyst with 12 years of experience helping organizations improve models. At Pioneer Enterprise, they partnered with business stakeholders to design and execute solutions that improved performance, workflow, and customer outcomes. 12 years of experience delivering models across enterprise clients and cross-functional teams. improved operational efficiency by 18%. drove measurable impact across product, delivery, and customer experience.

Core capabilities include Excel, Forecasting, Valuation, Financial Modeling, SQL, Portfolio Analysis. Proficient with Tableau, Excel, Bloomberg, SAP. Strong background in process design, stakeholder communication, reporting, and performance optimization. They are passionate about turning business goals into action plans that deliver measurable results in fast-moving environments."
financial_analyst_056,Leo Patel,Financial Analyst,Investment Analyst,11,"Leo Patel is a Investment Analyst with 11 years of experience helping organizations improve forecast. At Nova Metrics, they partnered with business stakeholders to design and execute solutions that improved performance, workflow, and customer outcomes. improved operational efficiency by 54%. drove measurable impact across product, delivery, and customer experience. 11 years of experience delivering forecast across regional partners and remote-first teams.

Core capabilities include Excel, Budgeting, SQL, Portfolio Analysis, Valuation, Financial Modeling. Proficient with Tableau, Power BI, SAP, Excel. Strong background in process design, stakeholder communication, reporting, and performance optimization. They are passionate about turning business goals into action plans that deliver measurable results in fast-moving environments."
financial_analyst_057,Chloe Patel,Financial Analyst,Investment Analyst,2,"Chloe Patel is a Investment Analyst with 2 years of experience helping organizations improve investment. At Greenline Ventures, they partnered with business stakeholders to design and execute solutions that improved performance, workflow, and customer outcomes. led strategic initiatives impacting 15 teams and 8449 stakeholders. improved operational efficiency by 57%. 2 years of experience delivering investment across cross-functional teams and regional partners.

Core capabilities include Excel, SQL, Forecasting, Risk Management, Financial Modeling, Budgeting. Proficient with Bloomberg, Power BI, Tableau, Excel. Strong background in process design, stakeholder communication, reporting, and performance optimization. They are passionate about turning business goals into action plans that deliver measurable results in fast-moving environments."
financial_analyst_058,Sebastian Martin,Financial Analyst,Corporate Finance Analyst,5,"Sebastian Martin is a Corporate Finance Analyst with 5 years of experience helping organizations improve forecast. At PrimeCore, they partnered with business stakeholders to design and execute solutions that improved performance, workflow, and customer outcomes. led strategic initiatives impacting 25 teams and 6251 stakeholders. drove measurable impact across product, delivery, and customer experience. 5 years of experience delivering forecast across enterprise clients and regional partners.

Core capabilities include Forecasting, Excel, Valuation, SQL, Risk Management, Financial Modeling. Proficient with SAP, Excel, Oracle, Bloomberg. Strong background in process design, stakeholder communication, reporting, and performance optimization. They are passionate about turning business goals into action plans that deliver measurable results in fast-moving environments."
financial_analyst_059,Abigail Davis,Financial Analyst,Financial Analyst,9,"Abigail Davis is a Financial Analyst with 9 years of experience helping organizations improve risk. At Greenline Ventures, they partnered with business stakeholders to design and execute solutions that improved performance, workflow, and customer outcomes. led strategic initiatives impacting 20 teams and 10988 stakeholders. improved operational efficiency by 53%. drove measurable impact across product, delivery, and customer experience.

Core capabilities include Valuation, Forecasting, Risk Management, Budgeting, Portfolio Analysis, Excel. Proficient with Oracle, Excel, Bloomberg, Tableau. Strong background in process design, stakeholder communication, reporting, and performance optimization. They are passionate about turning business goals into action plans that deliver measurable results in fast-moving environments."
financial_analyst_060,Abigail Nguyen,Financial Analyst,Investment Analyst,2,"Abigail Nguyen is a Investment Analyst with 2 years of experience helping organizations improve budget. At Crestline Partners, they partnered with business stakeholders to design and execute solutions that improved performance, workflow, and customer outcomes. led strategic initiatives impacting 22 teams and 1859 stakeholders. drove measurable impact across product, delivery, and customer experience. 2 years of experience delivering budget across startup stakeholders and cross-functional teams.

Core capabilities include Excel, Forecasting, Portfolio Analysis, Risk Management, Budgeting, SQL. Proficient with SAP, Excel, Tableau, Oracle. Strong background in process design, stakeholder communication, reporting, and performance optimization. They are passionate about turning business goals into action plans that deliver measurable results in fast-moving environments."
financial_analyst_061,Luna Taylor,Financial Analyst,Investment Analyst,13,"Luna Taylor is a Investment Analyst with 13 years of experience helping organizations improve finance. At BluePeak Solutions, they partnered with business stakeholders to design and execute solutions that improved performance, workflow, and customer outcomes. 13 years of experience delivering finance across regional partners and enterprise clients. improved operational efficiency by 20%. led strategic initiatives impacting 17 teams and 4375 stakeholders.

Core capabilities include Valuation, Financial Modeling, Budgeting, Excel, Portfolio Analysis, Forecasting. Proficient with SAP, Excel, Power BI, Oracle. Strong background in process design, stakeholder communication, reporting, and performance optimization. They are passionate about turning business goals into action plans that deliver measurable results in fast-moving environments."
financial_analyst_062,Elijah Davis,Financial Analyst,Financial Analyst,8,"Elijah Davis is a Financial Analyst with 8 years of experience helping organizations improve risk. At PrimeCore, they partnered with business stakeholders to design and execute solutions that improved performance, workflow, and customer outcomes. 8 years of experience delivering risk across remote-first teams and cross-functional teams. improved operational efficiency by 59%. drove measurable impact across product, delivery, and customer experience.

Core capabilities include Valuation, Forecasting, Budgeting, Financial Modeling, Excel, Portfolio Analysis. Proficient with Tableau, Power BI, SAP, Bloomberg. Strong background in process design, stakeholder communication, reporting, and performance optimization. They are passionate about turning business goals into action plans that deliver measurable results in fast-moving environments."
financial_analyst_063,Ella Wilson,Financial Analyst,Financial Analyst,14,"Ella Wilson is a Financial Analyst with 14 years of experience helping organizations improve valuation. At BrightPath Group, they partnered with business stakeholders to design and execute solutions that improved performance, workflow, and customer outcomes. improved operational efficiency by 68%. drove measurable impact across product, delivery, and customer experience. led strategic initiatives impacting 20 teams and 2089 stakeholders.

Core capabilities include Portfolio Analysis, Budgeting, Financial Modeling, Valuation, Risk Management, Forecasting. Proficient with Oracle, Power BI, Tableau, Excel. Strong background in process design, stakeholder communication, reporting, and performance optimization. They are passionate about turning business goals into action plans that deliver measurable results in fast-moving environments."
financial_analyst_064,Charlotte Wilson,Financial Analyst,Investment Analyst,13,"Charlotte Wilson is a Investment Analyst with 13 years of experience helping organizations improve models. At BluePeak Solutions, they partnered with business stakeholders to design and execute solutions that improved performance, workflow, and customer outcomes. 13 years of experience delivering models across enterprise clients and startup stakeholders. improved operational efficiency by 30%. drove measurable impact across product, delivery, and customer experience.

Core capabilities include SQL, Forecasting, Portfolio Analysis, Budgeting, Risk Management, Valuation. Proficient with SAP, Excel, Tableau, Power BI. Strong background in process design, stakeholder communication, reporting, and performance optimization. They are passionate about turning business goals into action plans that deliver measurable results in fast-moving environments."
financial_analyst_065,Olivia Kim,Financial Analyst,Financial Analyst,2,"Olivia Kim is a Financial Analyst with 2 years of experience helping organizations improve risk. At Nova Metrics, they partnered with business stakeholders to design and execute solutions that improved performance, workflow, and customer outcomes. improved operational efficiency by 60%. 2 years of experience delivering risk across startup stakeholders and enterprise clients. led strategic initiatives impacting 21 teams and 13563 stakeholders.

Core capabilities include SQL, Excel, Financial Modeling, Risk Management, Budgeting, Valuation. Proficient with Tableau, SAP, Oracle, Bloomberg. Strong background in process design, stakeholder communication, reporting, and performance optimization. They are passionate about turning business goals into action plans that deliver measurable results in fast-moving environments."
financial_analyst_066,Mia Allen,Financial Analyst,Financial Analyst,4,"Mia Allen is a Financial Analyst with 4 years of experience helping organizations improve forecast. At Crestline Partners, they partnered with business stakeholders to design and execute solutions that improved performance, workflow, and customer outcomes. improved operational efficiency by 32%. led strategic initiatives impacting 10 teams and 11276 stakeholders. drove measurable impact across product, delivery, and customer experience.

Core capabilities include Portfolio Analysis, Excel, Forecasting, Valuation, SQL, Risk Management. Proficient with Excel, Oracle, Tableau, Bloomberg. Strong background in process design, stakeholder communication, reporting, and performance optimization. They are passionate about turning business goals into action plans that deliver measurable results in fast-moving environments."
financial_analyst_067,Lucas Thomas,Financial Analyst,Financial Analyst,5,"Lucas Thomas is a Financial Analyst with 5 years of experience helping organizations improve investment. At Validus Capital, they partnered with business stakeholders to design and execute solutions that improved performance, workflow, and customer outcomes. 5 years of experience delivering investment across enterprise clients and cross-functional teams. led strategic initiatives impacting 15 teams and 7068 stakeholders. drove measurable impact across product, delivery, and customer experience.

Core capabilities include Portfolio Analysis, Budgeting, Excel, Risk Management, Forecasting, Financial Modeling. Proficient with Excel, Bloomberg, Oracle, SAP. Strong background in process design, stakeholder communication, reporting, and performance optimization. They are passionate about turning business goals into action plans that deliver measurable results in fast-moving environments."
financial_analyst_068,Harper Patel,Financial Analyst,Corporate Finance Analyst,2,"Harper Patel is a Corporate Finance Analyst with 2 years of experience helping organizations improve investment. At Greenline Ventures, they partnered with business stakeholders to design and execute solutions that improved performance, workflow, and customer outcomes. led strategic initiatives impacting 24 teams and 7336 stakeholders. drove measurable impact across product, delivery, and customer experience. 2 years of experience delivering investment across regional partners and startup stakeholders.

Core capabilities include Financial Modeling, SQL, Valuation, Portfolio Analysis, Budgeting, Risk Management. Proficient with Bloomberg, Excel, Tableau, Oracle. Strong background in process design, stakeholder communication, reporting, and performance optimization. They are passionate about turning business goals into action plans that deliver measurable results in fast-moving environments."
financial_analyst_069,Joseph Scott,Financial Analyst,Corporate Finance Analyst,7,"Joseph Scott is a Corporate Finance Analyst with 7 years of experience helping organizations improve models. At Evergreen Consulting, they partnered with business stakeholders to design and execute solutions that improved performance, workflow, and customer outcomes. drove measurable impact across product, delivery, and customer experience. 7 years of experience delivering models across cross-functional teams and remote-first teams. led strategic initiatives impacting 5 teams and 8073 stakeholders.

Core capabilities include Budgeting, Valuation, Excel, SQL, Forecasting, Financial Modeling. Proficient with Power BI, SAP, Bloomberg, Oracle. Strong background in process design, stakeholder communication, reporting, and performance optimization. They are passionate about turning business goals into action plans that deliver measurable results in fast-moving environments."
financial_analyst_070,David Jackson,Financial Analyst,Investment Analyst,10,"David Jackson is a Investment Analyst with 10 years of experience helping organizations improve risk. At CloudBridge, they partnered with business stakeholders to design and execute solutions that improved performance, workflow, and customer outcomes. drove measurable impact across product, delivery, and customer experience. led strategic initiatives impacting 16 teams and 6534 stakeholders. improved operational efficiency by 47%.

Core capabilities include Valuation, Budgeting, Excel, Forecasting, Risk Management, SQL. Proficient with Oracle, Bloomberg, Tableau, SAP. Strong background in process design, stakeholder communication, reporting, and performance optimization. They are passionate about turning business goals into action plans that deliver measurable results in fast-moving environments."
financial_analyst_071,Sophia Walker,Financial Analyst,Financial Analyst,5,"Sophia Walker is a Financial Analyst with 5 years of experience helping organizations improve budget. At Crestline Partners, they partnered with business stakeholders to design and execute solutions that improved performance, workflow, and customer outcomes. led strategic initiatives impacting 20 teams and 2780 stakeholders. improved operational efficiency by 27%. drove measurable impact across product, delivery, and customer experience.

Core capabilities include Valuation, Portfolio Analysis, Excel, SQL, Forecasting, Risk Management. Proficient with Tableau, Oracle, SAP, Bloomberg. Strong background in process design, stakeholder communication, reporting, and performance optimization. They are passionate about turning business goals into action plans that deliver measurable results in fast-moving environments."
financial_analyst_072,Noah Lee,Financial Analyst,Financial Analyst,7,"Noah Lee is a Financial Analyst with 7 years of experience helping organizations improve investment. At PrimeCore, they partnered with business stakeholders to design and execute solutions that improved performance, workflow, and customer outcomes. improved operational efficiency by 65%. drove measurable impact across product, delivery, and customer experience. led strategic initiatives impacting 23 teams and 13603 stakeholders.

Core capabilities include Forecasting, Risk Management, Valuation, Portfolio Analysis, SQL, Financial Modeling. Proficient with Oracle, Excel, Power BI, Bloomberg. Strong background in process design, stakeholder communication, reporting, and performance optimization. They are passionate about turning business goals into action plans that deliver measurable results in fast-moving environments."
financial_analyst_073,Hannah Lee,Financial Analyst,Financial Analyst,8,"Hannah Lee is a Financial Analyst with 8 years of experience helping organizations improve forecast. At BrightPath Group, they partnered with business stakeholders to design and execute solutions that improved performance, workflow, and customer outcomes. drove measurable impact across product, delivery, and customer experience. 8 years of experience delivering forecast across enterprise clients and regional partners. improved operational efficiency by 19%.

Core capabilities include Budgeting, Excel, Risk Management, SQL, Valuation, Portfolio Analysis. Proficient with Tableau, Bloomberg, Excel, SAP. Strong background in process design, stakeholder communication, reporting, and performance optimization. They are passionate about turning business goals into action plans that deliver measurable results in fast-moving environments."
financial_analyst_074,Isabella Lee,Financial Analyst,Investment Analyst,4,"Isabella Lee is a Investment Analyst with 4 years of experience helping organizations improve budget. At Mercury Systems, they partnered with business stakeholders to design and execute solutions that improved performance, workflow, and customer outcomes. improved operational efficiency by 24%. 4 years of experience delivering budget across remote-first teams and regional partners. led strategic initiatives impacting 22 teams and 3618 stakeholders.

Core capabilities include Portfolio Analysis, SQL, Financial Modeling, Forecasting, Budgeting, Valuation. Proficient with Oracle, Bloomberg, SAP, Tableau. Strong background in process design, stakeholder communication, reporting, and performance optimization. They are passionate about turning business goals into action plans that deliver measurable results in fast-moving environments."
financial_analyst_075,Ethan Young,Financial Analyst,Investment Analyst,8,"Ethan Young is a Investment Analyst with 8 years of experience helping organizations improve budget. At Nova Metrics, they partnered with business stakeholders to design and execute solutions that improved performance, workflow, and customer outcomes. 8 years of experience delivering budget across startup stakeholders and regional partners. drove measurable impact across product, delivery, and customer experience. improved operational efficiency by 42%.

Core capabilities include Budgeting, Risk Management, Forecasting, Excel, Financial Modeling, SQL. Proficient with Power BI, Oracle, Excel, Tableau. Strong background in process design, stakeholder communication, reporting, and performance optimization. They are passionate about turning business goals into action plans that deliver measurable results in fast-moving environments."
financial_analyst_076,Chloe Allen,Financial Analyst,Investment Analyst,4,"Chloe Allen is a Investment Analyst with 4 years of experience helping organizations improve valuation. At Nova Metrics, they partnered with business stakeholders to design and execute solutions that improved performance, workflow, and customer outcomes. 4 years of experience delivering valuation across regional partners and remote-first teams. drove measurable impact across product, delivery, and customer experience. led strategic initiatives impacting 17 teams and 3449 stakeholders.

Core capabilities include Financial Modeling, Valuation, Risk Management, Portfolio Analysis, Forecasting, Excel. Proficient with Excel, SAP, Bloomberg, Oracle. Strong background in process design, stakeholder communication, reporting, and performance optimization. They are passionate about turning business goals into action plans that deliver measurable results in fast-moving environments."
financial_analyst_077,Nora Smith,Financial Analyst,Investment Analyst,14,"Nora Smith is a Investment Analyst with 14 years of experience helping organizations improve risk. At Evergreen Consulting, they partnered with business stakeholders to design and execute solutions that improved performance, workflow, and customer outcomes. drove measurable impact across product, delivery, and customer experience. 14 years of experience delivering risk across cross-functional teams and remote-first teams. led strategic initiatives impacting 5 teams and 9021 stakeholders.

Core capabilities include Excel, Forecasting, Portfolio Analysis, Valuation, Financial Modeling, SQL. Proficient with Tableau, Oracle, Power BI, Bloomberg. Strong background in process design, stakeholder communication, reporting, and performance optimization. They are passionate about turning business goals into action plans that deliver measurable results in fast-moving environments."
financial_analyst_078,Elijah Smith,Financial Analyst,Corporate Finance Analyst,9,"Elijah Smith is a Corporate Finance Analyst with 9 years of experience helping organizations improve valuation. At NorthStar Labs, they partnered with business stakeholders to design and execute solutions that improved performance, workflow, and customer outcomes. led strategic initiatives impacting 17 teams and 4270 stakeholders. improved operational efficiency by 37%. drove measurable impact across product, delivery, and customer experience.

Core capabilities include Risk Management, Financial Modeling, Forecasting, Valuation, SQL, Excel. Proficient with Tableau, Excel, Power BI, SAP. Strong background in process design, stakeholder communication, reporting, and performance optimization. They are passionate about turning business goals into action plans that deliver measurable results in fast-moving environments."
financial_analyst_079,Mia Wilson,Financial Analyst,Investment Analyst,8,"Mia Wilson is a Investment Analyst with 8 years of experience helping organizations improve forecast. At Evergreen Consulting, they partnered with business stakeholders to design and execute solutions that improved performance, workflow, and customer outcomes. 8 years of experience delivering forecast across regional partners and cross-functional teams. improved operational efficiency by 49%. led strategic initiatives impacting 14 teams and 5369 stakeholders.

Core capabilities include Risk Management, SQL, Portfolio Analysis, Valuation, Budgeting, Forecasting. Proficient with SAP, Power BI, Bloomberg, Oracle. Strong background in process design, stakeholder communication, reporting, and performance optimization. They are passionate about turning business goals into action plans that deliver measurable results in fast-moving environments."
financial_analyst_080,Nora Walker,Financial Analyst,Financial Analyst,2,"Nora Walker is a Financial Analyst with 2 years of experience helping organizations improve risk. At Harbor Analytics, they partnered with business stakeholders to design and execute solutions that improved performance, workflow, and customer outcomes. drove measurable impact across product, delivery, and customer experience. led strategic initiatives impacting 5 teams and 13066 stakeholders. 2 years of experience delivering risk across enterprise clients and regional partners.

Core capabilities include Forecasting, SQL, Financial Modeling, Excel, Risk Management, Valuation. Proficient with SAP, Excel, Power BI, Bloomberg. Strong background in process design, stakeholder communication, reporting, and performance optimization. They are passionate about turning business goals into action plans that deliver measurable results in fast-moving environments."
financial_analyst_081,Mason Allen,Financial Analyst,Investment Analyst,9,"Mason Allen is a Investment Analyst with 9 years of experience helping organizations improve models. At Lakeview Health, they partnered with business stakeholders to design and execute solutions that improved performance, workflow, and customer outcomes. led strategic initiatives impacting 7 teams and 1062 stakeholders. drove measurable impact across product, delivery, and customer experience. 9 years of experience delivering models across cross-functional teams and enterprise clients.

Core capabilities include Risk Management, SQL, Budgeting, Financial Modeling, Portfolio Analysis, Valuation. Proficient with Bloomberg, Power BI, Tableau, SAP. Strong background in process design, stakeholder communication, reporting, and performance optimization. They are passionate about turning business goals into action plans that deliver measurable results in fast-moving environments."
financial_analyst_082,Benjamin Nguyen,Financial Analyst,Investment Analyst,3,"Benjamin Nguyen is a Investment Analyst with 3 years of experience helping organizations improve valuation. At Crestline Partners, they partnered with business stakeholders to design and execute solutions that improved performance, workflow, and customer outcomes. 3 years of experience delivering valuation across regional partners and enterprise clients. led strategic initiatives impacting 10 teams and 9316 stakeholders. drove measurable impact across product, delivery, and customer experience.

Core capabilities include Risk Management, Budgeting, Portfolio Analysis, Excel, Valuation, Financial Modeling. Proficient with Bloomberg, Oracle, Power BI, Tableau. Strong background in process design, stakeholder communication, reporting, and performance optimization. They are passionate about turning business goals into action plans that deliver measurable results in fast-moving environments."
financial_analyst_083,Amelia Wilson,Financial Analyst,Financial Analyst,10,"Amelia Wilson is a Financial Analyst with 10 years of experience helping organizations improve investment. At PrimeCore, they partnered with business stakeholders to design and execute solutions that improved performance, workflow, and customer outcomes. improved operational efficiency by 50%. led strategic initiatives impacting 25 teams and 5676 stakeholders. drove measurable impact across product, delivery, and customer experience.

Core capabilities include Valuation, Risk Management, Financial Modeling, SQL, Excel, Portfolio Analysis. Proficient with SAP, Power BI, Tableau, Oracle. Strong background in process design, stakeholder communication, reporting, and performance optimization. They are passionate about turning business goals into action plans that deliver measurable results in fast-moving environments."
financial_analyst_084,Isabella Garcia,Financial Analyst,Investment Analyst,2,"Isabella Garcia is a Investment Analyst with 2 years of experience helping organizations improve models. At Oak & Pine, they partnered with business stakeholders to design and execute solutions that improved performance, workflow, and customer outcomes. drove measurable impact across product, delivery, and customer experience. led strategic initiatives impacting 7 teams and 6216 stakeholders. 2 years of experience delivering models across enterprise clients and startup stakeholders.

Core capabilities include Portfolio Analysis, Forecasting, Excel, Financial Modeling, Budgeting, Valuation. Proficient with Oracle, SAP, Excel, Tableau. Strong background in process design, stakeholder communication, reporting, and performance optimization. They are passionate about turning business goals into action plans that deliver measurable results in fast-moving environments."
financial_analyst_085,Hannah Wilson,Financial Analyst,Investment Analyst,7,"Hannah Wilson is a Investment Analyst with 7 years of experience helping organizations improve valuation. At PrimeCore, they partnered with business stakeholders to design and execute solutions that improved performance, workflow, and customer outcomes. led strategic initiatives impacting 16 teams and 7713 stakeholders. improved operational efficiency by 62%. drove measurable impact across product, delivery, and customer experience.

Core capabilities include Risk Management, Budgeting, Valuation, Forecasting, SQL, Excel. Proficient with Oracle, SAP, Power BI, Excel. Strong background in process design, stakeholder communication, reporting, and performance optimization. They are passionate about turning business goals into action plans that deliver measurable results in fast-moving environments."
financial_analyst_086,Samuel Thomas,Financial Analyst,Corporate Finance Analyst,9,"Samuel Thomas is a Corporate Finance Analyst with 9 years of experience helping organizations improve budget. At Pioneer Enterprise, they partnered with business stakeholders to design and execute solutions that improved performance, workflow, and customer outcomes. improved operational efficiency by 68%. 9 years of experience delivering budget across enterprise clients and startup stakeholders. drove measurable impact across product, delivery, and customer experience.

Core capabilities include Forecasting, Risk Management, Valuation, SQL, Financial Modeling, Portfolio Analysis. Proficient with SAP, Oracle, Power BI, Tableau. Strong background in process design, stakeholder communication, reporting, and performance optimization. They are passionate about turning business goals into action plans that deliver measurable results in fast-moving environments."
financial_analyst_087,Lucas Moore,Financial Analyst,Corporate Finance Analyst,4,"Lucas Moore is a Corporate Finance Analyst with 4 years of experience helping organizations improve forecast. At BluePeak Solutions, they partnered with business stakeholders to design and execute solutions that improved performance, workflow, and customer outcomes. improved operational efficiency by 45%. led strategic initiatives impacting 18 teams and 14952 stakeholders. 4 years of experience delivering forecast across startup stakeholders and regional partners.

Core capabilities include Risk Management, Excel, Financial Modeling, Valuation, Portfolio Analysis, Budgeting. Proficient with SAP, Tableau, Bloomberg, Excel. Strong background in process design, stakeholder communication, reporting, and performance optimization. They are passionate about turning business goals into action plans that deliver measurable results in fast-moving environments."
financial_analyst_088,Isabella Kim,Financial Analyst,Financial Analyst,7,"Isabella Kim is a Financial Analyst with 7 years of experience helping organizations improve models. At NorthStar Labs, they partnered with business stakeholders to design and execute solutions that improved performance, workflow, and customer outcomes. led strategic initiatives impacting 25 teams and 6089 stakeholders. drove measurable impact across product, delivery, and customer experience. 7 years of experience delivering models across remote-first teams and cross-functional teams.

Core capabilities include Budgeting, Portfolio Analysis, Forecasting, Excel, SQL, Risk Management. Proficient with Oracle, Power BI, Bloomberg, Tableau. Strong background in process design, stakeholder communication, reporting, and performance optimization. They are passionate about turning business goals into action plans that deliver measurable results in fast-moving environments."
financial_analyst_089,Avery Brown,Financial Analyst,Investment Analyst,6,"Avery Brown is a Investment Analyst with 6 years of experience helping organizations improve forecast. At Pioneer Enterprise, they partnered with business stakeholders to design and execute solutions that improved performance, workflow, and customer outcomes. improved operational efficiency by 31%. led strategic initiatives impacting 15 teams and 12276 stakeholders. drove measurable impact across product, delivery, and customer experience.

Core capabilities include Risk Management, SQL, Budgeting, Excel, Forecasting, Valuation. Proficient with Oracle, Excel, Tableau, Power BI. Strong background in process design, stakeholder communication, reporting, and performance optimization. They are passionate about turning business goals into action plans that deliver measurable results in fast-moving environments."
financial_analyst_090,Henry Young,Financial Analyst,Corporate Finance Analyst,11,"Henry Young is a Corporate Finance Analyst with 11 years of experience helping organizations improve risk. At Greenline Ventures, they partnered with business stakeholders to design and execute solutions that improved performance, workflow, and customer outcomes. 11 years of experience delivering risk across regional partners and startup stakeholders. improved operational efficiency by 19%. led strategic initiatives impacting 15 teams and 9371 stakeholders.

Core capabilities include Risk Management, Budgeting, Excel, SQL, Forecasting, Valuation. Proficient with Tableau, Power BI, Bloomberg, Excel. Strong background in process design, stakeholder communication, reporting, and performance optimization. They are passionate about turning business goals into action plans that deliver measurable results in fast-moving environments."
financial_analyst_091,Isaac Davis,Financial Analyst,Financial Analyst,10,"Isaac Davis is a Financial Analyst with 10 years of experience helping organizations improve valuation. At Nova Metrics, they partnered with business stakeholders to design and execute solutions that improved performance, workflow, and customer outcomes. 10 years of experience delivering valuation across remote-first teams and enterprise clients. improved operational efficiency by 48%. drove measurable impact across product, delivery, and customer experience.

Core capabilities include Budgeting, Portfolio Analysis, Risk Management, Forecasting, Financial Modeling, Excel. Proficient with Oracle, Power BI, SAP, Bloomberg. Strong background in process design, stakeholder communication, reporting, and performance optimization. They are passionate about turning business goals into action plans that deliver measurable results in fast-moving environments."
financial_analyst_092,Isaac Harris,Financial Analyst,Investment Analyst,4,"Isaac Harris is a Investment Analyst with 4 years of experience helping organizations improve risk. At Summit Works, they partnered with business stakeholders to design and execute solutions that improved performance, workflow, and customer outcomes. 4 years of experience delivering risk across cross-functional teams and remote-first teams. improved operational efficiency by 33%. drove measurable impact across product, delivery, and customer experience.

Core capabilities include Portfolio Analysis, Forecasting, Valuation, SQL, Excel, Budgeting. Proficient with Power BI, Tableau, Excel, Bloomberg. Strong background in process design, stakeholder communication, reporting, and performance optimization. They are passionate about turning business goals into action plans that deliver measurable results in fast-moving environments."
financial_analyst_093,Benjamin Brown,Financial Analyst,Corporate Finance Analyst,2,"Benjamin Brown is a Corporate Finance Analyst with 2 years of experience helping organizations improve finance. At CloudBridge, they partnered with business stakeholders to design and execute solutions that improved performance, workflow, and customer outcomes. improved operational efficiency by 35%. drove measurable impact across product, delivery, and customer experience. led strategic initiatives impacting 19 teams and 5521 stakeholders.

Core capabilities include SQL, Financial Modeling, Forecasting, Valuation, Excel, Portfolio Analysis. Proficient with Bloomberg, Oracle, Power BI, SAP. Strong background in process design, stakeholder communication, reporting, and performance optimization. They are passionate about turning business goals into action plans that deliver measurable results in fast-moving environments."
financial_analyst_094,Abigail Johnson,Financial Analyst,Investment Analyst,4,"Abigail Johnson is a Investment Analyst with 4 years of experience helping organizations improve forecast. At NorthStar Labs, they partnered with business stakeholders to design and execute solutions that improved performance, workflow, and customer outcomes. 4 years of experience delivering forecast across startup stakeholders and remote-first teams. drove measurable impact across product, delivery, and customer experience. improved operational efficiency by 43%.

Core capabilities include Financial Modeling, Budgeting, SQL, Forecasting, Valuation, Excel. Proficient with Power BI, SAP, Oracle, Tableau. Strong background in process design, stakeholder communication, reporting, and performance optimization. They are passionate about turning business goals into action plans that deliver measurable results in fast-moving environments."
financial_analyst_095,Nora Allen,Financial Analyst,Investment Analyst,2,"Nora Allen is a Investment Analyst with 2 years of experience helping organizations improve investment. At EchoWorks, they partnered with business stakeholders to design and execute solutions that improved performance, workflow, and customer outcomes. drove measurable impact across product, delivery, and customer experience. 2 years of experience delivering investment across cross-functional teams and regional partners. improved operational efficiency by 23%.

Core capabilities include Financial Modeling, Risk Management, SQL, Excel, Valuation, Budgeting. Proficient with Excel, Power BI, Tableau, Bloomberg. Strong background in process design, stakeholder communication, reporting, and performance optimization. They are passionate about turning business goals into action plans that deliver measurable results in fast-moving environments."
financial_analyst_096,Jack Martin,Financial Analyst,Corporate Finance Analyst,8,"Jack Martin is a Corporate Finance Analyst with 8 years of experience helping organizations improve investment. At BrightPath Group, they partnered with business stakeholders to design and execute solutions that improved performance, workflow, and customer outcomes. 8 years of experience delivering investment across remote-first teams and cross-functional teams. led strategic initiatives impacting 6 teams and 11563 stakeholders. drove measurable impact across product, delivery, and customer experience.

Core capabilities include Financial Modeling, Portfolio Analysis, Valuation, Risk Management, Excel, Forecasting. Proficient with Excel, Power BI, Oracle, Bloomberg. Strong background in process design, stakeholder communication, reporting, and performance optimization. They are passionate about turning business goals into action plans that deliver measurable results in fast-moving environments."
financial_analyst_097,Scarlett Nguyen,Financial Analyst,Financial Analyst,5,"Scarlett Nguyen is a Financial Analyst with 5 years of experience helping organizations improve risk. At Crestline Partners, they partnered with business stakeholders to design and execute solutions that improved performance, workflow, and customer outcomes. 5 years of experience delivering risk across startup stakeholders and enterprise clients. led strategic initiatives impacting 18 teams and 10011 stakeholders. drove measurable impact across product, delivery, and customer experience.

Core capabilities include Valuation, Excel, SQL, Portfolio Analysis, Forecasting, Risk Management. Proficient with Oracle, Bloomberg, Excel, SAP. Strong background in process design, stakeholder communication, reporting, and performance optimization. They are passionate about turning business goals into action plans that deliver measurable results in fast-moving environments."
financial_analyst_098,Matthew Nguyen,Financial Analyst,Financial Analyst,5,"Matthew Nguyen is a Financial Analyst with 5 years of experience helping organizations improve investment. At Validus Capital, they partnered with business stakeholders to design and execute solutions that improved performance, workflow, and customer outcomes. led strategic initiatives impacting 22 teams and 7132 stakeholders. 5 years of experience delivering investment across enterprise clients and remote-first teams. drove measurable impact across product, delivery, and customer experience.

Core capabilities include Budgeting, Financial Modeling, Forecasting, SQL, Risk Management, Valuation. Proficient with Power BI, Oracle, Bloomberg, Excel. Strong background in process design, stakeholder communication, reporting, and performance optimization. They are passionate about turning business goals into action plans that deliver measurable results in fast-moving environments."
financial_analyst_099,Avery Wilson,Financial Analyst,Corporate Finance Analyst,5,"Avery Wilson is a Corporate Finance Analyst with 5 years of experience helping organizations improve forecast. At Mercury Systems, they partnered with business stakeholders to design and execute solutions that improved performance, workflow, and customer outcomes. improved operational efficiency by 42%. 5 years of experience delivering forecast across enterprise clients and regional partners. led strategic initiatives impacting 8 teams and 13170 stakeholders.

Core capabilities include Portfolio Analysis, Valuation, Financial Modeling, Forecasting, SQL, Risk Management. Proficient with Oracle, Tableau, Bloomberg, Excel. Strong background in process design, stakeholder communication, reporting, and performance optimization. They are passionate about turning business goals into action plans that deliver measurable results in fast-moving environments."
hr_specialist_000,Benjamin Allen,HR Specialist,Talent Acquisition Specialist,7,"Benjamin Allen is a Talent Acquisition Specialist with 7 years of experience helping organizations improve talent. At BluePeak Solutions, they partnered with business stakeholders to design and execute solutions that improved performance, workflow, and customer outcomes. led strategic initiatives impacting 20 teams and 12795 stakeholders. drove measurable impact across product, delivery, and customer experience. improved operational efficiency by 31%.

Core capabilities include Recruitment, Compensation, Compliance, Employee Relations, Onboarding, Hiring. Proficient with Slack, Workday, BambooHR, Zoom. Strong background in process design, stakeholder communication, reporting, and performance optimization. They are passionate about turning business goals into action plans that deliver measurable results in fast-moving environments."
hr_specialist_001,David Moore,HR Specialist,People Operations Manager,14,"David Moore is a People Operations Manager with 14 years of experience helping organizations improve human resources. At NorthStar Labs, they partnered with business stakeholders to design and execute solutions that improved performance, workflow, and customer outcomes. drove measurable impact across product, delivery, and customer experience. improved operational efficiency by 18%. led strategic initiatives impacting 13 teams and 1000 stakeholders.

Core capabilities include Hiring, HRIS, Performance Management, Compensation, Onboarding, Compliance. Proficient with Greenhouse, Workday, Slack, ADP. Strong background in process design, stakeholder communication, reporting, and performance optimization. They are passionate about turning business goals into action plans that deliver measurable results in fast-moving environments."
hr_specialist_002,Hannah Johnson,HR Specialist,HR Specialist,2,"Hannah Johnson is a HR Specialist with 2 years of experience helping organizations improve recruitment. At Summit Works, they partnered with business stakeholders to design and execute solutions that improved performance, workflow, and customer outcomes. improved operational efficiency by 27%. 2 years of experience delivering recruitment across enterprise clients and remote-first teams. drove measurable impact across product, delivery, and customer experience.

Core capabilities include HRIS, Compensation, Employee Relations, Hiring, Onboarding, Recruitment. Proficient with BambooHR, ADP, Workday, Greenhouse. Strong background in process design, stakeholder communication, reporting, and performance optimization. They are passionate about turning business goals into action plans that deliver measurable results in fast-moving environments."
hr_specialist_003,Scarlett Johnson,HR Specialist,HR Specialist,3,"Scarlett Johnson is a HR Specialist with 3 years of experience helping organizations improve hr. At Nova Metrics, they partnered with business stakeholders to design and execute solutions that improved performance, workflow, and customer outcomes. 3 years of experience delivering hr across cross-functional teams and enterprise clients. improved operational efficiency by 43%. drove measurable impact across product, delivery, and customer experience.

Core capabilities include HRIS, Hiring, Performance Management, Compensation, Onboarding, Employee Relations. Proficient with Workday, Slack, ADP, Zoom. Strong background in process design, stakeholder communication, reporting, and performance optimization. They are passionate about turning business goals into action plans that deliver measurable results in fast-moving environments."
hr_specialist_004,David Jackson,HR Specialist,HR Specialist,2,"David Jackson is a HR Specialist with 2 years of experience helping organizations improve employee. At Evergreen Consulting, they partnered with business stakeholders to design and execute solutions that improved performance, workflow, and customer outcomes. 2 years of experience delivering employee across cross-functional teams and regional partners. drove measurable impact across product, delivery, and customer experience. led strategic initiatives impacting 19 teams and 14276 stakeholders.

Core capabilities include Recruitment, Compensation, Hiring, Onboarding, Performance Management, HRIS. Proficient with ADP, Greenhouse, BambooHR, Workday. Strong background in process design, stakeholder communication, reporting, and performance optimization. They are passionate about turning business goals into action plans that deliver measurable results in fast-moving environments."
hr_specialist_005,Hannah Jackson,HR Specialist,People Operations Manager,13,"Hannah Jackson is a People Operations Manager with 13 years of experience helping organizations improve talent. At Greenline Ventures, they partnered with business stakeholders to design and execute solutions that improved performance, workflow, and customer outcomes. improved operational efficiency by 41%. led strategic initiatives impacting 16 teams and 12898 stakeholders. drove measurable impact across product, delivery, and customer experience.

Core capabilities include HRIS, Compensation, Compliance, Recruitment, Onboarding, Employee Relations. Proficient with Workday, Slack, BambooHR, Greenhouse. Strong background in process design, stakeholder communication, reporting, and performance optimization. They are passionate about turning business goals into action plans that deliver measurable results in fast-moving environments."
hr_specialist_006,Grace Johnson,HR Specialist,People Operations Manager,8,"Grace Johnson is a People Operations Manager with 8 years of experience helping organizations improve recruitment. At Lakeview Health, they partnered with business stakeholders to design and execute solutions that improved performance, workflow, and customer outcomes. led strategic initiatives impacting 15 teams and 6876 stakeholders. improved operational efficiency by 26%. 8 years of experience delivering recruitment across regional partners and remote-first teams.

Core capabilities include Hiring, Onboarding, Compliance, Employee Relations, HRIS, Compensation. Proficient with Slack, ADP, BambooHR, Greenhouse. Strong background in process design, stakeholder communication, reporting, and performance optimization. They are passionate about turning business goals into action plans that deliver measurable results in fast-moving environments."
hr_specialist_007,Mia Davis,HR Specialist,People Operations Manager,12,"Mia Davis is a People Operations Manager with 12 years of experience helping organizations improve human resources. At BrightPath Group, they partnered with business stakeholders to design and execute solutions that improved performance, workflow, and customer outcomes. 12 years of experience delivering human resources across regional partners and enterprise clients. improved operational efficiency by 51%. led strategic initiatives impacting 8 teams and 10428 stakeholders.

Core capabilities include Compensation, Performance Management, Hiring, Employee Relations, Compliance, Recruitment. Proficient with Zoom, ADP, Workday, Greenhouse. Strong background in process design, stakeholder communication, reporting, and performance optimization. They are passionate about turning business goals into action plans that deliver measurable results in fast-moving environments."
hr_specialist_008,Harper Davis,HR Specialist,Talent Acquisition Specialist,3,"Harper Davis is a Talent Acquisition Specialist with 3 years of experience helping organizations improve recruitment. At BrightPath Group, they partnered with business stakeholders to design and execute solutions that improved performance, workflow, and customer outcomes. 3 years of experience delivering recruitment across cross-functional teams and startup stakeholders. drove measurable impact across product, delivery, and customer experience. led strategic initiatives impacting 11 teams and 12734 stakeholders.

Core capabilities include Compensation, Performance Management, HRIS, Compliance, Hiring, Recruitment. Proficient with Slack, BambooHR, ADP, Zoom. Strong background in process design, stakeholder communication, reporting, and performance optimization. They are passionate about turning business goals into action plans that deliver measurable results in fast-moving environments."
hr_specialist_009,Joseph Brown,HR Specialist,HR Specialist,13,"Joseph Brown is a HR Specialist with 13 years of experience helping organizations improve recruitment. At NorthStar Labs, they partnered with business stakeholders to design and execute solutions that improved performance, workflow, and customer outcomes. 13 years of experience delivering recruitment across enterprise clients and remote-first teams. led strategic initiatives impacting 11 teams and 4042 stakeholders. improved operational efficiency by 25%.

Core capabilities include HRIS, Compliance, Hiring, Onboarding, Employee Relations, Performance Management. Proficient with Zoom, Workday, Greenhouse, Slack. Strong background in process design, stakeholder communication, reporting, and performance optimization. They are passionate about turning business goals into action plans that deliver measurable results in fast-moving environments."
hr_specialist_010,Chloe Kim,HR Specialist,Talent Acquisition Specialist,7,"Chloe Kim is a Talent Acquisition Specialist with 7 years of experience helping organizations improve onboarding. At Oak & Pine, they partnered with business stakeholders to design and execute solutions that improved performance, workflow, and customer outcomes. 7 years of experience delivering onboarding across regional partners and startup stakeholders. drove measurable impact across product, delivery, and customer experience. improved operational efficiency by 58%.

Core capabilities include Compliance, Recruitment, Compensation, Performance Management, Onboarding, Employee Relations. Proficient with ADP, BambooHR, Greenhouse, Zoom. Strong background in process design, stakeholder communication, reporting, and performance optimization. They are passionate about turning business goals into action plans that deliver measurable results in fast-moving environments."
hr_specialist_011,Mia Harris,HR Specialist,Talent Acquisition Specialist,7,"Mia Harris is a Talent Acquisition Specialist with 7 years of experience helping organizations improve hr. At Greenline Ventures, they partnered with business stakeholders to design and execute solutions that improved performance, workflow, and customer outcomes. 7 years of experience delivering hr across enterprise clients and startup stakeholders. improved operational efficiency by 20%. drove measurable impact across product, delivery, and customer experience.

Core capabilities include Performance Management, Compensation, HRIS, Compliance, Recruitment, Employee Relations. Proficient with Zoom, Slack, BambooHR, ADP. Strong background in process design, stakeholder communication, reporting, and performance optimization. They are passionate about turning business goals into action plans that deliver measurable results in fast-moving environments."
hr_specialist_012,Aria Martin,HR Specialist,HR Specialist,5,"Aria Martin is a HR Specialist with 5 years of experience helping organizations improve onboarding. At Validus Capital, they partnered with business stakeholders to design and execute solutions that improved performance, workflow, and customer outcomes. 5 years of experience delivering onboarding across startup stakeholders and cross-functional teams. drove measurable impact across product, delivery, and customer experience. led strategic initiatives impacting 18 teams and 2555 stakeholders.

Core capabilities include Employee Relations, HRIS, Compliance, Onboarding, Hiring, Performance Management. Proficient with ADP, Workday, BambooHR, Greenhouse. Strong background in process design, stakeholder communication, reporting, and performance optimization. They are passionate about turning business goals into action plans that deliver measurable results in fast-moving environments."
hr_specialist_013,Matthew Patel,HR Specialist,People Operations Manager,9,"Matthew Patel is a People Operations Manager with 9 years of experience helping organizations improve hr. At BrightPath Group, they partnered with business stakeholders to design and execute solutions that improved performance, workflow, and customer outcomes. improved operational efficiency by 29%. 9 years of experience delivering hr across regional partners and startup stakeholders. led strategic initiatives impacting 19 teams and 5806 stakeholders.

Core capabilities include Onboarding, HRIS, Hiring, Performance Management, Compliance, Compensation. Proficient with Zoom, Workday, BambooHR, ADP. Strong background in process design, stakeholder communication, reporting, and performance optimization. They are passionate about turning business goals into action plans that deliver measurable results in fast-moving environments."
hr_specialist_014,Avery Davis,HR Specialist,Talent Acquisition Specialist,3,"Avery Davis is a Talent Acquisition Specialist with 3 years of experience helping organizations improve onboarding. At Mercury Systems, they partnered with business stakeholders to design and execute solutions that improved performance, workflow, and customer outcomes. drove measurable impact across product, delivery, and customer experience. led strategic initiatives impacting 10 teams and 4660 stakeholders. improved operational efficiency by 37%.

Core capabilities include Onboarding, Compliance, Recruitment, Employee Relations, HRIS, Performance Management. Proficient with Greenhouse, Workday, ADP, BambooHR. Strong background in process design, stakeholder communication, reporting, and performance optimization. They are passionate about turning business goals into action plans that deliver measurable results in fast-moving environments."
hr_specialist_015,Harper Thomas,HR Specialist,People Operations Manager,3,"Harper Thomas is a People Operations Manager with 3 years of experience helping organizations improve hr. At EchoWorks, they partnered with business stakeholders to design and execute solutions that improved performance, workflow, and customer outcomes. drove measurable impact across product, delivery, and customer experience. improved operational efficiency by 44%. led strategic initiatives impacting 20 teams and 1549 stakeholders.

Core capabilities include Onboarding, Employee Relations, Compliance, Performance Management, Recruitment, Compensation. Proficient with ADP, BambooHR, Zoom, Workday. Strong background in process design, stakeholder communication, reporting, and performance optimization. They are passionate about turning business goals into action plans that deliver measurable results in fast-moving environments."
hr_specialist_016,Emma Martin,HR Specialist,HR Specialist,6,"Emma Martin is a HR Specialist with 6 years of experience helping organizations improve onboarding. At PrimeCore, they partnered with business stakeholders to design and execute solutions that improved performance, workflow, and customer outcomes. drove measurable impact across product, delivery, and customer experience. improved operational efficiency by 46%. 6 years of experience delivering onboarding across cross-functional teams and regional partners.

Core capabilities include Compensation, HRIS, Compliance, Performance Management, Employee Relations, Recruitment. Proficient with Workday, Zoom, Greenhouse, Slack. Strong background in process design, stakeholder communication, reporting, and performance optimization. They are passionate about turning business goals into action plans that deliver measurable results in fast-moving environments."
hr_specialist_017,James Allen,HR Specialist,Talent Acquisition Specialist,3,"James Allen is a Talent Acquisition Specialist with 3 years of experience helping organizations improve employee. At Summit Works, they partnered with business stakeholders to design and execute solutions that improved performance, workflow, and customer outcomes. drove measurable impact across product, delivery, and customer experience. led strategic initiatives impacting 21 teams and 11910 stakeholders. 3 years of experience delivering employee across regional partners and enterprise clients.

Core capabilities include Recruitment, Employee Relations, Compliance, Compensation, Onboarding, Hiring. Proficient with Zoom, ADP, Workday, Greenhouse. Strong background in process design, stakeholder communication, reporting, and performance optimization. They are passionate about turning business goals into action plans that deliver measurable results in fast-moving environments."
hr_specialist_018,Leo Brown,HR Specialist,Talent Acquisition Specialist,5,"Leo Brown is a Talent Acquisition Specialist with 5 years of experience helping organizations improve hiring. At Vertex Studios, they partnered with business stakeholders to design and execute solutions that improved performance, workflow, and customer outcomes. improved operational efficiency by 27%. 5 years of experience delivering hiring across regional partners and enterprise clients. led strategic initiatives impacting 9 teams and 9353 stakeholders.

Core capabilities include Hiring, Compliance, Employee Relations, Compensation, HRIS, Performance Management. Proficient with ADP, Greenhouse, Workday, Zoom. Strong background in process design, stakeholder communication, reporting, and performance optimization. They are passionate about turning business goals into action plans that deliver measurable results in fast-moving environments."
hr_specialist_019,Luna Martin,HR Specialist,People Operations Manager,4,"Luna Martin is a People Operations Manager with 4 years of experience helping organizations improve human resources. At Signal Forge, they partnered with business stakeholders to design and execute solutions that improved performance, workflow, and customer outcomes. led strategic initiatives impacting 16 teams and 7402 stakeholders. drove measurable impact across product, delivery, and customer experience. 4 years of experience delivering human resources across startup stakeholders and enterprise clients.

Core capabilities include Compliance, Hiring, Compensation, Onboarding, Employee Relations, HRIS. Proficient with ADP, Workday, Zoom, Slack. Strong background in process design, stakeholder communication, reporting, and performance optimization. They are passionate about turning business goals into action plans that deliver measurable results in fast-moving environments."
hr_specialist_020,Sophia Harris,HR Specialist,People Operations Manager,14,"Sophia Harris is a People Operations Manager with 14 years of experience helping organizations improve employee. At Oak & Pine, they partnered with business stakeholders to design and execute solutions that improved performance, workflow, and customer outcomes. 14 years of experience delivering employee across regional partners and enterprise clients. drove measurable impact across product, delivery, and customer experience. led strategic initiatives impacting 7 teams and 10202 stakeholders.

Core capabilities include Compliance, Compensation, Hiring, Employee Relations, Performance Management, Onboarding. Proficient with Slack, BambooHR, ADP, Workday. Strong background in process design, stakeholder communication, reporting, and performance optimization. They are passionate about turning business goals into action plans that deliver measurable results in fast-moving environments."
hr_specialist_021,Mia Taylor,HR Specialist,Talent Acquisition Specialist,8,"Mia Taylor is a Talent Acquisition Specialist with 8 years of experience helping organizations improve recruitment. At PrimeCore, they partnered with business stakeholders to design and execute solutions that improved performance, workflow, and customer outcomes. led strategic initiatives impacting 15 teams and 2490 stakeholders. improved operational efficiency by 48%. 8 years of experience delivering recruitment across regional partners and cross-functional teams.

Core capabilities include Hiring, Compensation, Onboarding, Compliance, Performance Management, Employee Relations. Proficient with ADP, Slack, Zoom, Greenhouse. Strong background in process design, stakeholder communication, reporting, and performance optimization. They are passionate about turning business goals into action plans that deliver measurable results in fast-moving environments."
hr_specialist_022,Evelyn Wilson,HR Specialist,Talent Acquisition Specialist,6,"Evelyn Wilson is a Talent Acquisition Specialist with 6 years of experience helping organizations improve employee. At Oak & Pine, they partnered with business stakeholders to design and execute solutions that improved performance, workflow, and customer outcomes. improved operational efficiency by 56%. drove measurable impact across product, delivery, and customer experience. 6 years of experience delivering employee across remote-first teams and regional partners.

Core capabilities include HRIS, Onboarding, Compliance, Employee Relations, Performance Management, Hiring. Proficient with BambooHR, Greenhouse, Zoom, ADP. Strong background in process design, stakeholder communication, reporting, and performance optimization. They are passionate about turning business goals into action plans that deliver measurable results in fast-moving environments."
hr_specialist_023,Abigail Lee,HR Specialist,People Operations Manager,12,"Abigail Lee is a People Operations Manager with 12 years of experience helping organizations improve recruitment. At Horizon One, they partnered with business stakeholders to design and execute solutions that improved performance, workflow, and customer outcomes. improved operational efficiency by 59%. led strategic initiatives impacting 20 teams and 7143 stakeholders. drove measurable impact across product, delivery, and customer experience.

Core capabilities include Compensation, Employee Relations, HRIS, Performance Management, Compliance, Recruitment. Proficient with Zoom, BambooHR, Greenhouse, Workday. Strong background in process design, stakeholder communication, reporting, and performance optimization. They are passionate about turning business goals into action plans that deliver measurable results in fast-moving environments."
hr_specialist_024,Henry Allen,HR Specialist,Talent Acquisition Specialist,10,"Henry Allen is a Talent Acquisition Specialist with 10 years of experience helping organizations improve recruitment. At Lakeview Health, they partnered with business stakeholders to design and execute solutions that improved performance, workflow, and customer outcomes. drove measurable impact across product, delivery, and customer experience. led strategic initiatives impacting 19 teams and 10021 stakeholders. improved operational efficiency by 49%.

Core capabilities include Onboarding, Hiring, Performance Management, Recruitment, Compliance, Compensation. Proficient with ADP, Slack, Zoom, Workday. Strong background in process design, stakeholder communication, reporting, and performance optimization. They are passionate about turning business goals into action plans that deliver measurable results in fast-moving environments."
hr_specialist_025,Amelia Wilson,HR Specialist,HR Specialist,8,"Amelia Wilson is a HR Specialist with 8 years of experience helping organizations improve onboarding. At BrightPath Group, they partnered with business stakeholders to design and execute solutions that improved performance, workflow, and customer outcomes. 8 years of experience delivering onboarding across remote-first teams and enterprise clients. drove measurable impact across product, delivery, and customer experience. improved operational efficiency by 20%.

Core capabilities include Hiring, Performance Management, Recruitment, HRIS, Compliance, Employee Relations. Proficient with BambooHR, Workday, Greenhouse, Slack. Strong background in process design, stakeholder communication, reporting, and performance optimization. They are passionate about turning business goals into action plans that deliver measurable results in fast-moving environments."
hr_specialist_026,Sophia Kim,HR Specialist,People Operations Manager,12,"Sophia Kim is a People Operations Manager with 12 years of experience helping organizations improve talent. At Oak & Pine, they partnered with business stakeholders to design and execute solutions that improved performance, workflow, and customer outcomes. drove measurable impact across product, delivery, and customer experience. led strategic initiatives impacting 24 teams and 10890 stakeholders. improved operational efficiency by 32%.

Core capabilities include HRIS, Recruitment, Compensation, Performance Management, Compliance, Hiring. Proficient with Workday, BambooHR, Slack, Greenhouse. Strong background in process design, stakeholder communication, reporting, and performance optimization. They are passionate about turning business goals into action plans that deliver measurable results in fast-moving environments."
hr_specialist_027,Elijah Brown,HR Specialist,HR Specialist,10,"Elijah Brown is a HR Specialist with 10 years of experience helping organizations improve employee. At Lakeview Health, they partnered with business stakeholders to design and execute solutions that improved performance, workflow, and customer outcomes. improved operational efficiency by 49%. led strategic initiatives impacting 8 teams and 2567 stakeholders. 10 years of experience delivering employee across regional partners and remote-first teams.

Core capabilities include Compensation, Compliance, Employee Relations, Hiring, HRIS, Recruitment. Proficient with Slack, Zoom, Workday, ADP. Strong background in process design, stakeholder communication, reporting, and performance optimization. They are passionate about turning business goals into action plans that deliver measurable results in fast-moving environments."
hr_specialist_028,Elijah Thomas,HR Specialist,People Operations Manager,4,"Elijah Thomas is a People Operations Manager with 4 years of experience helping organizations improve human resources. At BluePeak Solutions, they partnered with business stakeholders to design and execute solutions that improved performance, workflow, and customer outcomes. led strategic initiatives impacting 18 teams and 12672 stakeholders. improved operational efficiency by 23%. 4 years of experience delivering human resources across cross-functional teams and enterprise clients.

Core capabilities include HRIS, Onboarding, Recruitment, Compensation, Employee Relations, Compliance. Proficient with BambooHR, ADP, Slack, Greenhouse. Strong background in process design, stakeholder communication, reporting, and performance optimization. They are passionate about turning business goals into action plans that deliver measurable results in fast-moving environments."
hr_specialist_029,Ella Scott,HR Specialist,Talent Acquisition Specialist,2,"Ella Scott is a Talent Acquisition Specialist with 2 years of experience helping organizations improve employee. At EchoWorks, they partnered with business stakeholders to design and execute solutions that improved performance, workflow, and customer outcomes. drove measurable impact across product, delivery, and customer experience. 2 years of experience delivering employee across regional partners and startup stakeholders. led strategic initiatives impacting 24 teams and 4366 stakeholders.

Core capabilities include Performance Management, Employee Relations, Compensation, HRIS, Hiring, Onboarding. Proficient with BambooHR, Zoom, Workday, Greenhouse. Strong background in process design, stakeholder communication, reporting, and performance optimization. They are passionate about turning business goals into action plans that deliver measurable results in fast-moving environments."
hr_specialist_030,Avery Moore,HR Specialist,HR Specialist,14,"Avery Moore is a HR Specialist with 14 years of experience helping organizations improve talent. At Horizon One, they partnered with business stakeholders to design and execute solutions that improved performance, workflow, and customer outcomes. 14 years of experience delivering talent across startup stakeholders and enterprise clients. improved operational efficiency by 61%. led strategic initiatives impacting 23 teams and 4998 stakeholders.

Core capabilities include HRIS, Employee Relations, Onboarding, Compensation, Hiring, Compliance. Proficient with Greenhouse, BambooHR, Zoom, ADP. Strong background in process design, stakeholder communication, reporting, and performance optimization. They are passionate about turning business goals into action plans that deliver measurable results in fast-moving environments."
hr_specialist_031,Ella Allen,HR Specialist,Talent Acquisition Specialist,7,"Ella Allen is a Talent Acquisition Specialist with 7 years of experience helping organizations improve talent. At Evergreen Consulting, they partnered with business stakeholders to design and execute solutions that improved performance, workflow, and customer outcomes. improved operational efficiency by 48%. drove measurable impact across product, delivery, and customer experience. 7 years of experience delivering talent across remote-first teams and regional partners.

Core capabilities include Recruitment, HRIS, Compliance, Compensation, Performance Management, Hiring. Proficient with ADP, BambooHR, Slack, Workday. Strong background in process design, stakeholder communication, reporting, and performance optimization. They are passionate about turning business goals into action plans that deliver measurable results in fast-moving environments."
hr_specialist_032,Mia Moore,HR Specialist,Talent Acquisition Specialist,2,"Mia Moore is a Talent Acquisition Specialist with 2 years of experience helping organizations improve hiring. At Lakeview Health, they partnered with business stakeholders to design and execute solutions that improved performance, workflow, and customer outcomes. improved operational efficiency by 46%. led strategic initiatives impacting 9 teams and 5803 stakeholders. drove measurable impact across product, delivery, and customer experience.

Core capabilities include HRIS, Recruitment, Compensation, Employee Relations, Compliance, Onboarding. Proficient with Zoom, Slack, Workday, Greenhouse. Strong background in process design, stakeholder communication, reporting, and performance optimization. They are passionate about turning business goals into action plans that deliver measurable results in fast-moving environments."
hr_specialist_033,James Garcia,HR Specialist,Talent Acquisition Specialist,6,"James Garcia is a Talent Acquisition Specialist with 6 years of experience helping organizations improve human resources. At Greenline Ventures, they partnered with business stakeholders to design and execute solutions that improved performance, workflow, and customer outcomes. improved operational efficiency by 33%. drove measurable impact across product, delivery, and customer experience. 6 years of experience delivering human resources across startup stakeholders and cross-functional teams.

Core capabilities include Employee Relations, Hiring, Recruitment, Performance Management, Compensation, Onboarding. Proficient with Zoom, Greenhouse, BambooHR, ADP. Strong background in process design, stakeholder communication, reporting, and performance optimization. They are passionate about turning business goals into action plans that deliver measurable results in fast-moving environments."
hr_specialist_034,Emma Kim,HR Specialist,Talent Acquisition Specialist,14,"Emma Kim is a Talent Acquisition Specialist with 14 years of experience helping organizations improve human resources. At NorthStar Labs, they partnered with business stakeholders to design and execute solutions that improved performance, workflow, and customer outcomes. 14 years of experience delivering human resources across remote-first teams and cross-functional teams. drove measurable impact across product, delivery, and customer experience. led strategic initiatives impacting 13 teams and 9409 stakeholders.

Core capabilities include Employee Relations, Compliance, HRIS, Performance Management, Onboarding, Compensation. Proficient with Greenhouse, Zoom, Slack, Workday. Strong background in process design, stakeholder communication, reporting, and performance optimization. They are passionate about turning business goals into action plans that deliver measurable results in fast-moving environments."
hr_specialist_035,Samuel Brown,HR Specialist,HR Specialist,2,"Samuel Brown is a HR Specialist with 2 years of experience helping organizations improve talent. At Mercury Systems, they partnered with business stakeholders to design and execute solutions that improved performance, workflow, and customer outcomes. 2 years of experience delivering talent across enterprise clients and cross-functional teams. led strategic initiatives impacting 25 teams and 10928 stakeholders. improved operational efficiency by 28%.

Core capabilities include Onboarding, Compliance, Employee Relations, Compensation, Hiring, HRIS. Proficient with BambooHR, ADP, Greenhouse, Slack. Strong background in process design, stakeholder communication, reporting, and performance optimization. They are passionate about turning business goals into action plans that deliver measurable results in fast-moving environments."
hr_specialist_036,Sophia Patel,HR Specialist,Talent Acquisition Specialist,9,"Sophia Patel is a Talent Acquisition Specialist with 9 years of experience helping organizations improve employee. At PrimeCore, they partnered with business stakeholders to design and execute solutions that improved performance, workflow, and customer outcomes. led strategic initiatives impacting 18 teams and 3734 stakeholders. 9 years of experience delivering employee across startup stakeholders and remote-first teams. drove measurable impact across product, delivery, and customer experience.

Core capabilities include Hiring, Compensation, HRIS, Performance Management, Compliance, Onboarding. Proficient with ADP, Slack, BambooHR, Zoom. Strong background in process design, stakeholder communication, reporting, and performance optimization. They are passionate about turning business goals into action plans that deliver measurable results in fast-moving environments."
hr_specialist_037,Benjamin Martin,HR Specialist,People Operations Manager,7,"Benjamin Martin is a People Operations Manager with 7 years of experience helping organizations improve hiring. At Greenline Ventures, they partnered with business stakeholders to design and execute solutions that improved performance, workflow, and customer outcomes. improved operational efficiency by 31%. led strategic initiatives impacting 18 teams and 13698 stakeholders. 7 years of experience delivering hiring across cross-functional teams and enterprise clients.

Core capabilities include Performance Management, Recruitment, Hiring, HRIS, Compensation, Employee Relations. Proficient with BambooHR, Zoom, Workday, Greenhouse. Strong background in process design, stakeholder communication, reporting, and performance optimization. They are passionate about turning business goals into action plans that deliver measurable results in fast-moving environments."
hr_specialist_038,Leo Moore,HR Specialist,HR Specialist,4,"Leo Moore is a HR Specialist with 4 years of experience helping organizations improve hr. At CloudBridge, they partnered with business stakeholders to design and execute solutions that improved performance, workflow, and customer outcomes. 4 years of experience delivering hr across cross-functional teams and startup stakeholders. improved operational efficiency by 21%. drove measurable impact across product, delivery, and customer experience.

Core capabilities include HRIS, Hiring, Onboarding, Compliance, Performance Management, Employee Relations. Proficient with Zoom, ADP, BambooHR, Workday. Strong background in process design, stakeholder communication, reporting, and performance optimization. They are passionate about turning business goals into action plans that deliver measurable results in fast-moving environments."
hr_specialist_039,Noah Taylor,HR Specialist,Talent Acquisition Specialist,8,"Noah Taylor is a Talent Acquisition Specialist with 8 years of experience helping organizations improve onboarding. At Lakeview Health, they partnered with business stakeholders to design and execute solutions that improved performance, workflow, and customer outcomes. improved operational efficiency by 30%. 8 years of experience delivering onboarding across remote-first teams and regional partners. drove measurable impact across product, delivery, and customer experience.

Core capabilities include Compliance, Recruitment, Performance Management, Onboarding, Compensation, HRIS. Proficient with Slack, ADP, Workday, Greenhouse. Strong background in process design, stakeholder communication, reporting, and performance optimization. They are passionate about turning business goals into action plans that deliver measurable results in fast-moving environments."
hr_specialist_040,Mason Young,HR Specialist,Talent Acquisition Specialist,2,"Mason Young is a Talent Acquisition Specialist with 2 years of experience helping organizations improve hr. At Horizon One, they partnered with business stakeholders to design and execute solutions that improved performance, workflow, and customer outcomes. 2 years of experience delivering hr across remote-first teams and regional partners. improved operational efficiency by 41%. drove measurable impact across product, delivery, and customer experience.

Core capabilities include HRIS, Compensation, Performance Management, Onboarding, Recruitment, Employee Relations. Proficient with ADP, BambooHR, Zoom, Greenhouse. Strong background in process design, stakeholder communication, reporting, and performance optimization. They are passionate about turning business goals into action plans that deliver measurable results in fast-moving environments."
hr_specialist_041,Alexander Walker,HR Specialist,HR Specialist,12,"Alexander Walker is a HR Specialist with 12 years of experience helping organizations improve hiring. At BluePeak Solutions, they partnered with business stakeholders to design and execute solutions that improved performance, workflow, and customer outcomes. 12 years of experience delivering hiring across enterprise clients and startup stakeholders. led strategic initiatives impacting 17 teams and 4608 stakeholders. improved operational efficiency by 35%.

Core capabilities include Employee Relations, Hiring, HRIS, Onboarding, Compensation, Performance Management. Proficient with Zoom, BambooHR, Greenhouse, Workday. Strong background in process design, stakeholder communication, reporting, and performance optimization. They are passionate about turning business goals into action plans that deliver measurable results in fast-moving environments."
hr_specialist_042,Ava Brown,HR Specialist,HR Specialist,8,"Ava Brown is a HR Specialist with 8 years of experience helping organizations improve employee. At Evergreen Consulting, they partnered with business stakeholders to design and execute solutions that improved performance, workflow, and customer outcomes. led strategic initiatives impacting 19 teams and 3713 stakeholders. 8 years of experience delivering employee across startup stakeholders and enterprise clients. drove measurable impact across product, delivery, and customer experience.

Core capabilities include HRIS, Hiring, Employee Relations, Compliance, Onboarding, Recruitment. Proficient with Workday, Zoom, Greenhouse, Slack. Strong background in process design, stakeholder communication, reporting, and performance optimization. They are passionate about turning business goals into action plans that deliver measurable results in fast-moving environments."
hr_specialist_043,David Davis,HR Specialist,People Operations Manager,13,"David Davis is a People Operations Manager with 13 years of experience helping organizations improve recruitment. At PrimeCore, they partnered with business stakeholders to design and execute solutions that improved performance, workflow, and customer outcomes. 13 years of experience delivering recruitment across regional partners and remote-first teams. improved operational efficiency by 56%. drove measurable impact across product, delivery, and customer experience.

Core capabilities include Hiring, Onboarding, Performance Management, Compensation, Compliance, HRIS. Proficient with Zoom, BambooHR, Greenhouse, Slack. Strong background in process design, stakeholder communication, reporting, and performance optimization. They are passionate about turning business goals into action plans that deliver measurable results in fast-moving environments."
hr_specialist_044,Henry Davis,HR Specialist,People Operations Manager,6,"Henry Davis is a People Operations Manager with 6 years of experience helping organizations improve talent. At Harbor Analytics, they partnered with business stakeholders to design and execute solutions that improved performance, workflow, and customer outcomes. drove measurable impact across product, delivery, and customer experience. improved operational efficiency by 24%. led strategic initiatives impacting 22 teams and 9287 stakeholders.

Core capabilities include Compliance, Recruitment, Performance Management, Onboarding, Compensation, Hiring. Proficient with Greenhouse, Slack, Zoom, Workday. Strong background in process design, stakeholder communication, reporting, and performance optimization. They are passionate about turning business goals into action plans that deliver measurable results in fast-moving environments."
hr_specialist_045,Grace Allen,HR Specialist,Talent Acquisition Specialist,6,"Grace Allen is a Talent Acquisition Specialist with 6 years of experience helping organizations improve hr. At Nova Metrics, they partnered with business stakeholders to design and execute solutions that improved performance, workflow, and customer outcomes. 6 years of experience delivering hr across startup stakeholders and regional partners. improved operational efficiency by 19%. led strategic initiatives impacting 15 teams and 7068 stakeholders.

Core capabilities include HRIS, Employee Relations, Performance Management, Hiring, Recruitment, Compliance. Proficient with Workday, ADP, Slack, Greenhouse. Strong background in process design, stakeholder communication, reporting, and performance optimization. They are passionate about turning business goals into action plans that deliver measurable results in fast-moving environments."
hr_specialist_046,Joseph Harris,HR Specialist,Talent Acquisition Specialist,11,"Joseph Harris is a Talent Acquisition Specialist with 11 years of experience helping organizations improve human resources. At Signal Forge, they partnered with business stakeholders to design and execute solutions that improved performance, workflow, and customer outcomes. 11 years of experience delivering human resources across regional partners and startup stakeholders. drove measurable impact across product, delivery, and customer experience. led strategic initiatives impacting 8 teams and 2345 stakeholders.

Core capabilities include Compliance, HRIS, Employee Relations, Onboarding, Compensation, Performance Management. Proficient with Greenhouse, BambooHR, Zoom, Slack. Strong background in process design, stakeholder communication, reporting, and performance optimization. They are passionate about turning business goals into action plans that deliver measurable results in fast-moving environments."
hr_specialist_047,Mason Young,HR Specialist,Talent Acquisition Specialist,9,"Mason Young is a Talent Acquisition Specialist with 9 years of experience helping organizations improve hr. At Pioneer Enterprise, they partnered with business stakeholders to design and execute solutions that improved performance, workflow, and customer outcomes. drove measurable impact across product, delivery, and customer experience. 9 years of experience delivering hr across regional partners and enterprise clients. led strategic initiatives impacting 10 teams and 6075 stakeholders.

Core capabilities include Onboarding, Recruitment, Compliance, HRIS, Employee Relations, Compensation. Proficient with Greenhouse, BambooHR, Slack, ADP. Strong background in process design, stakeholder communication, reporting, and performance optimization. They are passionate about turning business goals into action plans that deliver measurable results in fast-moving environments."
hr_specialist_048,Matthew Martin,HR Specialist,HR Specialist,11,"Matthew Martin is a HR Specialist with 11 years of experience helping organizations improve hr. At EchoWorks, they partnered with business stakeholders to design and execute solutions that improved performance, workflow, and customer outcomes. drove measurable impact across product, delivery, and customer experience. 11 years of experience delivering hr across enterprise clients and remote-first teams. led strategic initiatives impacting 7 teams and 8574 stakeholders.

Core capabilities include HRIS, Compliance, Employee Relations, Hiring, Performance Management, Recruitment. Proficient with BambooHR, Slack, Zoom, ADP. Strong background in process design, stakeholder communication, reporting, and performance optimization. They are passionate about turning business goals into action plans that deliver measurable results in fast-moving environments."
hr_specialist_049,Joseph Scott,HR Specialist,HR Specialist,13,"Joseph Scott is a HR Specialist with 13 years of experience helping organizations improve recruitment. At Vertex Studios, they partnered with business stakeholders to design and execute solutions that improved performance, workflow, and customer outcomes. drove measurable impact across product, delivery, and customer experience. 13 years of experience delivering recruitment across startup stakeholders and cross-functional teams. led strategic initiatives impacting 14 teams and 11915 stakeholders.

Core capabilities include Recruitment, HRIS, Onboarding, Employee Relations, Compliance, Performance Management. Proficient with BambooHR, Slack, Zoom, Greenhouse. Strong background in process design, stakeholder communication, reporting, and performance optimization. They are passionate about turning business goals into action plans that deliver measurable results in fast-moving environments."
hr_specialist_050,David Brown,HR Specialist,People Operations Manager,4,"David Brown is a People Operations Manager with 4 years of experience helping organizations improve hr. At Lakeview Health, they partnered with business stakeholders to design and execute solutions that improved performance, workflow, and customer outcomes. improved operational efficiency by 62%. drove measurable impact across product, delivery, and customer experience. led strategic initiatives impacting 15 teams and 10490 stakeholders.

Core capabilities include Employee Relations, Recruitment, Performance Management, Compliance, Hiring, Compensation. Proficient with ADP, Greenhouse, Slack, BambooHR. Strong background in process design, stakeholder communication, reporting, and performance optimization. They are passionate about turning business goals into action plans that deliver measurable results in fast-moving environments."
hr_specialist_051,Alexander Jackson,HR Specialist,HR Specialist,12,"Alexander Jackson is a HR Specialist with 12 years of experience helping organizations improve onboarding. At Lakeview Health, they partnered with business stakeholders to design and execute solutions that improved performance, workflow, and customer outcomes. led strategic initiatives impacting 17 teams and 4056 stakeholders. improved operational efficiency by 34%. drove measurable impact across product, delivery, and customer experience.

Core capabilities include Performance Management, Compensation, Employee Relations, HRIS, Recruitment, Compliance. Proficient with Greenhouse, ADP, Zoom, Slack. Strong background in process design, stakeholder communication, reporting, and performance optimization. They are passionate about turning business goals into action plans that deliver measurable results in fast-moving environments."
hr_specialist_052,Nora Thomas,HR Specialist,HR Specialist,7,"Nora Thomas is a HR Specialist with 7 years of experience helping organizations improve onboarding. At Greenline Ventures, they partnered with business stakeholders to design and execute solutions that improved performance, workflow, and customer outcomes. led strategic initiatives impacting 9 teams and 4932 stakeholders. improved operational efficiency by 20%. 7 years of experience delivering onboarding across remote-first teams and cross-functional teams.

Core capabilities include Compliance, Compensation, Onboarding, Performance Management, Employee Relations, Recruitment. Proficient with Greenhouse, BambooHR, ADP, Workday. Strong background in process design, stakeholder communication, reporting, and performance optimization. They are passionate about turning business goals into action plans that deliver measurable results in fast-moving environments."
hr_specialist_053,James Jackson,HR Specialist,HR Specialist,14,"James Jackson is a HR Specialist with 14 years of experience helping organizations improve hr. At BluePeak Solutions, they partnered with business stakeholders to design and execute solutions that improved performance, workflow, and customer outcomes. led strategic initiatives impacting 21 teams and 5480 stakeholders. drove measurable impact across product, delivery, and customer experience. 14 years of experience delivering hr across cross-functional teams and regional partners.

Core capabilities include Compensation, Hiring, Onboarding, Performance Management, Compliance, Employee Relations. Proficient with Workday, Zoom, ADP, BambooHR. Strong background in process design, stakeholder communication, reporting, and performance optimization. They are passionate about turning business goals into action plans that deliver measurable results in fast-moving environments."
hr_specialist_054,Alexander Nguyen,HR Specialist,Talent Acquisition Specialist,13,"Alexander Nguyen is a Talent Acquisition Specialist with 13 years of experience helping organizations improve employee. At Oak & Pine, they partnered with business stakeholders to design and execute solutions that improved performance, workflow, and customer outcomes. led strategic initiatives impacting 23 teams and 4651 stakeholders. improved operational efficiency by 38%. drove measurable impact across product, delivery, and customer experience.

Core capabilities include Performance Management, Hiring, HRIS, Recruitment, Onboarding, Employee Relations. Proficient with Workday, ADP, Zoom, Greenhouse. Strong background in process design, stakeholder communication, reporting, and performance optimization. They are passionate about turning business goals into action plans that deliver measurable results in fast-moving environments."
hr_specialist_055,Mia Garcia,HR Specialist,People Operations Manager,11,"Mia Garcia is a People Operations Manager with 11 years of experience helping organizations improve recruitment. At NorthStar Labs, they partnered with business stakeholders to design and execute solutions that improved performance, workflow, and customer outcomes. led strategic initiatives impacting 13 teams and 9769 stakeholders. 11 years of experience delivering recruitment across startup stakeholders and enterprise clients. improved operational efficiency by 22%.

Core capabilities include Compliance, Onboarding, Recruitment, Performance Management, Employee Relations, Compensation. Proficient with Greenhouse, ADP, Zoom, Slack. Strong background in process design, stakeholder communication, reporting, and performance optimization. They are passionate about turning business goals into action plans that deliver measurable results in fast-moving environments."
hr_specialist_056,Avery Nguyen,HR Specialist,Talent Acquisition Specialist,11,"Avery Nguyen is a Talent Acquisition Specialist with 11 years of experience helping organizations improve human resources. At BluePeak Solutions, they partnered with business stakeholders to design and execute solutions that improved performance, workflow, and customer outcomes. improved operational efficiency by 23%. led strategic initiatives impacting 15 teams and 11597 stakeholders. 11 years of experience delivering human resources across enterprise clients and startup stakeholders.

Core capabilities include Performance Management, Compliance, Recruitment, Employee Relations, HRIS, Onboarding. Proficient with Zoom, BambooHR, Greenhouse, Slack. Strong background in process design, stakeholder communication, reporting, and performance optimization. They are passionate about turning business goals into action plans that deliver measurable results in fast-moving environments."
hr_specialist_057,Olivia Brown,HR Specialist,People Operations Manager,13,"Olivia Brown is a People Operations Manager with 13 years of experience helping organizations improve recruitment. At BrightPath Group, they partnered with business stakeholders to design and execute solutions that improved performance, workflow, and customer outcomes. 13 years of experience delivering recruitment across remote-first teams and regional partners. led strategic initiatives impacting 22 teams and 11469 stakeholders. drove measurable impact across product, delivery, and customer experience.

Core capabilities include Onboarding, Compensation, Hiring, Compliance, HRIS, Recruitment. Proficient with ADP, Greenhouse, Slack, Zoom. Strong background in process design, stakeholder communication, reporting, and performance optimization. They are passionate about turning business goals into action plans that deliver measurable results in fast-moving environments."
hr_specialist_058,Ethan Patel,HR Specialist,HR Specialist,3,"Ethan Patel is a HR Specialist with 3 years of experience helping organizations improve hiring. At BrightPath Group, they partnered with business stakeholders to design and execute solutions that improved performance, workflow, and customer outcomes. 3 years of experience delivering hiring across startup stakeholders and remote-first teams. improved operational efficiency by 68%. led strategic initiatives impacting 7 teams and 6836 stakeholders.

Core capabilities include Performance Management, Employee Relations, Recruitment, HRIS, Onboarding, Compensation. Proficient with Slack, Zoom, ADP, BambooHR. Strong background in process design, stakeholder communication, reporting, and performance optimization. They are passionate about turning business goals into action plans that deliver measurable results in fast-moving environments."
hr_specialist_059,Ella Lee,HR Specialist,People Operations Manager,6,"Ella Lee is a People Operations Manager with 6 years of experience helping organizations improve onboarding. At Pioneer Enterprise, they partnered with business stakeholders to design and execute solutions that improved performance, workflow, and customer outcomes. led strategic initiatives impacting 18 teams and 2696 stakeholders. 6 years of experience delivering onboarding across enterprise clients and remote-first teams. drove measurable impact across product, delivery, and customer experience.

Core capabilities include Recruitment, Performance Management, Hiring, Compensation, Employee Relations, Compliance. Proficient with BambooHR, Greenhouse, Slack, ADP. Strong background in process design, stakeholder communication, reporting, and performance optimization. They are passionate about turning business goals into action plans that deliver measurable results in fast-moving environments."
hr_specialist_060,Amelia Scott,HR Specialist,People Operations Manager,9,"Amelia Scott is a People Operations Manager with 9 years of experience helping organizations improve hiring. At Summit Works, they partnered with business stakeholders to design and execute solutions that improved performance, workflow, and customer outcomes. 9 years of experience delivering hiring across startup stakeholders and cross-functional teams. drove measurable impact across product, delivery, and customer experience. improved operational efficiency by 18%.

Core capabilities include Employee Relations, Compensation, Hiring, HRIS, Performance Management, Compliance. Proficient with BambooHR, Zoom, Greenhouse, Workday. Strong background in process design, stakeholder communication, reporting, and performance optimization. They are passionate about turning business goals into action plans that deliver measurable results in fast-moving environments."
hr_specialist_061,Jack Jackson,HR Specialist,People Operations Manager,2,"Jack Jackson is a People Operations Manager with 2 years of experience helping organizations improve recruitment. At Validus Capital, they partnered with business stakeholders to design and execute solutions that improved performance, workflow, and customer outcomes. drove measurable impact across product, delivery, and customer experience. 2 years of experience delivering recruitment across remote-first teams and enterprise clients. improved operational efficiency by 57%.

Core capabilities include Hiring, Recruitment, Employee Relations, Compliance, Performance Management, Onboarding. Proficient with Greenhouse, ADP, Slack, BambooHR. Strong background in process design, stakeholder communication, reporting, and performance optimization. They are passionate about turning business goals into action plans that deliver measurable results in fast-moving environments."
hr_specialist_062,Aria Jackson,HR Specialist,Talent Acquisition Specialist,2,"Aria Jackson is a Talent Acquisition Specialist with 2 years of experience helping organizations improve hiring. At Lakeview Health, they partnered with business stakeholders to design and execute solutions that improved performance, workflow, and customer outcomes. drove measurable impact across product, delivery, and customer experience. improved operational efficiency by 22%. 2 years of experience delivering hiring across regional partners and remote-first teams.

Core capabilities include Employee Relations, Recruitment, Onboarding, Hiring, Compensation, Performance Management. Proficient with Greenhouse, BambooHR, Slack, Zoom. Strong background in process design, stakeholder communication, reporting, and performance optimization. They are passionate about turning business goals into action plans that deliver measurable results in fast-moving environments."
hr_specialist_063,Lucas Smith,HR Specialist,Talent Acquisition Specialist,4,"Lucas Smith is a Talent Acquisition Specialist with 4 years of experience helping organizations improve onboarding. At Signal Forge, they partnered with business stakeholders to design and execute solutions that improved performance, workflow, and customer outcomes. 4 years of experience delivering onboarding across enterprise clients and cross-functional teams. led strategic initiatives impacting 11 teams and 10539 stakeholders. drove measurable impact across product, delivery, and customer experience.

Core capabilities include Employee Relations, Compliance, Hiring, Performance Management, Recruitment, Compensation. Proficient with Workday, Zoom, BambooHR, Greenhouse. Strong background in process design, stakeholder communication, reporting, and performance optimization. They are passionate about turning business goals into action plans that deliver measurable results in fast-moving environments."
hr_specialist_064,Henry Smith,HR Specialist,People Operations Manager,14,"Henry Smith is a People Operations Manager with 14 years of experience helping organizations improve employee. At Summit Works, they partnered with business stakeholders to design and execute solutions that improved performance, workflow, and customer outcomes. 14 years of experience delivering employee across remote-first teams and startup stakeholders. led strategic initiatives impacting 15 teams and 5408 stakeholders. drove measurable impact across product, delivery, and customer experience.

Core capabilities include Employee Relations, Compliance, Compensation, Performance Management, Onboarding, HRIS. Proficient with Zoom, BambooHR, Workday, Greenhouse. Strong background in process design, stakeholder communication, reporting, and performance optimization. They are passionate about turning business goals into action plans that deliver measurable results in fast-moving environments."
hr_specialist_065,Olivia Allen,HR Specialist,HR Specialist,3,"Olivia Allen is a HR Specialist with 3 years of experience helping organizations improve talent. At Signal Forge, they partnered with business stakeholders to design and execute solutions that improved performance, workflow, and customer outcomes. 3 years of experience delivering talent across cross-functional teams and regional partners. drove measurable impact across product, delivery, and customer experience. led strategic initiatives impacting 23 teams and 12480 stakeholders.

Core capabilities include Recruitment, HRIS, Onboarding, Compliance, Hiring, Employee Relations. Proficient with Greenhouse, Slack, Zoom, Workday. Strong background in process design, stakeholder communication, reporting, and performance optimization. They are passionate about turning business goals into action plans that deliver measurable results in fast-moving environments."
hr_specialist_066,Scarlett Lee,HR Specialist,People Operations Manager,13,"Scarlett Lee is a People Operations Manager with 13 years of experience helping organizations improve human resources. At BluePeak Solutions, they partnered with business stakeholders to design and execute solutions that improved performance, workflow, and customer outcomes. led strategic initiatives impacting 18 teams and 4457 stakeholders. 13 years of experience delivering human resources across startup stakeholders and cross-functional teams. improved operational efficiency by 21%.

Core capabilities include Onboarding, Compensation, Compliance, Performance Management, Employee Relations, HRIS. Proficient with Workday, Slack, BambooHR, ADP. Strong background in process design, stakeholder communication, reporting, and performance optimization. They are passionate about turning business goals into action plans that deliver measurable results in fast-moving environments."
hr_specialist_067,Isabella Brown,HR Specialist,Talent Acquisition Specialist,11,"Isabella Brown is a Talent Acquisition Specialist with 11 years of experience helping organizations improve talent. At BrightPath Group, they partnered with business stakeholders to design and execute solutions that improved performance, workflow, and customer outcomes. improved operational efficiency by 65%. drove measurable impact across product, delivery, and customer experience. 11 years of experience delivering talent across startup stakeholders and cross-functional teams.

Core capabilities include Performance Management, Onboarding, Employee Relations, Hiring, Recruitment, Compliance. Proficient with ADP, BambooHR, Zoom, Workday. Strong background in process design, stakeholder communication, reporting, and performance optimization. They are passionate about turning business goals into action plans that deliver measurable results in fast-moving environments."
hr_specialist_068,Matthew Kim,HR Specialist,People Operations Manager,5,"Matthew Kim is a People Operations Manager with 5 years of experience helping organizations improve human resources. At BrightPath Group, they partnered with business stakeholders to design and execute solutions that improved performance, workflow, and customer outcomes. 5 years of experience delivering human resources across regional partners and enterprise clients. drove measurable impact across product, delivery, and customer experience. led strategic initiatives impacting 11 teams and 12751 stakeholders.

Core capabilities include Recruitment, Employee Relations, Compliance, Hiring, Performance Management, Onboarding. Proficient with ADP, Greenhouse, Slack, Zoom. Strong background in process design, stakeholder communication, reporting, and performance optimization. They are passionate about turning business goals into action plans that deliver measurable results in fast-moving environments."
hr_specialist_069,Grace Kim,HR Specialist,Talent Acquisition Specialist,5,"Grace Kim is a Talent Acquisition Specialist with 5 years of experience helping organizations improve talent. At BluePeak Solutions, they partnered with business stakeholders to design and execute solutions that improved performance, workflow, and customer outcomes. improved operational efficiency by 42%. led strategic initiatives impacting 16 teams and 4080 stakeholders. drove measurable impact across product, delivery, and customer experience.

Core capabilities include Onboarding, Employee Relations, Compensation, Recruitment, Hiring, Compliance. Proficient with ADP, Zoom, BambooHR, Greenhouse. Strong background in process design, stakeholder communication, reporting, and performance optimization. They are passionate about turning business goals into action plans that deliver measurable results in fast-moving environments."
hr_specialist_070,Henry Jackson,HR Specialist,HR Specialist,6,"Henry Jackson is a HR Specialist with 6 years of experience helping organizations improve hr. At Oak & Pine, they partnered with business stakeholders to design and execute solutions that improved performance, workflow, and customer outcomes. improved operational efficiency by 27%. led strategic initiatives impacting 14 teams and 5576 stakeholders. 6 years of experience delivering hr across enterprise clients and remote-first teams.

Core capabilities include Compliance, HRIS, Employee Relations, Recruitment, Performance Management, Onboarding. Proficient with ADP, Slack, BambooHR, Workday. Strong background in process design, stakeholder communication, reporting, and performance optimization. They are passionate about turning business goals into action plans that deliver measurable results in fast-moving environments."
hr_specialist_071,Scarlett Walker,HR Specialist,HR Specialist,11,"Scarlett Walker is a HR Specialist with 11 years of experience helping organizations improve talent. At Evergreen Consulting, they partnered with business stakeholders to design and execute solutions that improved performance, workflow, and customer outcomes. 11 years of experience delivering talent across cross-functional teams and startup stakeholders. led strategic initiatives impacting 19 teams and 3187 stakeholders. improved operational efficiency by 32%.

Core capabilities include Compensation, Onboarding, Hiring, Employee Relations, HRIS, Recruitment. Proficient with Zoom, BambooHR, ADP, Greenhouse. Strong background in process design, stakeholder communication, reporting, and performance optimization. They are passionate about turning business goals into action plans that deliver measurable results in fast-moving environments."
hr_specialist_072,Ella Garcia,HR Specialist,People Operations Manager,10,"Ella Garcia is a People Operations Manager with 10 years of experience helping organizations improve onboarding. At Vertex Studios, they partnered with business stakeholders to design and execute solutions that improved performance, workflow, and customer outcomes. drove measurable impact across product, delivery, and customer experience. improved operational efficiency by 54%. 10 years of experience delivering onboarding across enterprise clients and regional partners.

Core capabilities include Onboarding, Recruitment, Hiring, Compensation, Performance Management, HRIS. Proficient with Workday, BambooHR, Slack, ADP. Strong background in process design, stakeholder communication, reporting, and performance optimization. They are passionate about turning business goals into action plans that deliver measurable results in fast-moving environments."
hr_specialist_073,Sebastian Scott,HR Specialist,People Operations Manager,14,"Sebastian Scott is a People Operations Manager with 14 years of experience helping organizations improve employee. At Signal Forge, they partnered with business stakeholders to design and execute solutions that improved performance, workflow, and customer outcomes. drove measurable impact across product, delivery, and customer experience. led strategic initiatives impacting 10 teams and 2777 stakeholders. improved operational efficiency by 30%.

Core capabilities include Onboarding, Compensation, HRIS, Performance Management, Recruitment, Compliance. Proficient with Workday, BambooHR, ADP, Slack. Strong background in process design, stakeholder communication, reporting, and performance optimization. They are passionate about turning business goals into action plans that deliver measurable results in fast-moving environments."
hr_specialist_074,Evelyn Wilson,HR Specialist,People Operations Manager,5,"Evelyn Wilson is a People Operations Manager with 5 years of experience helping organizations improve onboarding. At Signal Forge, they partnered with business stakeholders to design and execute solutions that improved performance, workflow, and customer outcomes. improved operational efficiency by 40%. drove measurable impact across product, delivery, and customer experience. led strategic initiatives impacting 20 teams and 13434 stakeholders.

Core capabilities include Compliance, Compensation, Performance Management, Hiring, Onboarding, Recruitment. Proficient with ADP, Zoom, Greenhouse, Workday. Strong background in process design, stakeholder communication, reporting, and performance optimization. They are passionate about turning business goals into action plans that deliver measurable results in fast-moving environments."
hr_specialist_075,Joseph Garcia,HR Specialist,Talent Acquisition Specialist,10,"Joseph Garcia is a Talent Acquisition Specialist with 10 years of experience helping organizations improve hr. At Validus Capital, they partnered with business stakeholders to design and execute solutions that improved performance, workflow, and customer outcomes. improved operational efficiency by 61%. 10 years of experience delivering hr across enterprise clients and regional partners. drove measurable impact across product, delivery, and customer experience.

Core capabilities include Employee Relations, Recruitment, Performance Management, Hiring, Compensation, HRIS. Proficient with Workday, Greenhouse, ADP, Slack. Strong background in process design, stakeholder communication, reporting, and performance optimization. They are passionate about turning business goals into action plans that deliver measurable results in fast-moving environments."
hr_specialist_076,Benjamin Taylor,HR Specialist,HR Specialist,2,"Benjamin Taylor is a HR Specialist with 2 years of experience helping organizations improve recruitment. At Signal Forge, they partnered with business stakeholders to design and execute solutions that improved performance, workflow, and customer outcomes. improved operational efficiency by 23%. 2 years of experience delivering recruitment across cross-functional teams and enterprise clients. led strategic initiatives impacting 13 teams and 13961 stakeholders.

Core capabilities include Recruitment, Performance Management, HRIS, Hiring, Onboarding, Compensation. Proficient with Slack, ADP, Greenhouse, Workday. Strong background in process design, stakeholder communication, reporting, and performance optimization. They are passionate about turning business goals into action plans that deliver measurable results in fast-moving environments."
hr_specialist_077,Henry Young,HR Specialist,HR Specialist,12,"Henry Young is a HR Specialist with 12 years of experience helping organizations improve hiring. At Evergreen Consulting, they partnered with business stakeholders to design and execute solutions that improved performance, workflow, and customer outcomes. led strategic initiatives impacting 16 teams and 6847 stakeholders. drove measurable impact across product, delivery, and customer experience. 12 years of experience delivering hiring across enterprise clients and startup stakeholders.

Core capabilities include Recruitment, Compliance, HRIS, Employee Relations, Compensation, Performance Management. Proficient with Workday, Zoom, Greenhouse, BambooHR. Strong background in process design, stakeholder communication, reporting, and performance optimization. They are passionate about turning business goals into action plans that deliver measurable results in fast-moving environments."
hr_specialist_078,Lucas Kim,HR Specialist,People Operations Manager,11,"Lucas Kim is a People Operations Manager with 11 years of experience helping organizations improve hr. At BluePeak Solutions, they partnered with business stakeholders to design and execute solutions that improved performance, workflow, and customer outcomes. led strategic initiatives impacting 6 teams and 11840 stakeholders. 11 years of experience delivering hr across cross-functional teams and remote-first teams. drove measurable impact across product, delivery, and customer experience.

Core capabilities include Performance Management, Employee Relations, Compliance, Compensation, Hiring, Onboarding. Proficient with Workday, Greenhouse, Slack, Zoom. Strong background in process design, stakeholder communication, reporting, and performance optimization. They are passionate about turning business goals into action plans that deliver measurable results in fast-moving environments."
hr_specialist_079,Mia Kim,HR Specialist,People Operations Manager,13,"Mia Kim is a People Operations Manager with 13 years of experience helping organizations improve human resources. At NorthStar Labs, they partnered with business stakeholders to design and execute solutions that improved performance, workflow, and customer outcomes. led strategic initiatives impacting 22 teams and 3868 stakeholders. 13 years of experience delivering human resources across cross-functional teams and remote-first teams. drove measurable impact across product, delivery, and customer experience.

Core capabilities include Compensation, Hiring, Onboarding, HRIS, Employee Relations, Compliance. Proficient with Workday, Greenhouse, ADP, Slack. Strong background in process design, stakeholder communication, reporting, and performance optimization. They are passionate about turning business goals into action plans that deliver measurable results in fast-moving environments."
hr_specialist_080,Charlotte Lee,HR Specialist,HR Specialist,4,"Charlotte Lee is a HR Specialist with 4 years of experience helping organizations improve talent. At Mercury Systems, they partnered with business stakeholders to design and execute solutions that improved performance, workflow, and customer outcomes. led strategic initiatives impacting 18 teams and 3820 stakeholders. improved operational efficiency by 46%. drove measurable impact across product, delivery, and customer experience.

Core capabilities include Employee Relations, HRIS, Hiring, Compensation, Onboarding, Compliance. Proficient with Slack, Zoom, BambooHR, Greenhouse. Strong background in process design, stakeholder communication, reporting, and performance optimization. They are passionate about turning business goals into action plans that deliver measurable results in fast-moving environments."
hr_specialist_081,Evelyn Scott,HR Specialist,HR Specialist,13,"Evelyn Scott is a HR Specialist with 13 years of experience helping organizations improve hiring. At Nova Metrics, they partnered with business stakeholders to design and execute solutions that improved performance, workflow, and customer outcomes. led strategic initiatives impacting 22 teams and 2854 stakeholders. improved operational efficiency by 65%. 13 years of experience delivering hiring across enterprise clients and cross-functional teams.

Core capabilities include Recruitment, Employee Relations, HRIS, Onboarding, Compensation, Performance Management. Proficient with ADP, Workday, Slack, BambooHR. Strong background in process design, stakeholder communication, reporting, and performance optimization. They are passionate about turning business goals into action plans that deliver measurable results in fast-moving environments."
hr_specialist_082,Noah Walker,HR Specialist,HR Specialist,10,"Noah Walker is a HR Specialist with 10 years of experience helping organizations improve human resources. At EchoWorks, they partnered with business stakeholders to design and execute solutions that improved performance, workflow, and customer outcomes. improved operational efficiency by 34%. 10 years of experience delivering human resources across regional partners and enterprise clients. drove measurable impact across product, delivery, and customer experience.

Core capabilities include Onboarding, Employee Relations, Recruitment, Performance Management, Compensation, HRIS. Proficient with Slack, Zoom, Workday, Greenhouse. Strong background in process design, stakeholder communication, reporting, and performance optimization. They are passionate about turning business goals into action plans that deliver measurable results in fast-moving environments."
hr_specialist_083,Alexander Harris,HR Specialist,HR Specialist,4,"Alexander Harris is a HR Specialist with 4 years of experience helping organizations improve hiring. At Validus Capital, they partnered with business stakeholders to design and execute solutions that improved performance, workflow, and customer outcomes. drove measurable impact across product, delivery, and customer experience. improved operational efficiency by 47%. 4 years of experience delivering hiring across enterprise clients and remote-first teams.

Core capabilities include HRIS, Compensation, Compliance, Recruitment, Employee Relations, Onboarding. Proficient with ADP, Workday, Zoom, BambooHR. Strong background in process design, stakeholder communication, reporting, and performance optimization. They are passionate about turning business goals into action plans that deliver measurable results in fast-moving environments."
hr_specialist_084,Mia Patel,HR Specialist,HR Specialist,14,"Mia Patel is a HR Specialist with 14 years of experience helping organizations improve onboarding. At BluePeak Solutions, they partnered with business stakeholders to design and execute solutions that improved performance, workflow, and customer outcomes. drove measurable impact across product, delivery, and customer experience. 14 years of experience delivering onboarding across startup stakeholders and enterprise clients. led strategic initiatives impacting 22 teams and 11609 stakeholders.

Core capabilities include Recruitment, Compliance, Compensation, Hiring, Performance Management, Employee Relations. Proficient with Greenhouse, Slack, Workday, ADP. Strong background in process design, stakeholder communication, reporting, and performance optimization. They are passionate about turning business goals into action plans that deliver measurable results in fast-moving environments."
hr_specialist_085,Mason Taylor,HR Specialist,Talent Acquisition Specialist,8,"Mason Taylor is a Talent Acquisition Specialist with 8 years of experience helping organizations improve onboarding. At PrimeCore, they partnered with business stakeholders to design and execute solutions that improved performance, workflow, and customer outcomes. 8 years of experience delivering onboarding across regional partners and startup stakeholders. led strategic initiatives impacting 20 teams and 9556 stakeholders. drove measurable impact across product, delivery, and customer experience.

Core capabilities include Employee Relations, Compliance, Performance Management, Onboarding, Compensation, Hiring. Proficient with Greenhouse, Workday, Zoom, BambooHR. Strong background in process design, stakeholder communication, reporting, and performance optimization. They are passionate about turning business goals into action plans that deliver measurable results in fast-moving environments."
hr_specialist_086,Abigail Walker,HR Specialist,People Operations Manager,14,"Abigail Walker is a People Operations Manager with 14 years of experience helping organizations improve hr. At Evergreen Consulting, they partnered with business stakeholders to design and execute solutions that improved performance, workflow, and customer outcomes. 14 years of experience delivering hr across cross-functional teams and startup stakeholders. improved operational efficiency by 40%. drove measurable impact across product, delivery, and customer experience.

Core capabilities include Compensation, HRIS, Compliance, Recruitment, Hiring, Employee Relations. Proficient with Workday, Zoom, Slack, ADP. Strong background in process design, stakeholder communication, reporting, and performance optimization. They are passionate about turning business goals into action plans that deliver measurable results in fast-moving environments."
hr_specialist_087,Michael Brown,HR Specialist,Talent Acquisition Specialist,8,"Michael Brown is a Talent Acquisition Specialist with 8 years of experience helping organizations improve employee. At Summit Works, they partnered with business stakeholders to design and execute solutions that improved performance, workflow, and customer outcomes. 8 years of experience delivering employee across remote-first teams and regional partners. drove measurable impact across product, delivery, and customer experience. led strategic initiatives impacting 23 teams and 7149 stakeholders.

Core capabilities include Employee Relations, Hiring, HRIS, Compliance, Onboarding, Compensation. Proficient with Greenhouse, BambooHR, Slack, ADP. Strong background in process design, stakeholder communication, reporting, and performance optimization. They are passionate about turning business goals into action plans that deliver measurable results in fast-moving environments."
hr_specialist_088,Scarlett Nguyen,HR Specialist,Talent Acquisition Specialist,5,"Scarlett Nguyen is a Talent Acquisition Specialist with 5 years of experience helping organizations improve human resources. At Lakeview Health, they partnered with business stakeholders to design and execute solutions that improved performance, workflow, and customer outcomes. drove measurable impact across product, delivery, and customer experience. led strategic initiatives impacting 8 teams and 7417 stakeholders. 5 years of experience delivering human resources across enterprise clients and remote-first teams.

Core capabilities include Compliance, Performance Management, Hiring, Compensation, HRIS, Onboarding. Proficient with BambooHR, Workday, Greenhouse, Slack. Strong background in process design, stakeholder communication, reporting, and performance optimization. They are passionate about turning business goals into action plans that deliver measurable results in fast-moving environments."
hr_specialist_089,Sebastian Walker,HR Specialist,People Operations Manager,2,"Sebastian Walker is a People Operations Manager with 2 years of experience helping organizations improve recruitment. At BluePeak Solutions, they partnered with business stakeholders to design and execute solutions that improved performance, workflow, and customer outcomes. improved operational efficiency by 43%. drove measurable impact across product, delivery, and customer experience. 2 years of experience delivering recruitment across regional partners and enterprise clients.

Core capabilities include Performance Management, Compliance, Compensation, Employee Relations, HRIS, Hiring. Proficient with Greenhouse, Slack, Zoom, ADP. Strong background in process design, stakeholder communication, reporting, and performance optimization. They are passionate about turning business goals into action plans that deliver measurable results in fast-moving environments."
hr_specialist_090,Mason Moore,HR Specialist,People Operations Manager,12,"Mason Moore is a People Operations Manager with 12 years of experience helping organizations improve recruitment. At Nova Metrics, they partnered with business stakeholders to design and execute solutions that improved performance, workflow, and customer outcomes. drove measurable impact across product, delivery, and customer experience. 12 years of experience delivering recruitment across remote-first teams and startup stakeholders. improved operational efficiency by 31%.

Core capabilities include Onboarding, Performance Management, Compliance, Hiring, HRIS, Employee Relations. Proficient with Greenhouse, Workday, Zoom, ADP. Strong background in process design, stakeholder communication, reporting, and performance optimization. They are passionate about turning business goals into action plans that deliver measurable results in fast-moving environments."
hr_specialist_091,Mia Moore,HR Specialist,Talent Acquisition Specialist,12,"Mia Moore is a Talent Acquisition Specialist with 12 years of experience helping organizations improve talent. At Validus Capital, they partnered with business stakeholders to design and execute solutions that improved performance, workflow, and customer outcomes. 12 years of experience delivering talent across cross-functional teams and remote-first teams. improved operational efficiency by 30%. drove measurable impact across product, delivery, and customer experience.

Core capabilities include Onboarding, Hiring, Compliance, Compensation, Recruitment, HRIS. Proficient with ADP, Greenhouse, BambooHR, Slack. Strong background in process design, stakeholder communication, reporting, and performance optimization. They are passionate about turning business goals into action plans that deliver measurable results in fast-moving environments."
hr_specialist_092,Leo Jackson,HR Specialist,Talent Acquisition Specialist,6,"Leo Jackson is a Talent Acquisition Specialist with 6 years of experience helping organizations improve employee. At Signal Forge, they partnered with business stakeholders to design and execute solutions that improved performance, workflow, and customer outcomes. drove measurable impact across product, delivery, and customer experience. 6 years of experience delivering employee across cross-functional teams and startup stakeholders. improved operational efficiency by 57%.

Core capabilities include Recruitment, Compliance, Employee Relations, Hiring, Onboarding, Performance Management. Proficient with Slack, Zoom, Greenhouse, ADP. Strong background in process design, stakeholder communication, reporting, and performance optimization. They are passionate about turning business goals into action plans that deliver measurable results in fast-moving environments."
hr_specialist_093,Noah Smith,HR Specialist,HR Specialist,5,"Noah Smith is a HR Specialist with 5 years of experience helping organizations improve human resources. At Harbor Analytics, they partnered with business stakeholders to design and execute solutions that improved performance, workflow, and customer outcomes. led strategic initiatives impacting 8 teams and 12654 stakeholders. drove measurable impact across product, delivery, and customer experience. improved operational efficiency by 23%.

Core capabilities include HRIS, Compliance, Onboarding, Employee Relations, Compensation, Hiring. Proficient with BambooHR, Workday, ADP, Zoom. Strong background in process design, stakeholder communication, reporting, and performance optimization. They are passionate about turning business goals into action plans that deliver measurable results in fast-moving environments."
hr_specialist_094,Ethan Young,HR Specialist,HR Specialist,11,"Ethan Young is a HR Specialist with 11 years of experience helping organizations improve human resources. At Summit Works, they partnered with business stakeholders to design and execute solutions that improved performance, workflow, and customer outcomes. led strategic initiatives impacting 7 teams and 2374 stakeholders. improved operational efficiency by 64%. drove measurable impact across product, delivery, and customer experience.

Core capabilities include HRIS, Performance Management, Recruitment, Employee Relations, Hiring, Compensation. Proficient with Greenhouse, ADP, BambooHR, Workday. Strong background in process design, stakeholder communication, reporting, and performance optimization. They are passionate about turning business goals into action plans that deliver measurable results in fast-moving environments."
hr_specialist_095,Olivia Thomas,HR Specialist,People Operations Manager,8,"Olivia Thomas is a People Operations Manager with 8 years of experience helping organizations improve hiring. At BrightPath Group, they partnered with business stakeholders to design and execute solutions that improved performance, workflow, and customer outcomes. improved operational efficiency by 56%. drove measurable impact across product, delivery, and customer experience. led strategic initiatives impacting 21 teams and 1214 stakeholders.

Core capabilities include Recruitment, Hiring, Employee Relations, Compensation, Compliance, HRIS. Proficient with Slack, Workday, BambooHR, Greenhouse. Strong background in process design, stakeholder communication, reporting, and performance optimization. They are passionate about turning business goals into action plans that deliver measurable results in fast-moving environments."
hr_specialist_096,Jack Harris,HR Specialist,People Operations Manager,13,"Jack Harris is a People Operations Manager with 13 years of experience helping organizations improve talent. At Pioneer Enterprise, they partnered with business stakeholders to design and execute solutions that improved performance, workflow, and customer outcomes. drove measurable impact across product, delivery, and customer experience. led strategic initiatives impacting 6 teams and 2249 stakeholders. 13 years of experience delivering talent across regional partners and remote-first teams.

Core capabilities include Performance Management, Compensation, Onboarding, Hiring, Recruitment, Compliance. Proficient with ADP, Workday, Greenhouse, Zoom. Strong background in process design, stakeholder communication, reporting, and performance optimization. They are passionate about turning business goals into action plans that deliver measurable results in fast-moving environments."
hr_specialist_097,Ethan Walker,HR Specialist,People Operations Manager,14,"Ethan Walker is a People Operations Manager with 14 years of experience helping organizations improve employee. At NorthStar Labs, they partnered with business stakeholders to design and execute solutions that improved performance, workflow, and customer outcomes. improved operational efficiency by 66%. drove measurable impact across product, delivery, and customer experience. 14 years of experience delivering employee across regional partners and cross-functional teams.

Core capabilities include Performance Management, Recruitment, Hiring, Onboarding, Employee Relations, Compliance. Proficient with ADP, Slack, Zoom, Greenhouse. Strong background in process design, stakeholder communication, reporting, and performance optimization. They are passionate about turning business goals into action plans that deliver measurable results in fast-moving environments."
hr_specialist_098,Benjamin Scott,HR Specialist,People Operations Manager,10,"Benjamin Scott is a People Operations Manager with 10 years of experience helping organizations improve human resources. At Summit Works, they partnered with business stakeholders to design and execute solutions that improved performance, workflow, and customer outcomes. 10 years of experience delivering human resources across remote-first teams and cross-functional teams. improved operational efficiency by 51%. led strategic initiatives impacting 22 teams and 7672 stakeholders.

Core capabilities include Employee Relations, Hiring, HRIS, Onboarding, Performance Management, Compliance. Proficient with ADP, Workday, Slack, Greenhouse. Strong background in process design, stakeholder communication, reporting, and performance optimization. They are passionate about turning business goals into action plans that deliver measurable results in fast-moving environments."
hr_specialist_099,Jack Garcia,HR Specialist,Talent Acquisition Specialist,8,"Jack Garcia is a Talent Acquisition Specialist with 8 years of experience helping organizations improve talent. At Summit Works, they partnered with business stakeholders to design and execute solutions that improved performance, workflow, and customer outcomes. led strategic initiatives impacting 11 teams and 6919 stakeholders. improved operational efficiency by 51%. 8 years of experience delivering talent across cross-functional teams and enterprise clients.

Core capabilities include Compliance, Hiring, Compensation, Recruitment, Performance Management, HRIS. Proficient with Zoom, Greenhouse, ADP, Workday. Strong background in process design, stakeholder communication, reporting, and performance optimization. They are passionate about turning business goals into action plans that deliver measurable results in fast-moving environments."
healthcare_administrator_000,Lucas Moore,Healthcare Administrator,Healthcare Administrator,12,"Lucas Moore is a Healthcare Administrator with 12 years of experience helping organizations improve operations. At Summit Works, they partnered with business stakeholders to design and execute solutions that improved performance, workflow, and customer outcomes. led strategic initiatives impacting 23 teams and 2782 stakeholders. drove measurable impact across product, delivery, and customer experience. improved operational efficiency by 45%.

Core capabilities include Patient Experience, Clinical Workflow, EMR, Vendor Coordination, Compliance, Healthcare Operations. Proficient with Cerner, Power BI, Meditech, Microsoft Teams. Strong background in process design, stakeholder communication, reporting, and performance optimization. They are passionate about turning business goals into action plans that deliver measurable results in fast-moving environments."
healthcare_administrator_001,Alexander Young,Healthcare Administrator,Healthcare Program Manager,4,"Alexander Young is a Healthcare Program Manager with 4 years of experience helping organizations improve care. At CloudBridge, they partnered with business stakeholders to design and execute solutions that improved performance, workflow, and customer outcomes. improved operational efficiency by 37%. led strategic initiatives impacting 12 teams and 8813 stakeholders. 4 years of experience delivering care across cross-functional teams and remote-first teams.

Core capabilities include Healthcare Operations, Quality Improvement, Clinical Workflow, EMR, Compliance, Vendor Coordination. Proficient with Cerner, Power BI, Epic, Meditech. Strong background in process design, stakeholder communication, reporting, and performance optimization. They are passionate about turning business goals into action plans that deliver measurable results in fast-moving environments."
healthcare_administrator_002,Benjamin Garcia,Healthcare Administrator,Healthcare Program Manager,7,"Benjamin Garcia is a Healthcare Program Manager with 7 years of experience helping organizations improve care. At Pioneer Enterprise, they partnered with business stakeholders to design and execute solutions that improved performance, workflow, and customer outcomes. improved operational efficiency by 36%. 7 years of experience delivering care across regional partners and enterprise clients. led strategic initiatives impacting 14 teams and 10405 stakeholders.

Core capabilities include Patient Experience, Compliance, Policy Management, Clinical Workflow, Healthcare Operations, Quality Improvement. Proficient with Microsoft Teams, Epic, Meditech, Power BI. Strong background in process design, stakeholder communication, reporting, and performance optimization. They are passionate about turning business goals into action plans that deliver measurable results in fast-moving environments."
healthcare_administrator_003,Evelyn Allen,Healthcare Administrator,Healthcare Administrator,8,"Evelyn Allen is a Healthcare Administrator with 8 years of experience helping organizations improve medical. At EchoWorks, they partnered with business stakeholders to design and execute solutions that improved performance, workflow, and customer outcomes. led strategic initiatives impacting 16 teams and 10490 stakeholders. drove measurable impact across product, delivery, and customer experience. 8 years of experience delivering medical across remote-first teams and cross-functional teams.

Core capabilities include Policy Management, Vendor Coordination, Quality Improvement, EMR, Healthcare Operations, Clinical Workflow. Proficient with Power BI, Meditech, Excel, Epic. Strong background in process design, stakeholder communication, reporting, and performance optimization. They are passionate about turning business goals into action plans that deliver measurable results in fast-moving environments."
healthcare_administrator_004,Mason Davis,Healthcare Administrator,Healthcare Program Manager,3,"Mason Davis is a Healthcare Program Manager with 3 years of experience helping organizations improve patient. At Crestline Partners, they partnered with business stakeholders to design and execute solutions that improved performance, workflow, and customer outcomes. 3 years of experience delivering patient across cross-functional teams and startup stakeholders. improved operational efficiency by 43%. led strategic initiatives impacting 23 teams and 10172 stakeholders.

Core capabilities include Compliance, Policy Management, Quality Improvement, Clinical Workflow, Patient Experience, Vendor Coordination. Proficient with Cerner, Epic, Microsoft Teams, Meditech. Strong background in process design, stakeholder communication, reporting, and performance optimization. They are passionate about turning business goals into action plans that deliver measurable results in fast-moving environments."
healthcare_administrator_005,Sebastian Harris,Healthcare Administrator,Healthcare Administrator,8,"Sebastian Harris is a Healthcare Administrator with 8 years of experience helping organizations improve compliance. At Harbor Analytics, they partnered with business stakeholders to design and execute solutions that improved performance, workflow, and customer outcomes. improved operational efficiency by 38%. drove measurable impact across product, delivery, and customer experience. 8 years of experience delivering compliance across regional partners and cross-functional teams.

Core capabilities include Patient Experience, Healthcare Operations, Policy Management, Compliance, EMR, Quality Improvement. Proficient with Microsoft Teams, Cerner, Power BI, Excel. Strong background in process design, stakeholder communication, reporting, and performance optimization. They are passionate about turning business goals into action plans that deliver measurable results in fast-moving environments."
healthcare_administrator_006,Sebastian Patel,Healthcare Administrator,Clinical Operations Manager,2,"Sebastian Patel is a Clinical Operations Manager with 2 years of experience helping organizations improve patient. At PrimeCore, they partnered with business stakeholders to design and execute solutions that improved performance, workflow, and customer outcomes. led strategic initiatives impacting 13 teams and 2531 stakeholders. drove measurable impact across product, delivery, and customer experience. improved operational efficiency by 45%.

Core capabilities include Policy Management, EMR, Compliance, Patient Experience, Healthcare Operations, Quality Improvement. Proficient with Epic, Meditech, Cerner, Excel. Strong background in process design, stakeholder communication, reporting, and performance optimization. They are passionate about turning business goals into action plans that deliver measurable results in fast-moving environments."
healthcare_administrator_007,Isabella Jackson,Healthcare Administrator,Healthcare Program Manager,3,"Isabella Jackson is a Healthcare Program Manager with 3 years of experience helping organizations improve medical. At Signal Forge, they partnered with business stakeholders to design and execute solutions that improved performance, workflow, and customer outcomes. improved operational efficiency by 66%. led strategic initiatives impacting 8 teams and 5127 stakeholders. drove measurable impact across product, delivery, and customer experience.

Core capabilities include Healthcare Operations, Compliance, Quality Improvement, Vendor Coordination, EMR, Policy Management. Proficient with Microsoft Teams, Cerner, Meditech, Power BI. Strong background in process design, stakeholder communication, reporting, and performance optimization. They are passionate about turning business goals into action plans that deliver measurable results in fast-moving environments."
healthcare_administrator_008,Aria Brown,Healthcare Administrator,Healthcare Administrator,11,"Aria Brown is a Healthcare Administrator with 11 years of experience helping organizations improve medical. At NorthStar Labs, they partnered with business stakeholders to design and execute solutions that improved performance, workflow, and customer outcomes. 11 years of experience delivering medical across regional partners and startup stakeholders. led strategic initiatives impacting 17 teams and 7378 stakeholders. drove measurable impact across product, delivery, and customer experience.

Core capabilities include Quality Improvement, Policy Management, Vendor Coordination, Clinical Workflow, Compliance, Healthcare Operations. Proficient with Cerner, Excel, Microsoft Teams, Epic. Strong background in process design, stakeholder communication, reporting, and performance optimization. They are passionate about turning business goals into action plans that deliver measurable results in fast-moving environments."
healthcare_administrator_009,Ella Walker,Healthcare Administrator,Healthcare Administrator,3,"Ella Walker is a Healthcare Administrator with 3 years of experience helping organizations improve healthcare. At Evergreen Consulting, they partnered with business stakeholders to design and execute solutions that improved performance, workflow, and customer outcomes. drove measurable impact across product, delivery, and customer experience. 3 years of experience delivering healthcare across enterprise clients and remote-first teams. improved operational efficiency by 58%.

Core capabilities include Healthcare Operations, Policy Management, Quality Improvement, Clinical Workflow, Compliance, Vendor Coordination. Proficient with Epic, Excel, Microsoft Teams, Power BI. Strong background in process design, stakeholder communication, reporting, and performance optimization. They are passionate about turning business goals into action plans that deliver measurable results in fast-moving environments."
healthcare_administrator_010,Grace Johnson,Healthcare Administrator,Healthcare Program Manager,10,"Grace Johnson is a Healthcare Program Manager with 10 years of experience helping organizations improve clinical. At NorthStar Labs, they partnered with business stakeholders to design and execute solutions that improved performance, workflow, and customer outcomes. led strategic initiatives impacting 24 teams and 5612 stakeholders. 10 years of experience delivering clinical across startup stakeholders and regional partners. drove measurable impact across product, delivery, and customer experience.

Core capabilities include Vendor Coordination, EMR, Healthcare Operations, Patient Experience, Compliance, Clinical Workflow. Proficient with Power BI, Cerner, Microsoft Teams, Meditech. Strong background in process design, stakeholder communication, reporting, and performance optimization. They are passionate about turning business goals into action plans that deliver measurable results in fast-moving environments."
healthcare_administrator_011,Chloe Brown,Healthcare Administrator,Healthcare Program Manager,8,"Chloe Brown is a Healthcare Program Manager with 8 years of experience helping organizations improve medical. At Greenline Ventures, they partnered with business stakeholders to design and execute solutions that improved performance, workflow, and customer outcomes. 8 years of experience delivering medical across startup stakeholders and regional partners. improved operational efficiency by 21%. led strategic initiatives impacting 10 teams and 10263 stakeholders.

Core capabilities include Policy Management, EMR, Patient Experience, Quality Improvement, Vendor Coordination, Healthcare Operations. Proficient with Epic, Meditech, Microsoft Teams, Power BI. Strong background in process design, stakeholder communication, reporting, and performance optimization. They are passionate about turning business goals into action plans that deliver measurable results in fast-moving environments."
healthcare_administrator_012,Samuel Walker,Healthcare Administrator,Healthcare Program Manager,10,"Samuel Walker is a Healthcare Program Manager with 10 years of experience helping organizations improve patient. At Mercury Systems, they partnered with business stakeholders to design and execute solutions that improved performance, workflow, and customer outcomes. 10 years of experience delivering patient across cross-functional teams and remote-first teams. improved operational efficiency by 43%. led strategic initiatives impacting 8 teams and 8654 stakeholders.

Core capabilities include Patient Experience, Vendor Coordination, Policy Management, EMR, Healthcare Operations, Compliance. Proficient with Epic, Cerner, Power BI, Meditech. Strong background in process design, stakeholder communication, reporting, and performance optimization. They are passionate about turning business goals into action plans that deliver measurable results in fast-moving environments."
healthcare_administrator_013,Benjamin Johnson,Healthcare Administrator,Healthcare Program Manager,3,"Benjamin Johnson is a Healthcare Program Manager with 3 years of experience helping organizations improve healthcare. At CloudBridge, they partnered with business stakeholders to design and execute solutions that improved performance, workflow, and customer outcomes. improved operational efficiency by 42%. led strategic initiatives impacting 8 teams and 4119 stakeholders. 3 years of experience delivering healthcare across startup stakeholders and remote-first teams.

Core capabilities include Clinical Workflow, Compliance, Healthcare Operations, Policy Management, Patient Experience, EMR. Proficient with Cerner, Meditech, Power BI, Epic. Strong background in process design, stakeholder communication, reporting, and performance optimization. They are passionate about turning business goals into action plans that deliver measurable results in fast-moving environments."
healthcare_administrator_014,Aria Smith,Healthcare Administrator,Clinical Operations Manager,6,"Aria Smith is a Clinical Operations Manager with 6 years of experience helping organizations improve care. At Summit Works, they partnered with business stakeholders to design and execute solutions that improved performance, workflow, and customer outcomes. improved operational efficiency by 35%. led strategic initiatives impacting 14 teams and 1866 stakeholders. 6 years of experience delivering care across enterprise clients and startup stakeholders.

Core capabilities include Compliance, EMR, Patient Experience, Quality Improvement, Clinical Workflow, Vendor Coordination. Proficient with Cerner, Excel, Power BI, Meditech. Strong background in process design, stakeholder communication, reporting, and performance optimization. They are passionate about turning business goals into action plans that deliver measurable results in fast-moving environments."
healthcare_administrator_015,Evelyn Kim,Healthcare Administrator,Clinical Operations Manager,9,"Evelyn Kim is a Clinical Operations Manager with 9 years of experience helping organizations improve care. At Lakeview Health, they partnered with business stakeholders to design and execute solutions that improved performance, workflow, and customer outcomes. drove measurable impact across product, delivery, and customer experience. led strategic initiatives impacting 25 teams and 4168 stakeholders. improved operational efficiency by 24%.

Core capabilities include Patient Experience, Vendor Coordination, Healthcare Operations, EMR, Policy Management, Compliance. Proficient with Epic, Microsoft Teams, Cerner, Power BI. Strong background in process design, stakeholder communication, reporting, and performance optimization. They are passionate about turning business goals into action plans that deliver measurable results in fast-moving environments."
healthcare_administrator_016,Charlotte Allen,Healthcare Administrator,Healthcare Program Manager,7,"Charlotte Allen is a Healthcare Program Manager with 7 years of experience helping organizations improve compliance. At EchoWorks, they partnered with business stakeholders to design and execute solutions that improved performance, workflow, and customer outcomes. improved operational efficiency by 44%. drove measurable impact across product, delivery, and customer experience. led strategic initiatives impacting 5 teams and 6545 stakeholders.

Core capabilities include Vendor Coordination, Policy Management, EMR, Quality Improvement, Healthcare Operations, Compliance. Proficient with Excel, Cerner, Meditech, Epic. Strong background in process design, stakeholder communication, reporting, and performance optimization. They are passionate about turning business goals into action plans that deliver measurable results in fast-moving environments."
healthcare_administrator_017,Lucas Harris,Healthcare Administrator,Healthcare Program Manager,11,"Lucas Harris is a Healthcare Program Manager with 11 years of experience helping organizations improve care. At Harbor Analytics, they partnered with business stakeholders to design and execute solutions that improved performance, workflow, and customer outcomes. 11 years of experience delivering care across startup stakeholders and cross-functional teams. improved operational efficiency by 68%. led strategic initiatives impacting 5 teams and 6981 stakeholders.

Core capabilities include Policy Management, Healthcare Operations, EMR, Compliance, Vendor Coordination, Patient Experience. Proficient with Microsoft Teams, Epic, Excel, Cerner. Strong background in process design, stakeholder communication, reporting, and performance optimization. They are passionate about turning business goals into action plans that deliver measurable results in fast-moving environments."
healthcare_administrator_018,Liam Johnson,Healthcare Administrator,Healthcare Administrator,5,"Liam Johnson is a Healthcare Administrator with 5 years of experience helping organizations improve compliance. At Validus Capital, they partnered with business stakeholders to design and execute solutions that improved performance, workflow, and customer outcomes. improved operational efficiency by 61%. drove measurable impact across product, delivery, and customer experience. 5 years of experience delivering compliance across startup stakeholders and enterprise clients.

Core capabilities include EMR, Clinical Workflow, Vendor Coordination, Patient Experience, Compliance, Quality Improvement. Proficient with Microsoft Teams, Power BI, Epic, Cerner. Strong background in process design, stakeholder communication, reporting, and performance optimization. They are passionate about turning business goals into action plans that deliver measurable results in fast-moving environments."
healthcare_administrator_019,Michael Johnson,Healthcare Administrator,Healthcare Administrator,11,"Michael Johnson is a Healthcare Administrator with 11 years of experience helping organizations improve clinical. At Oak & Pine, they partnered with business stakeholders to design and execute solutions that improved performance, workflow, and customer outcomes. improved operational efficiency by 68%. 11 years of experience delivering clinical across regional partners and remote-first teams. drove measurable impact across product, delivery, and customer experience.

Core capabilities include EMR, Quality Improvement, Healthcare Operations, Vendor Coordination, Compliance, Clinical Workflow. Proficient with Meditech, Microsoft Teams, Power BI, Epic. Strong background in process design, stakeholder communication, reporting, and performance optimization. They are passionate about turning business goals into action plans that deliver measurable results in fast-moving environments."
healthcare_administrator_020,Jack Nguyen,Healthcare Administrator,Healthcare Program Manager,13,"Jack Nguyen is a Healthcare Program Manager with 13 years of experience helping organizations improve compliance. At Signal Forge, they partnered with business stakeholders to design and execute solutions that improved performance, workflow, and customer outcomes. drove measurable impact across product, delivery, and customer experience. improved operational efficiency by 59%. led strategic initiatives impacting 7 teams and 5645 stakeholders.

Core capabilities include Healthcare Operations, EMR, Quality Improvement, Vendor Coordination, Clinical Workflow, Policy Management. Proficient with Power BI, Cerner, Microsoft Teams, Excel. Strong background in process design, stakeholder communication, reporting, and performance optimization. They are passionate about turning business goals into action plans that deliver measurable results in fast-moving environments."
healthcare_administrator_021,Mia Thomas,Healthcare Administrator,Healthcare Administrator,7,"Mia Thomas is a Healthcare Administrator with 7 years of experience helping organizations improve clinical. At Horizon One, they partnered with business stakeholders to design and execute solutions that improved performance, workflow, and customer outcomes. 7 years of experience delivering clinical across startup stakeholders and remote-first teams. drove measurable impact across product, delivery, and customer experience. improved operational efficiency by 42%.

Core capabilities include Healthcare Operations, Quality Improvement, Vendor Coordination, EMR, Policy Management, Patient Experience. Proficient with Cerner, Meditech, Microsoft Teams, Epic. Strong background in process design, stakeholder communication, reporting, and performance optimization. They are passionate about turning business goals into action plans that deliver measurable results in fast-moving environments."
healthcare_administrator_022,Joseph Scott,Healthcare Administrator,Healthcare Program Manager,9,"Joseph Scott is a Healthcare Program Manager with 9 years of experience helping organizations improve operations. At EchoWorks, they partnered with business stakeholders to design and execute solutions that improved performance, workflow, and customer outcomes. drove measurable impact across product, delivery, and customer experience. led strategic initiatives impacting 6 teams and 13952 stakeholders. 9 years of experience delivering operations across regional partners and cross-functional teams.

Core capabilities include Clinical Workflow, Policy Management, Quality Improvement, EMR, Healthcare Operations, Vendor Coordination. Proficient with Excel, Cerner, Meditech, Microsoft Teams. Strong background in process design, stakeholder communication, reporting, and performance optimization. They are passionate about turning business goals into action plans that deliver measurable results in fast-moving environments."
healthcare_administrator_023,Samuel Johnson,Healthcare Administrator,Healthcare Program Manager,12,"Samuel Johnson is a Healthcare Program Manager with 12 years of experience helping organizations improve medical. At Horizon One, they partnered with business stakeholders to design and execute solutions that improved performance, workflow, and customer outcomes. 12 years of experience delivering medical across remote-first teams and startup stakeholders. led strategic initiatives impacting 6 teams and 1501 stakeholders. improved operational efficiency by 54%.

Core capabilities include Healthcare Operations, Clinical Workflow, Compliance, Policy Management, EMR, Quality Improvement. Proficient with Power BI, Excel, Meditech, Microsoft Teams. Strong background in process design, stakeholder communication, reporting, and performance optimization. They are passionate about turning business goals into action plans that deliver measurable results in fast-moving environments."
healthcare_administrator_024,Aria Johnson,Healthcare Administrator,Healthcare Program Manager,7,"Aria Johnson is a Healthcare Program Manager with 7 years of experience helping organizations improve medical. At Pioneer Enterprise, they partnered with business stakeholders to design and execute solutions that improved performance, workflow, and customer outcomes. improved operational efficiency by 29%. drove measurable impact across product, delivery, and customer experience. led strategic initiatives impacting 25 teams and 5040 stakeholders.

Core capabilities include EMR, Clinical Workflow, Policy Management, Patient Experience, Healthcare Operations, Quality Improvement. Proficient with Meditech, Excel, Cerner, Epic. Strong background in process design, stakeholder communication, reporting, and performance optimization. They are passionate about turning business goals into action plans that deliver measurable results in fast-moving environments."
healthcare_administrator_025,Samuel Garcia,Healthcare Administrator,Healthcare Administrator,10,"Samuel Garcia is a Healthcare Administrator with 10 years of experience helping organizations improve care. At Signal Forge, they partnered with business stakeholders to design and execute solutions that improved performance, workflow, and customer outcomes. improved operational efficiency by 39%. led strategic initiatives impacting 17 teams and 3747 stakeholders. 10 years of experience delivering care across startup stakeholders and cross-functional teams.

Core capabilities include Patient Experience, Clinical Workflow, Healthcare Operations, Vendor Coordination, Policy Management, Compliance. Proficient with Microsoft Teams, Power BI, Cerner, Meditech. Strong background in process design, stakeholder communication, reporting, and performance optimization. They are passionate about turning business goals into action plans that deliver measurable results in fast-moving environments."
healthcare_administrator_026,Harper Davis,Healthcare Administrator,Healthcare Program Manager,11,"Harper Davis is a Healthcare Program Manager with 11 years of experience helping organizations improve medical. At NorthStar Labs, they partnered with business stakeholders to design and execute solutions that improved performance, workflow, and customer outcomes. 11 years of experience delivering medical across startup stakeholders and remote-first teams. drove measurable impact across product, delivery, and customer experience. improved operational efficiency by 42%.

Core capabilities include EMR, Compliance, Patient Experience, Quality Improvement, Policy Management, Clinical Workflow. Proficient with Microsoft Teams, Excel, Power BI, Cerner. Strong background in process design, stakeholder communication, reporting, and performance optimization. They are passionate about turning business goals into action plans that deliver measurable results in fast-moving environments."
healthcare_administrator_027,Joseph Smith,Healthcare Administrator,Clinical Operations Manager,5,"Joseph Smith is a Clinical Operations Manager with 5 years of experience helping organizations improve healthcare. At Greenline Ventures, they partnered with business stakeholders to design and execute solutions that improved performance, workflow, and customer outcomes. drove measurable impact across product, delivery, and customer experience. led strategic initiatives impacting 6 teams and 4262 stakeholders. 5 years of experience delivering healthcare across regional partners and startup stakeholders.

Core capabilities include Healthcare Operations, Clinical Workflow, EMR, Quality Improvement, Compliance, Policy Management. Proficient with Meditech, Microsoft Teams, Epic, Excel. Strong background in process design, stakeholder communication, reporting, and performance optimization. They are passionate about turning business goals into action plans that deliver measurable results in fast-moving environments."
healthcare_administrator_028,Henry Nguyen,Healthcare Administrator,Healthcare Administrator,7,"Henry Nguyen is a Healthcare Administrator with 7 years of experience helping organizations improve clinical. At BrightPath Group, they partnered with business stakeholders to design and execute solutions that improved performance, workflow, and customer outcomes. led strategic initiatives impacting 24 teams and 4513 stakeholders. improved operational efficiency by 41%. 7 years of experience delivering clinical across cross-functional teams and regional partners.

Core capabilities include Policy Management, Clinical Workflow, Compliance, Vendor Coordination, Quality Improvement, Patient Experience. Proficient with Epic, Power BI, Meditech, Microsoft Teams. Strong background in process design, stakeholder communication, reporting, and performance optimization. They are passionate about turning business goals into action plans that deliver measurable results in fast-moving environments."
healthcare_administrator_029,Elijah Jackson,Healthcare Administrator,Clinical Operations Manager,7,"Elijah Jackson is a Clinical Operations Manager with 7 years of experience helping organizations improve healthcare. At CloudBridge, they partnered with business stakeholders to design and execute solutions that improved performance, workflow, and customer outcomes. led strategic initiatives impacting 23 teams and 9580 stakeholders. drove measurable impact across product, delivery, and customer experience. 7 years of experience delivering healthcare across startup stakeholders and enterprise clients.

Core capabilities include Compliance, Quality Improvement, Clinical Workflow, Patient Experience, Vendor Coordination, Policy Management. Proficient with Epic, Microsoft Teams, Power BI, Meditech. Strong background in process design, stakeholder communication, reporting, and performance optimization. They are passionate about turning business goals into action plans that deliver measurable results in fast-moving environments."
healthcare_administrator_030,Avery Brown,Healthcare Administrator,Clinical Operations Manager,2,"Avery Brown is a Clinical Operations Manager with 2 years of experience helping organizations improve patient. At Oak & Pine, they partnered with business stakeholders to design and execute solutions that improved performance, workflow, and customer outcomes. led strategic initiatives impacting 23 teams and 9297 stakeholders. improved operational efficiency by 38%. drove measurable impact across product, delivery, and customer experience.

Core capabilities include EMR, Patient Experience, Policy Management, Quality Improvement, Clinical Workflow, Vendor Coordination. Proficient with Cerner, Microsoft Teams, Power BI, Excel. Strong background in process design, stakeholder communication, reporting, and performance optimization. They are passionate about turning business goals into action plans that deliver measurable results in fast-moving environments."
healthcare_administrator_031,Henry Smith,Healthcare Administrator,Healthcare Administrator,4,"Henry Smith is a Healthcare Administrator with 4 years of experience helping organizations improve operations. At Horizon One, they partnered with business stakeholders to design and execute solutions that improved performance, workflow, and customer outcomes. 4 years of experience delivering operations across remote-first teams and cross-functional teams. led strategic initiatives impacting 9 teams and 5989 stakeholders. improved operational efficiency by 50%.

Core capabilities include EMR, Quality Improvement, Clinical Workflow, Vendor Coordination, Policy Management, Healthcare Operations. Proficient with Meditech, Excel, Power BI, Cerner. Strong background in process design, stakeholder communication, reporting, and performance optimization. They are passionate about turning business goals into action plans that deliver measurable results in fast-moving environments."
healthcare_administrator_032,Jack Patel,Healthcare Administrator,Healthcare Administrator,2,"Jack Patel is a Healthcare Administrator with 2 years of experience helping organizations improve healthcare. At Nova Metrics, they partnered with business stakeholders to design and execute solutions that improved performance, workflow, and customer outcomes. 2 years of experience delivering healthcare across enterprise clients and remote-first teams. improved operational efficiency by 38%. drove measurable impact across product, delivery, and customer experience.

Core capabilities include Compliance, Patient Experience, Clinical Workflow, EMR, Policy Management, Quality Improvement. Proficient with Microsoft Teams, Cerner, Epic, Excel. Strong background in process design, stakeholder communication, reporting, and performance optimization. They are passionate about turning business goals into action plans that deliver measurable results in fast-moving environments."
healthcare_administrator_033,Scarlett Nguyen,Healthcare Administrator,Healthcare Program Manager,5,"Scarlett Nguyen is a Healthcare Program Manager with 5 years of experience helping organizations improve compliance. At PrimeCore, they partnered with business stakeholders to design and execute solutions that improved performance, workflow, and customer outcomes. improved operational efficiency by 27%. led strategic initiatives impacting 20 teams and 14932 stakeholders. drove measurable impact across product, delivery, and customer experience.

Core capabilities include Policy Management, Quality Improvement, EMR, Patient Experience, Compliance, Vendor Coordination. Proficient with Power BI, Microsoft Teams, Excel, Cerner. Strong background in process design, stakeholder communication, reporting, and performance optimization. They are passionate about turning business goals into action plans that deliver measurable results in fast-moving environments."
healthcare_administrator_034,Chloe Smith,Healthcare Administrator,Healthcare Program Manager,8,"Chloe Smith is a Healthcare Program Manager with 8 years of experience helping organizations improve clinical. At BluePeak Solutions, they partnered with business stakeholders to design and execute solutions that improved performance, workflow, and customer outcomes. 8 years of experience delivering clinical across cross-functional teams and enterprise clients. led strategic initiatives impacting 9 teams and 4119 stakeholders. drove measurable impact across product, delivery, and customer experience.

Core capabilities include Compliance, Patient Experience, Clinical Workflow, Quality Improvement, Policy Management, Healthcare Operations. Proficient with Power BI, Cerner, Epic, Microsoft Teams. Strong background in process design, stakeholder communication, reporting, and performance optimization. They are passionate about turning business goals into action plans that deliver measurable results in fast-moving environments."
healthcare_administrator_035,Avery Brown,Healthcare Administrator,Healthcare Program Manager,2,"Avery Brown is a Healthcare Program Manager with 2 years of experience helping organizations improve compliance. At Evergreen Consulting, they partnered with business stakeholders to design and execute solutions that improved performance, workflow, and customer outcomes. drove measurable impact across product, delivery, and customer experience. 2 years of experience delivering compliance across startup stakeholders and cross-functional teams. led strategic initiatives impacting 22 teams and 8588 stakeholders.

Core capabilities include Quality Improvement, Vendor Coordination, Compliance, EMR, Healthcare Operations, Clinical Workflow. Proficient with Epic, Microsoft Teams, Cerner, Excel. Strong background in process design, stakeholder communication, reporting, and performance optimization. They are passionate about turning business goals into action plans that deliver measurable results in fast-moving environments."
healthcare_administrator_036,Scarlett Moore,Healthcare Administrator,Healthcare Program Manager,13,"Scarlett Moore is a Healthcare Program Manager with 13 years of experience helping organizations improve healthcare. At Evergreen Consulting, they partnered with business stakeholders to design and execute solutions that improved performance, workflow, and customer outcomes. 13 years of experience delivering healthcare across startup stakeholders and cross-functional teams. improved operational efficiency by 42%. led strategic initiatives impacting 9 teams and 10358 stakeholders.

Core capabilities include Vendor Coordination, Patient Experience, Policy Management, Clinical Workflow, Healthcare Operations, EMR. Proficient with Power BI, Microsoft Teams, Meditech, Excel. Strong background in process design, stakeholder communication, reporting, and performance optimization. They are passionate about turning business goals into action plans that deliver measurable results in fast-moving environments."
healthcare_administrator_037,Isaac Martin,Healthcare Administrator,Healthcare Program Manager,14,"Isaac Martin is a Healthcare Program Manager with 14 years of experience helping organizations improve medical. At Mercury Systems, they partnered with business stakeholders to design and execute solutions that improved performance, workflow, and customer outcomes. 14 years of experience delivering medical across startup stakeholders and enterprise clients. improved operational efficiency by 59%. led strategic initiatives impacting 20 teams and 3876 stakeholders.

Core capabilities include Vendor Coordination, Healthcare Operations, EMR, Quality Improvement, Patient Experience, Clinical Workflow. Proficient with Epic, Excel, Microsoft Teams, Power BI. Strong background in process design, stakeholder communication, reporting, and performance optimization. They are passionate about turning business goals into action plans that deliver measurable results in fast-moving environments."
healthcare_administrator_038,Amelia Thomas,Healthcare Administrator,Healthcare Program Manager,13,"Amelia Thomas is a Healthcare Program Manager with 13 years of experience helping organizations improve clinical. At Oak & Pine, they partnered with business stakeholders to design and execute solutions that improved performance, workflow, and customer outcomes. drove measurable impact across product, delivery, and customer experience. led strategic initiatives impacting 18 teams and 14097 stakeholders. 13 years of experience delivering clinical across cross-functional teams and enterprise clients.

Core capabilities include Clinical Workflow, Policy Management, Compliance, Vendor Coordination, Patient Experience, EMR. Proficient with Cerner, Meditech, Microsoft Teams, Power BI. Strong background in process design, stakeholder communication, reporting, and performance optimization. They are passionate about turning business goals into action plans that deliver measurable results in fast-moving environments."
healthcare_administrator_039,Leo Garcia,Healthcare Administrator,Healthcare Program Manager,10,"Leo Garcia is a Healthcare Program Manager with 10 years of experience helping organizations improve clinical. At Crestline Partners, they partnered with business stakeholders to design and execute solutions that improved performance, workflow, and customer outcomes. led strategic initiatives impacting 20 teams and 12874 stakeholders. drove measurable impact across product, delivery, and customer experience. improved operational efficiency by 25%.

Core capabilities include Healthcare Operations, Patient Experience, Clinical Workflow, EMR, Policy Management, Quality Improvement. Proficient with Meditech, Cerner, Power BI, Excel. Strong background in process design, stakeholder communication, reporting, and performance optimization. They are passionate about turning business goals into action plans that deliver measurable results in fast-moving environments."
healthcare_administrator_040,Harper Johnson,Healthcare Administrator,Clinical Operations Manager,6,"Harper Johnson is a Clinical Operations Manager with 6 years of experience helping organizations improve clinical. At CloudBridge, they partnered with business stakeholders to design and execute solutions that improved performance, workflow, and customer outcomes. improved operational efficiency by 18%. led strategic initiatives impacting 10 teams and 10355 stakeholders. 6 years of experience delivering clinical across regional partners and startup stakeholders.

Core capabilities include Compliance, Quality Improvement, Clinical Workflow, EMR, Policy Management, Healthcare Operations. Proficient with Excel, Meditech, Epic, Microsoft Teams. Strong background in process design, stakeholder communication, reporting, and performance optimization. They are passionate about turning business goals into action plans that deliver measurable results in fast-moving environments."
healthcare_administrator_041,Charlotte Nguyen,Healthcare Administrator,Clinical Operations Manager,5,"Charlotte Nguyen is a Clinical Operations Manager with 5 years of experience helping organizations improve compliance. At Validus Capital, they partnered with business stakeholders to design and execute solutions that improved performance, workflow, and customer outcomes. 5 years of experience delivering compliance across regional partners and cross-functional teams. led strategic initiatives impacting 9 teams and 1460 stakeholders. improved operational efficiency by 26%.

Core capabilities include Vendor Coordination, Policy Management, Quality Improvement, Healthcare Operations, Compliance, EMR. Proficient with Excel, Power BI, Cerner, Meditech. Strong background in process design, stakeholder communication, reporting, and performance optimization. They are passionate about turning business goals into action plans that deliver measurable results in fast-moving environments."
healthcare_administrator_042,Samuel Nguyen,Healthcare Administrator,Healthcare Program Manager,5,"Samuel Nguyen is a Healthcare Program Manager with 5 years of experience helping organizations improve clinical. At BluePeak Solutions, they partnered with business stakeholders to design and execute solutions that improved performance, workflow, and customer outcomes. led strategic initiatives impacting 12 teams and 11443 stakeholders. 5 years of experience delivering clinical across remote-first teams and regional partners. drove measurable impact across product, delivery, and customer experience.

Core capabilities include Compliance, Vendor Coordination, Clinical Workflow, Quality Improvement, Healthcare Operations, EMR. Proficient with Microsoft Teams, Excel, Meditech, Cerner. Strong background in process design, stakeholder communication, reporting, and performance optimization. They are passionate about turning business goals into action plans that deliver measurable results in fast-moving environments."
healthcare_administrator_043,Amelia Patel,Healthcare Administrator,Clinical Operations Manager,6,"Amelia Patel is a Clinical Operations Manager with 6 years of experience helping organizations improve clinical. At BluePeak Solutions, they partnered with business stakeholders to design and execute solutions that improved performance, workflow, and customer outcomes. improved operational efficiency by 19%. drove measurable impact across product, delivery, and customer experience. led strategic initiatives impacting 9 teams and 11533 stakeholders.

Core capabilities include Policy Management, EMR, Compliance, Quality Improvement, Clinical Workflow, Vendor Coordination. Proficient with Excel, Epic, Power BI, Meditech. Strong background in process design, stakeholder communication, reporting, and performance optimization. They are passionate about turning business goals into action plans that deliver measurable results in fast-moving environments."
healthcare_administrator_044,Lucas Martin,Healthcare Administrator,Clinical Operations Manager,5,"Lucas Martin is a Clinical Operations Manager with 5 years of experience helping organizations improve operations. At Oak & Pine, they partnered with business stakeholders to design and execute solutions that improved performance, workflow, and customer outcomes. 5 years of experience delivering operations across startup stakeholders and enterprise clients. drove measurable impact across product, delivery, and customer experience. led strategic initiatives impacting 23 teams and 9189 stakeholders.

Core capabilities include Quality Improvement, EMR, Policy Management, Vendor Coordination, Patient Experience, Compliance. Proficient with Meditech, Cerner, Epic, Power BI. Strong background in process design, stakeholder communication, reporting, and performance optimization. They are passionate about turning business goals into action plans that deliver measurable results in fast-moving environments."
healthcare_administrator_045,Mason Moore,Healthcare Administrator,Healthcare Administrator,12,"Mason Moore is a Healthcare Administrator with 12 years of experience helping organizations improve clinical. At Nova Metrics, they partnered with business stakeholders to design and execute solutions that improved performance, workflow, and customer outcomes. 12 years of experience delivering clinical across enterprise clients and regional partners. improved operational efficiency by 56%. drove measurable impact across product, delivery, and customer experience.

Core capabilities include Clinical Workflow, Compliance, Patient Experience, EMR, Policy Management, Vendor Coordination. Proficient with Microsoft Teams, Excel, Meditech, Cerner. Strong background in process design, stakeholder communication, reporting, and performance optimization. They are passionate about turning business goals into action plans that deliver measurable results in fast-moving environments."
healthcare_administrator_046,Olivia Brown,Healthcare Administrator,Healthcare Administrator,2,"Olivia Brown is a Healthcare Administrator with 2 years of experience helping organizations improve healthcare. At Crestline Partners, they partnered with business stakeholders to design and execute solutions that improved performance, workflow, and customer outcomes. improved operational efficiency by 45%. drove measurable impact across product, delivery, and customer experience. 2 years of experience delivering healthcare across regional partners and cross-functional teams.

Core capabilities include Compliance, Healthcare Operations, Patient Experience, Clinical Workflow, Policy Management, Vendor Coordination. Proficient with Cerner, Meditech, Microsoft Teams, Epic. Strong background in process design, stakeholder communication, reporting, and performance optimization. They are passionate about turning business goals into action plans that deliver measurable results in fast-moving environments."
healthcare_administrator_047,James Thomas,Healthcare Administrator,Healthcare Program Manager,12,"James Thomas is a Healthcare Program Manager with 12 years of experience helping organizations improve medical. At NorthStar Labs, they partnered with business stakeholders to design and execute solutions that improved performance, workflow, and customer outcomes. drove measurable impact across product, delivery, and customer experience. 12 years of experience delivering medical across regional partners and startup stakeholders. improved operational efficiency by 58%.

Core capabilities include Quality Improvement, Policy Management, Vendor Coordination, Compliance, Patient Experience, Healthcare Operations. Proficient with Cerner, Epic, Meditech, Microsoft Teams. Strong background in process design, stakeholder communication, reporting, and performance optimization. They are passionate about turning business goals into action plans that deliver measurable results in fast-moving environments."
healthcare_administrator_048,Sophia Brown,Healthcare Administrator,Healthcare Program Manager,6,"Sophia Brown is a Healthcare Program Manager with 6 years of experience helping organizations improve operations. At NorthStar Labs, they partnered with business stakeholders to design and execute solutions that improved performance, workflow, and customer outcomes. 6 years of experience delivering operations across cross-functional teams and remote-first teams. led strategic initiatives impacting 23 teams and 9135 stakeholders. drove measurable impact across product, delivery, and customer experience.

Core capabilities include Clinical Workflow, Compliance, Quality Improvement, Patient Experience, Vendor Coordination, EMR. Proficient with Microsoft Teams, Excel, Epic, Power BI. Strong background in process design, stakeholder communication, reporting, and performance optimization. They are passionate about turning business goals into action plans that deliver measurable results in fast-moving environments."
healthcare_administrator_049,David Kim,Healthcare Administrator,Healthcare Administrator,6,"David Kim is a Healthcare Administrator with 6 years of experience helping organizations improve clinical. At Evergreen Consulting, they partnered with business stakeholders to design and execute solutions that improved performance, workflow, and customer outcomes. 6 years of experience delivering clinical across enterprise clients and cross-functional teams. improved operational efficiency by 19%. led strategic initiatives impacting 9 teams and 8894 stakeholders.

Core capabilities include Policy Management, Clinical Workflow, Quality Improvement, Vendor Coordination, EMR, Patient Experience. Proficient with Power BI, Cerner, Meditech, Epic. Strong background in process design, stakeholder communication, reporting, and performance optimization. They are passionate about turning business goals into action plans that deliver measurable results in fast-moving environments."
healthcare_administrator_050,Daniel Scott,Healthcare Administrator,Healthcare Administrator,9,"Daniel Scott is a Healthcare Administrator with 9 years of experience helping organizations improve clinical. At PrimeCore, they partnered with business stakeholders to design and execute solutions that improved performance, workflow, and customer outcomes. drove measurable impact across product, delivery, and customer experience. led strategic initiatives impacting 9 teams and 3072 stakeholders. 9 years of experience delivering clinical across enterprise clients and startup stakeholders.

Core capabilities include Vendor Coordination, Clinical Workflow, Compliance, Patient Experience, EMR, Quality Improvement. Proficient with Microsoft Teams, Epic, Excel, Cerner. Strong background in process design, stakeholder communication, reporting, and performance optimization. They are passionate about turning business goals into action plans that deliver measurable results in fast-moving environments."
healthcare_administrator_051,Jack Davis,Healthcare Administrator,Clinical Operations Manager,4,"Jack Davis is a Clinical Operations Manager with 4 years of experience helping organizations improve medical. At Pioneer Enterprise, they partnered with business stakeholders to design and execute solutions that improved performance, workflow, and customer outcomes. drove measurable impact across product, delivery, and customer experience. improved operational efficiency by 54%. led strategic initiatives impacting 25 teams and 8396 stakeholders.

Core capabilities include Compliance, Patient Experience, EMR, Clinical Workflow, Vendor Coordination, Healthcare Operations. Proficient with Epic, Microsoft Teams, Meditech, Power BI. Strong background in process design, stakeholder communication, reporting, and performance optimization. They are passionate about turning business goals into action plans that deliver measurable results in fast-moving environments."
healthcare_administrator_052,Isaac Martin,Healthcare Administrator,Clinical Operations Manager,9,"Isaac Martin is a Clinical Operations Manager with 9 years of experience helping organizations improve care. At Evergreen Consulting, they partnered with business stakeholders to design and execute solutions that improved performance, workflow, and customer outcomes. 9 years of experience delivering care across startup stakeholders and regional partners. led strategic initiatives impacting 8 teams and 1722 stakeholders. drove measurable impact across product, delivery, and customer experience.

Core capabilities include EMR, Clinical Workflow, Policy Management, Healthcare Operations, Patient Experience, Compliance. Proficient with Power BI, Excel, Epic, Meditech. Strong background in process design, stakeholder communication, reporting, and performance optimization. They are passionate about turning business goals into action plans that deliver measurable results in fast-moving environments."
healthcare_administrator_053,Mia Lee,Healthcare Administrator,Healthcare Administrator,14,"Mia Lee is a Healthcare Administrator with 14 years of experience helping organizations improve compliance. At Oak & Pine, they partnered with business stakeholders to design and execute solutions that improved performance, workflow, and customer outcomes. 14 years of experience delivering compliance across regional partners and enterprise clients. drove measurable impact across product, delivery, and customer experience. improved operational efficiency by 52%.

Core capabilities include Policy Management, Quality Improvement, Patient Experience, Compliance, Healthcare Operations, EMR. Proficient with Power BI, Epic, Excel, Meditech. Strong background in process design, stakeholder communication, reporting, and performance optimization. They are passionate about turning business goals into action plans that deliver measurable results in fast-moving environments."
healthcare_administrator_054,Chloe Kim,Healthcare Administrator,Healthcare Administrator,11,"Chloe Kim is a Healthcare Administrator with 11 years of experience helping organizations improve healthcare. At CloudBridge, they partnered with business stakeholders to design and execute solutions that improved performance, workflow, and customer outcomes. improved operational efficiency by 21%. led strategic initiatives impacting 19 teams and 12675 stakeholders. 11 years of experience delivering healthcare across enterprise clients and cross-functional teams.

Core capabilities include Patient Experience, Clinical Workflow, EMR, Compliance, Healthcare Operations, Quality Improvement. Proficient with Cerner, Meditech, Epic, Microsoft Teams. Strong background in process design, stakeholder communication, reporting, and performance optimization. They are passionate about turning business goals into action plans that deliver measurable results in fast-moving environments."
healthcare_administrator_055,Noah Smith,Healthcare Administrator,Clinical Operations Manager,10,"Noah Smith is a Clinical Operations Manager with 10 years of experience helping organizations improve patient. At PrimeCore, they partnered with business stakeholders to design and execute solutions that improved performance, workflow, and customer outcomes. drove measurable impact across product, delivery, and customer experience. improved operational efficiency by 40%. led strategic initiatives impacting 22 teams and 9652 stakeholders.

Core capabilities include Vendor Coordination, Clinical Workflow, Patient Experience, Healthcare Operations, EMR, Compliance. Proficient with Microsoft Teams, Cerner, Epic, Excel. Strong background in process design, stakeholder communication, reporting, and performance optimization. They are passionate about turning business goals into action plans that deliver measurable results in fast-moving environments."
healthcare_administrator_056,Alexander Scott,Healthcare Administrator,Clinical Operations Manager,9,"Alexander Scott is a Clinical Operations Manager with 9 years of experience helping organizations improve healthcare. At CloudBridge, they partnered with business stakeholders to design and execute solutions that improved performance, workflow, and customer outcomes. improved operational efficiency by 43%. 9 years of experience delivering healthcare across remote-first teams and startup stakeholders. led strategic initiatives impacting 18 teams and 14487 stakeholders.

Core capabilities include Healthcare Operations, Compliance, Quality Improvement, Policy Management, Clinical Workflow, EMR. Proficient with Microsoft Teams, Cerner, Excel, Epic. Strong background in process design, stakeholder communication, reporting, and performance optimization. They are passionate about turning business goals into action plans that deliver measurable results in fast-moving environments."
healthcare_administrator_057,Matthew Martin,Healthcare Administrator,Healthcare Program Manager,5,"Matthew Martin is a Healthcare Program Manager with 5 years of experience helping organizations improve medical. At BrightPath Group, they partnered with business stakeholders to design and execute solutions that improved performance, workflow, and customer outcomes. 5 years of experience delivering medical across remote-first teams and regional partners. led strategic initiatives impacting 23 teams and 1408 stakeholders. drove measurable impact across product, delivery, and customer experience.

Core capabilities include Clinical Workflow, EMR, Healthcare Operations, Compliance, Quality Improvement, Policy Management. Proficient with Power BI, Excel, Meditech, Cerner. Strong background in process design, stakeholder communication, reporting, and performance optimization. They are passionate about turning business goals into action plans that deliver measurable results in fast-moving environments."
healthcare_administrator_058,Chloe Allen,Healthcare Administrator,Clinical Operations Manager,12,"Chloe Allen is a Clinical Operations Manager with 12 years of experience helping organizations improve operations. At PrimeCore, they partnered with business stakeholders to design and execute solutions that improved performance, workflow, and customer outcomes. 12 years of experience delivering operations across remote-first teams and enterprise clients. improved operational efficiency by 38%. led strategic initiatives impacting 12 teams and 11939 stakeholders.

Core capabilities include Patient Experience, Clinical Workflow, Compliance, EMR, Policy Management, Healthcare Operations. Proficient with Cerner, Meditech, Epic, Power BI. Strong background in process design, stakeholder communication, reporting, and performance optimization. They are passionate about turning business goals into action plans that deliver measurable results in fast-moving environments."
healthcare_administrator_059,Mia Wilson,Healthcare Administrator,Healthcare Program Manager,11,"Mia Wilson is a Healthcare Program Manager with 11 years of experience helping organizations improve care. At Harbor Analytics, they partnered with business stakeholders to design and execute solutions that improved performance, workflow, and customer outcomes. 11 years of experience delivering care across enterprise clients and cross-functional teams. improved operational efficiency by 47%. drove measurable impact across product, delivery, and customer experience.

Core capabilities include Compliance, Policy Management, Quality Improvement, Clinical Workflow, Healthcare Operations, Patient Experience. Proficient with Meditech, Microsoft Teams, Excel, Power BI. Strong background in process design, stakeholder communication, reporting, and performance optimization. They are passionate about turning business goals into action plans that deliver measurable results in fast-moving environments."
healthcare_administrator_060,Avery Young,Healthcare Administrator,Healthcare Program Manager,6,"Avery Young is a Healthcare Program Manager with 6 years of experience helping organizations improve healthcare. At PrimeCore, they partnered with business stakeholders to design and execute solutions that improved performance, workflow, and customer outcomes. drove measurable impact across product, delivery, and customer experience. improved operational efficiency by 32%. 6 years of experience delivering healthcare across remote-first teams and cross-functional teams.

Core capabilities include Policy Management, Healthcare Operations, Compliance, Patient Experience, Quality Improvement, Vendor Coordination. Proficient with Power BI, Epic, Excel, Cerner. Strong background in process design, stakeholder communication, reporting, and performance optimization. They are passionate about turning business goals into action plans that deliver measurable results in fast-moving environments."
healthcare_administrator_061,Benjamin Walker,Healthcare Administrator,Healthcare Program Manager,11,"Benjamin Walker is a Healthcare Program Manager with 11 years of experience helping organizations improve care. At Nova Metrics, they partnered with business stakeholders to design and execute solutions that improved performance, workflow, and customer outcomes. led strategic initiatives impacting 6 teams and 9447 stakeholders. drove measurable impact across product, delivery, and customer experience. 11 years of experience delivering care across enterprise clients and cross-functional teams.

Core capabilities include Quality Improvement, Vendor Coordination, Policy Management, Compliance, Healthcare Operations, EMR. Proficient with Epic, Power BI, Cerner, Excel. Strong background in process design, stakeholder communication, reporting, and performance optimization. They are passionate about turning business goals into action plans that deliver measurable results in fast-moving environments."
healthcare_administrator_062,Olivia Martin,Healthcare Administrator,Clinical Operations Manager,2,"Olivia Martin is a Clinical Operations Manager with 2 years of experience helping organizations improve medical. At Horizon One, they partnered with business stakeholders to design and execute solutions that improved performance, workflow, and customer outcomes. led strategic initiatives impacting 8 teams and 2368 stakeholders. 2 years of experience delivering medical across regional partners and startup stakeholders. improved operational efficiency by 27%.

Core capabilities include Clinical Workflow, EMR, Policy Management, Compliance, Vendor Coordination, Quality Improvement. Proficient with Meditech, Epic, Cerner, Excel. Strong background in process design, stakeholder communication, reporting, and performance optimization. They are passionate about turning business goals into action plans that deliver measurable results in fast-moving environments."
healthcare_administrator_063,Luna Patel,Healthcare Administrator,Healthcare Administrator,10,"Luna Patel is a Healthcare Administrator with 10 years of experience helping organizations improve operations. At CloudBridge, they partnered with business stakeholders to design and execute solutions that improved performance, workflow, and customer outcomes. improved operational efficiency by 46%. 10 years of experience delivering operations across regional partners and remote-first teams. drove measurable impact across product, delivery, and customer experience.

Core capabilities include Quality Improvement, Clinical Workflow, Vendor Coordination, Patient Experience, EMR, Compliance. Proficient with Excel, Power BI, Cerner, Meditech. Strong background in process design, stakeholder communication, reporting, and performance optimization. They are passionate about turning business goals into action plans that deliver measurable results in fast-moving environments."
healthcare_administrator_064,Evelyn Young,Healthcare Administrator,Healthcare Administrator,8,"Evelyn Young is a Healthcare Administrator with 8 years of experience helping organizations improve operations. At Horizon One, they partnered with business stakeholders to design and execute solutions that improved performance, workflow, and customer outcomes. 8 years of experience delivering operations across startup stakeholders and enterprise clients. led strategic initiatives impacting 25 teams and 11944 stakeholders. improved operational efficiency by 66%.

Core capabilities include EMR, Healthcare Operations, Vendor Coordination, Compliance, Patient Experience, Quality Improvement. Proficient with Excel, Meditech, Epic, Cerner. Strong background in process design, stakeholder communication, reporting, and performance optimization. They are passionate about turning business goals into action plans that deliver measurable results in fast-moving environments."
healthcare_administrator_065,Matthew Wilson,Healthcare Administrator,Healthcare Administrator,11,"Matthew Wilson is a Healthcare Administrator with 11 years of experience helping organizations improve compliance. At Summit Works, they partnered with business stakeholders to design and execute solutions that improved performance, workflow, and customer outcomes. 11 years of experience delivering compliance across remote-first teams and enterprise clients. improved operational efficiency by 55%. led strategic initiatives impacting 16 teams and 4757 stakeholders.

Core capabilities include Policy Management, Quality Improvement, Vendor Coordination, Patient Experience, Healthcare Operations, Clinical Workflow. Proficient with Excel, Meditech, Microsoft Teams, Power BI. Strong background in process design, stakeholder communication, reporting, and performance optimization. They are passionate about turning business goals into action plans that deliver measurable results in fast-moving environments."
healthcare_administrator_066,Matthew Jackson,Healthcare Administrator,Healthcare Administrator,7,"Matthew Jackson is a Healthcare Administrator with 7 years of experience helping organizations improve operations. At Vertex Studios, they partnered with business stakeholders to design and execute solutions that improved performance, workflow, and customer outcomes. led strategic initiatives impacting 19 teams and 10519 stakeholders. 7 years of experience delivering operations across remote-first teams and enterprise clients. improved operational efficiency by 67%.

Core capabilities include Compliance, Healthcare Operations, Quality Improvement, Patient Experience, EMR, Policy Management. Proficient with Power BI, Meditech, Cerner, Excel. Strong background in process design, stakeholder communication, reporting, and performance optimization. They are passionate about turning business goals into action plans that deliver measurable results in fast-moving environments."
healthcare_administrator_067,Mia Scott,Healthcare Administrator,Clinical Operations Manager,13,"Mia Scott is a Clinical Operations Manager with 13 years of experience helping organizations improve compliance. At Evergreen Consulting, they partnered with business stakeholders to design and execute solutions that improved performance, workflow, and customer outcomes. 13 years of experience delivering compliance across startup stakeholders and remote-first teams. led strategic initiatives impacting 7 teams and 8273 stakeholders. improved operational efficiency by 27%.

Core capabilities include Quality Improvement, Policy Management, Vendor Coordination, Healthcare Operations, EMR, Clinical Workflow. Proficient with Cerner, Power BI, Excel, Epic. Strong background in process design, stakeholder communication, reporting, and performance optimization. They are passionate about turning business goals into action plans that deliver measurable results in fast-moving environments."
healthcare_administrator_068,Olivia Moore,Healthcare Administrator,Healthcare Administrator,4,"Olivia Moore is a Healthcare Administrator with 4 years of experience helping organizations improve patient. At PrimeCore, they partnered with business stakeholders to design and execute solutions that improved performance, workflow, and customer outcomes. improved operational efficiency by 52%. drove measurable impact across product, delivery, and customer experience. 4 years of experience delivering patient across cross-functional teams and remote-first teams.

Core capabilities include Healthcare Operations, Policy Management, EMR, Vendor Coordination, Clinical Workflow, Quality Improvement. Proficient with Meditech, Cerner, Epic, Power BI. Strong background in process design, stakeholder communication, reporting, and performance optimization. They are passionate about turning business goals into action plans that deliver measurable results in fast-moving environments."
healthcare_administrator_069,Alexander Brown,Healthcare Administrator,Clinical Operations Manager,8,"Alexander Brown is a Clinical Operations Manager with 8 years of experience helping organizations improve operations. At Crestline Partners, they partnered with business stakeholders to design and execute solutions that improved performance, workflow, and customer outcomes. improved operational efficiency by 25%. led strategic initiatives impacting 23 teams and 13397 stakeholders. 8 years of experience delivering operations across enterprise clients and cross-functional teams.

Core capabilities include Clinical Workflow, Policy Management, Quality Improvement, Healthcare Operations, Compliance, Patient Experience. Proficient with Epic, Meditech, Microsoft Teams, Excel. Strong background in process design, stakeholder communication, reporting, and performance optimization. They are passionate about turning business goals into action plans that deliver measurable results in fast-moving environments."
healthcare_administrator_070,Benjamin Jackson,Healthcare Administrator,Healthcare Administrator,5,"Benjamin Jackson is a Healthcare Administrator with 5 years of experience helping organizations improve clinical. At Validus Capital, they partnered with business stakeholders to design and execute solutions that improved performance, workflow, and customer outcomes. 5 years of experience delivering clinical across regional partners and enterprise clients. led strategic initiatives impacting 15 teams and 13775 stakeholders. improved operational efficiency by 43%.

Core capabilities include Vendor Coordination, EMR, Healthcare Operations, Compliance, Clinical Workflow, Quality Improvement. Proficient with Cerner, Epic, Power BI, Microsoft Teams. Strong background in process design, stakeholder communication, reporting, and performance optimization. They are passionate about turning business goals into action plans that deliver measurable results in fast-moving environments."
healthcare_administrator_071,Henry Smith,Healthcare Administrator,Clinical Operations Manager,4,"Henry Smith is a Clinical Operations Manager with 4 years of experience helping organizations improve patient. At NorthStar Labs, they partnered with business stakeholders to design and execute solutions that improved performance, workflow, and customer outcomes. led strategic initiatives impacting 7 teams and 8701 stakeholders. drove measurable impact across product, delivery, and customer experience. 4 years of experience delivering patient across regional partners and startup stakeholders.

Core capabilities include Patient Experience, Quality Improvement, Compliance, Healthcare Operations, Clinical Workflow, Policy Management. Proficient with Epic, Cerner, Power BI, Meditech. Strong background in process design, stakeholder communication, reporting, and performance optimization. They are passionate about turning business goals into action plans that deliver measurable results in fast-moving environments."
healthcare_administrator_072,Michael Brown,Healthcare Administrator,Healthcare Program Manager,6,"Michael Brown is a Healthcare Program Manager with 6 years of experience helping organizations improve care. At Lakeview Health, they partnered with business stakeholders to design and execute solutions that improved performance, workflow, and customer outcomes. 6 years of experience delivering care across startup stakeholders and remote-first teams. led strategic initiatives impacting 21 teams and 14890 stakeholders. improved operational efficiency by 44%.

Core capabilities include Compliance, Quality Improvement, Policy Management, Vendor Coordination, Healthcare Operations, Patient Experience. Proficient with Meditech, Cerner, Epic, Microsoft Teams. Strong background in process design, stakeholder communication, reporting, and performance optimization. They are passionate about turning business goals into action plans that deliver measurable results in fast-moving environments."
healthcare_administrator_073,Isaac Johnson,Healthcare Administrator,Clinical Operations Manager,12,"Isaac Johnson is a Clinical Operations Manager with 12 years of experience helping organizations improve operations. At EchoWorks, they partnered with business stakeholders to design and execute solutions that improved performance, workflow, and customer outcomes. drove measurable impact across product, delivery, and customer experience. led strategic initiatives impacting 7 teams and 6362 stakeholders. improved operational efficiency by 62%.

Core capabilities include Quality Improvement, Vendor Coordination, Healthcare Operations, Policy Management, Patient Experience, Clinical Workflow. Proficient with Meditech, Excel, Microsoft Teams, Cerner. Strong background in process design, stakeholder communication, reporting, and performance optimization. They are passionate about turning business goals into action plans that deliver measurable results in fast-moving environments."
healthcare_administrator_074,Nora Nguyen,Healthcare Administrator,Healthcare Administrator,3,"Nora Nguyen is a Healthcare Administrator with 3 years of experience helping organizations improve care. At Vertex Studios, they partnered with business stakeholders to design and execute solutions that improved performance, workflow, and customer outcomes. 3 years of experience delivering care across enterprise clients and remote-first teams. improved operational efficiency by 25%. led strategic initiatives impacting 7 teams and 8773 stakeholders.

Core capabilities include Clinical Workflow, EMR, Quality Improvement, Patient Experience, Compliance, Vendor Coordination. Proficient with Excel, Power BI, Cerner, Meditech. Strong background in process design, stakeholder communication, reporting, and performance optimization. They are passionate about turning business goals into action plans that deliver measurable results in fast-moving environments."
healthcare_administrator_075,Harper Scott,Healthcare Administrator,Healthcare Program Manager,14,"Harper Scott is a Healthcare Program Manager with 14 years of experience helping organizations improve medical. At PrimeCore, they partnered with business stakeholders to design and execute solutions that improved performance, workflow, and customer outcomes. led strategic initiatives impacting 24 teams and 1914 stakeholders. improved operational efficiency by 41%. 14 years of experience delivering medical across remote-first teams and regional partners.

Core capabilities include Policy Management, Patient Experience, Healthcare Operations, Clinical Workflow, Vendor Coordination, EMR. Proficient with Microsoft Teams, Cerner, Epic, Power BI. Strong background in process design, stakeholder communication, reporting, and performance optimization. They are passionate about turning business goals into action plans that deliver measurable results in fast-moving environments."
healthcare_administrator_076,Noah Patel,Healthcare Administrator,Healthcare Program Manager,12,"Noah Patel is a Healthcare Program Manager with 12 years of experience helping organizations improve compliance. At Evergreen Consulting, they partnered with business stakeholders to design and execute solutions that improved performance, workflow, and customer outcomes. 12 years of experience delivering compliance across regional partners and startup stakeholders. improved operational efficiency by 45%. drove measurable impact across product, delivery, and customer experience.

Core capabilities include Quality Improvement, Policy Management, Patient Experience, Clinical Workflow, Vendor Coordination, Compliance. Proficient with Epic, Power BI, Excel, Cerner. Strong background in process design, stakeholder communication, reporting, and performance optimization. They are passionate about turning business goals into action plans that deliver measurable results in fast-moving environments."
healthcare_administrator_077,Evelyn Johnson,Healthcare Administrator,Healthcare Administrator,14,"Evelyn Johnson is a Healthcare Administrator with 14 years of experience helping organizations improve patient. At Signal Forge, they partnered with business stakeholders to design and execute solutions that improved performance, workflow, and customer outcomes. 14 years of experience delivering patient across cross-functional teams and regional partners. improved operational efficiency by 68%. led strategic initiatives impacting 21 teams and 14193 stakeholders.

Core capabilities include EMR, Healthcare Operations, Clinical Workflow, Policy Management, Quality Improvement, Patient Experience. Proficient with Meditech, Epic, Excel, Cerner. Strong background in process design, stakeholder communication, reporting, and performance optimization. They are passionate about turning business goals into action plans that deliver measurable results in fast-moving environments."
healthcare_administrator_078,Elijah Taylor,Healthcare Administrator,Clinical Operations Manager,14,"Elijah Taylor is a Clinical Operations Manager with 14 years of experience helping organizations improve operations. At Vertex Studios, they partnered with business stakeholders to design and execute solutions that improved performance, workflow, and customer outcomes. led strategic initiatives impacting 6 teams and 1150 stakeholders. 14 years of experience delivering operations across remote-first teams and regional partners. drove measurable impact across product, delivery, and customer experience.

Core capabilities include Policy Management, Vendor Coordination, Patient Experience, EMR, Healthcare Operations, Quality Improvement. Proficient with Microsoft Teams, Power BI, Epic, Excel. Strong background in process design, stakeholder communication, reporting, and performance optimization. They are passionate about turning business goals into action plans that deliver measurable results in fast-moving environments."
healthcare_administrator_079,Ethan Johnson,Healthcare Administrator,Healthcare Administrator,6,"Ethan Johnson is a Healthcare Administrator with 6 years of experience helping organizations improve clinical. At NorthStar Labs, they partnered with business stakeholders to design and execute solutions that improved performance, workflow, and customer outcomes. 6 years of experience delivering clinical across enterprise clients and regional partners. led strategic initiatives impacting 13 teams and 12618 stakeholders. improved operational efficiency by 29%.

Core capabilities include Vendor Coordination, Healthcare Operations, Policy Management, EMR, Clinical Workflow, Patient Experience. Proficient with Cerner, Power BI, Epic, Microsoft Teams. Strong background in process design, stakeholder communication, reporting, and performance optimization. They are passionate about turning business goals into action plans that deliver measurable results in fast-moving environments."
healthcare_administrator_080,Luna Wilson,Healthcare Administrator,Healthcare Program Manager,14,"Luna Wilson is a Healthcare Program Manager with 14 years of experience helping organizations improve care. At Greenline Ventures, they partnered with business stakeholders to design and execute solutions that improved performance, workflow, and customer outcomes. drove measurable impact across product, delivery, and customer experience. improved operational efficiency by 30%. 14 years of experience delivering care across regional partners and cross-functional teams.

Core capabilities include Policy Management, Compliance, Vendor Coordination, Quality Improvement, EMR, Healthcare Operations. Proficient with Excel, Meditech, Microsoft Teams, Cerner. Strong background in process design, stakeholder communication, reporting, and performance optimization. They are passionate about turning business goals into action plans that deliver measurable results in fast-moving environments."
healthcare_administrator_081,Henry Thomas,Healthcare Administrator,Healthcare Administrator,13,"Henry Thomas is a Healthcare Administrator with 13 years of experience helping organizations improve operations. At BluePeak Solutions, they partnered with business stakeholders to design and execute solutions that improved performance, workflow, and customer outcomes. improved operational efficiency by 32%. led strategic initiatives impacting 20 teams and 6605 stakeholders. drove measurable impact across product, delivery, and customer experience.

Core capabilities include Quality Improvement, Policy Management, Patient Experience, Healthcare Operations, Compliance, Vendor Coordination. Proficient with Microsoft Teams, Epic, Cerner, Meditech. Strong background in process design, stakeholder communication, reporting, and performance optimization. They are passionate about turning business goals into action plans that deliver measurable results in fast-moving environments."
healthcare_administrator_082,Matthew Moore,Healthcare Administrator,Healthcare Program Manager,2,"Matthew Moore is a Healthcare Program Manager with 2 years of experience helping organizations improve operations. At BrightPath Group, they partnered with business stakeholders to design and execute solutions that improved performance, workflow, and customer outcomes. drove measurable impact across product, delivery, and customer experience. improved operational efficiency by 50%. 2 years of experience delivering operations across regional partners and cross-functional teams.

Core capabilities include EMR, Policy Management, Vendor Coordination, Patient Experience, Clinical Workflow, Quality Improvement. Proficient with Meditech, Cerner, Power BI, Epic. Strong background in process design, stakeholder communication, reporting, and performance optimization. They are passionate about turning business goals into action plans that deliver measurable results in fast-moving environments."
healthcare_administrator_083,Mia Jackson,Healthcare Administrator,Clinical Operations Manager,6,"Mia Jackson is a Clinical Operations Manager with 6 years of experience helping organizations improve compliance. At Nova Metrics, they partnered with business stakeholders to design and execute solutions that improved performance, workflow, and customer outcomes. led strategic initiatives impacting 19 teams and 5677 stakeholders. drove measurable impact across product, delivery, and customer experience. 6 years of experience delivering compliance across cross-functional teams and regional partners.

Core capabilities include EMR, Clinical Workflow, Vendor Coordination, Healthcare Operations, Policy Management, Quality Improvement. Proficient with Cerner, Microsoft Teams, Epic, Excel. Strong background in process design, stakeholder communication, reporting, and performance optimization. They are passionate about turning business goals into action plans that deliver measurable results in fast-moving environments."
healthcare_administrator_084,Chloe Thomas,Healthcare Administrator,Clinical Operations Manager,14,"Chloe Thomas is a Clinical Operations Manager with 14 years of experience helping organizations improve clinical. At Mercury Systems, they partnered with business stakeholders to design and execute solutions that improved performance, workflow, and customer outcomes. 14 years of experience delivering clinical across enterprise clients and startup stakeholders. led strategic initiatives impacting 5 teams and 11732 stakeholders. improved operational efficiency by 40%.

Core capabilities include Healthcare Operations, EMR, Clinical Workflow, Patient Experience, Vendor Coordination, Compliance. Proficient with Epic, Cerner, Excel, Power BI. Strong background in process design, stakeholder communication, reporting, and performance optimization. They are passionate about turning business goals into action plans that deliver measurable results in fast-moving environments."
healthcare_administrator_085,Elijah Nguyen,Healthcare Administrator,Clinical Operations Manager,7,"Elijah Nguyen is a Clinical Operations Manager with 7 years of experience helping organizations improve compliance. At Horizon One, they partnered with business stakeholders to design and execute solutions that improved performance, workflow, and customer outcomes. 7 years of experience delivering compliance across cross-functional teams and remote-first teams. drove measurable impact across product, delivery, and customer experience. led strategic initiatives impacting 14 teams and 1193 stakeholders.

Core capabilities include Healthcare Operations, Compliance, Vendor Coordination, Quality Improvement, Patient Experience, EMR. Proficient with Microsoft Teams, Meditech, Cerner, Excel. Strong background in process design, stakeholder communication, reporting, and performance optimization. They are passionate about turning business goals into action plans that deliver measurable results in fast-moving environments."
healthcare_administrator_086,Luna Martin,Healthcare Administrator,Healthcare Program Manager,8,"Luna Martin is a Healthcare Program Manager with 8 years of experience helping organizations improve operations. At Evergreen Consulting, they partnered with business stakeholders to design and execute solutions that improved performance, workflow, and customer outcomes. improved operational efficiency by 34%. drove measurable impact across product, delivery, and customer experience. led strategic initiatives impacting 18 teams and 1876 stakeholders.

Core capabilities include Vendor Coordination, Quality Improvement, Clinical Workflow, Policy Management, Compliance, Patient Experience. Proficient with Power BI, Cerner, Microsoft Teams, Meditech. Strong background in process design, stakeholder communication, reporting, and performance optimization. They are passionate about turning business goals into action plans that deliver measurable results in fast-moving environments."
healthcare_administrator_087,Emma Harris,Healthcare Administrator,Healthcare Program Manager,11,"Emma Harris is a Healthcare Program Manager with 11 years of experience helping organizations improve clinical. At Horizon One, they partnered with business stakeholders to design and execute solutions that improved performance, workflow, and customer outcomes. drove measurable impact across product, delivery, and customer experience. led strategic initiatives impacting 19 teams and 9230 stakeholders. improved operational efficiency by 52%.

Core capabilities include Vendor Coordination, EMR, Quality Improvement, Compliance, Policy Management, Clinical Workflow. Proficient with Microsoft Teams, Power BI, Cerner, Meditech. Strong background in process design, stakeholder communication, reporting, and performance optimization. They are passionate about turning business goals into action plans that deliver measurable results in fast-moving environments."
healthcare_administrator_088,Isaac Allen,Healthcare Administrator,Healthcare Program Manager,8,"Isaac Allen is a Healthcare Program Manager with 8 years of experience helping organizations improve care. At BrightPath Group, they partnered with business stakeholders to design and execute solutions that improved performance, workflow, and customer outcomes. led strategic initiatives impacting 9 teams and 5158 stakeholders. 8 years of experience delivering care across remote-first teams and startup stakeholders. drove measurable impact across product, delivery, and customer experience.

Core capabilities include Clinical Workflow, Policy Management, EMR, Quality Improvement, Compliance, Patient Experience. Proficient with Power BI, Excel, Cerner, Meditech. Strong background in process design, stakeholder communication, reporting, and performance optimization. They are passionate about turning business goals into action plans that deliver measurable results in fast-moving environments."
healthcare_administrator_089,Liam Scott,Healthcare Administrator,Healthcare Program Manager,13,"Liam Scott is a Healthcare Program Manager with 13 years of experience helping organizations improve operations. At EchoWorks, they partnered with business stakeholders to design and execute solutions that improved performance, workflow, and customer outcomes. 13 years of experience delivering operations across cross-functional teams and regional partners. drove measurable impact across product, delivery, and customer experience. improved operational efficiency by 54%.

Core capabilities include Quality Improvement, Patient Experience, Clinical Workflow, Policy Management, Vendor Coordination, EMR. Proficient with Microsoft Teams, Cerner, Excel, Epic. Strong background in process design, stakeholder communication, reporting, and performance optimization. They are passionate about turning business goals into action plans that deliver measurable results in fast-moving environments."
healthcare_administrator_090,Lucas Moore,Healthcare Administrator,Healthcare Administrator,11,"Lucas Moore is a Healthcare Administrator with 11 years of experience helping organizations improve clinical. At NorthStar Labs, they partnered with business stakeholders to design and execute solutions that improved performance, workflow, and customer outcomes. 11 years of experience delivering clinical across cross-functional teams and regional partners. drove measurable impact across product, delivery, and customer experience. improved operational efficiency by 29%.

Core capabilities include Clinical Workflow, Quality Improvement, Policy Management, Compliance, Patient Experience, EMR. Proficient with Cerner, Epic, Meditech, Excel. Strong background in process design, stakeholder communication, reporting, and performance optimization. They are passionate about turning business goals into action plans that deliver measurable results in fast-moving environments."
healthcare_administrator_091,David Jackson,Healthcare Administrator,Clinical Operations Manager,3,"David Jackson is a Clinical Operations Manager with 3 years of experience helping organizations improve healthcare. At Lakeview Health, they partnered with business stakeholders to design and execute solutions that improved performance, workflow, and customer outcomes. 3 years of experience delivering healthcare across remote-first teams and cross-functional teams. improved operational efficiency by 41%. led strategic initiatives impacting 17 teams and 14055 stakeholders.

Core capabilities include Compliance, Quality Improvement, EMR, Policy Management, Healthcare Operations, Clinical Workflow. Proficient with Excel, Epic, Meditech, Power BI. Strong background in process design, stakeholder communication, reporting, and performance optimization. They are passionate about turning business goals into action plans that deliver measurable results in fast-moving environments."
healthcare_administrator_092,Elijah Young,Healthcare Administrator,Clinical Operations Manager,7,"Elijah Young is a Clinical Operations Manager with 7 years of experience helping organizations improve compliance. At Signal Forge, they partnered with business stakeholders to design and execute solutions that improved performance, workflow, and customer outcomes. 7 years of experience delivering compliance across remote-first teams and startup stakeholders. led strategic initiatives impacting 15 teams and 14632 stakeholders. drove measurable impact across product, delivery, and customer experience.

Core capabilities include Healthcare Operations, EMR, Compliance, Quality Improvement, Policy Management, Patient Experience. Proficient with Power BI, Excel, Cerner, Epic. Strong background in process design, stakeholder communication, reporting, and performance optimization. They are passionate about turning business goals into action plans that deliver measurable results in fast-moving environments."
healthcare_administrator_093,Amelia Patel,Healthcare Administrator,Clinical Operations Manager,14,"Amelia Patel is a Clinical Operations Manager with 14 years of experience helping organizations improve operations. At Signal Forge, they partnered with business stakeholders to design and execute solutions that improved performance, workflow, and customer outcomes. led strategic initiatives impacting 18 teams and 11951 stakeholders. improved operational efficiency by 45%. drove measurable impact across product, delivery, and customer experience.

Core capabilities include Clinical Workflow, Compliance, Vendor Coordination, EMR, Quality Improvement, Healthcare Operations. Proficient with Meditech, Excel, Microsoft Teams, Epic. Strong background in process design, stakeholder communication, reporting, and performance optimization. They are passionate about turning business goals into action plans that deliver measurable results in fast-moving environments."
healthcare_administrator_094,Liam Martin,Healthcare Administrator,Healthcare Administrator,12,"Liam Martin is a Healthcare Administrator with 12 years of experience helping organizations improve operations. At Vertex Studios, they partnered with business stakeholders to design and execute solutions that improved performance, workflow, and customer outcomes. 12 years of experience delivering operations across regional partners and remote-first teams. drove measurable impact across product, delivery, and customer experience. led strategic initiatives impacting 24 teams and 8691 stakeholders.

Core capabilities include EMR, Clinical Workflow, Compliance, Vendor Coordination, Patient Experience, Healthcare Operations. Proficient with Epic, Excel, Power BI, Microsoft Teams. Strong background in process design, stakeholder communication, reporting, and performance optimization. They are passionate about turning business goals into action plans that deliver measurable results in fast-moving environments."
healthcare_administrator_095,Daniel Young,Healthcare Administrator,Healthcare Administrator,8,"Daniel Young is a Healthcare Administrator with 8 years of experience helping organizations improve operations. At Vertex Studios, they partnered with business stakeholders to design and execute solutions that improved performance, workflow, and customer outcomes. improved operational efficiency by 68%. drove measurable impact across product, delivery, and customer experience. led strategic initiatives impacting 5 teams and 9650 stakeholders.

Core capabilities include Healthcare Operations, Clinical Workflow, Quality Improvement, Patient Experience, Vendor Coordination, Policy Management. Proficient with Microsoft Teams, Meditech, Excel, Epic. Strong background in process design, stakeholder communication, reporting, and performance optimization. They are passionate about turning business goals into action plans that deliver measurable results in fast-moving environments."
healthcare_administrator_096,Sebastian Young,Healthcare Administrator,Healthcare Program Manager,12,"Sebastian Young is a Healthcare Program Manager with 12 years of experience helping organizations improve care. At Pioneer Enterprise, they partnered with business stakeholders to design and execute solutions that improved performance, workflow, and customer outcomes. 12 years of experience delivering care across startup stakeholders and enterprise clients. drove measurable impact across product, delivery, and customer experience. led strategic initiatives impacting 19 teams and 7177 stakeholders.

Core capabilities include Patient Experience, Healthcare Operations, Quality Improvement, Policy Management, Compliance, Vendor Coordination. Proficient with Epic, Power BI, Excel, Microsoft Teams. Strong background in process design, stakeholder communication, reporting, and performance optimization. They are passionate about turning business goals into action plans that deliver measurable results in fast-moving environments."
healthcare_administrator_097,Sophia Patel,Healthcare Administrator,Healthcare Administrator,4,"Sophia Patel is a Healthcare Administrator with 4 years of experience helping organizations improve operations. At NorthStar Labs, they partnered with business stakeholders to design and execute solutions that improved performance, workflow, and customer outcomes. led strategic initiatives impacting 7 teams and 13844 stakeholders. improved operational efficiency by 26%. drove measurable impact across product, delivery, and customer experience.

Core capabilities include EMR, Healthcare Operations, Vendor Coordination, Quality Improvement, Patient Experience, Policy Management. Proficient with Epic, Power BI, Microsoft Teams, Meditech. Strong background in process design, stakeholder communication, reporting, and performance optimization. They are passionate about turning business goals into action plans that deliver measurable results in fast-moving environments."
healthcare_administrator_098,Luna Davis,Healthcare Administrator,Healthcare Administrator,9,"Luna Davis is a Healthcare Administrator with 9 years of experience helping organizations improve operations. At BrightPath Group, they partnered with business stakeholders to design and execute solutions that improved performance, workflow, and customer outcomes. led strategic initiatives impacting 7 teams and 10970 stakeholders. 9 years of experience delivering operations across regional partners and cross-functional teams. improved operational efficiency by 35%.

Core capabilities include Vendor Coordination, Clinical Workflow, EMR, Compliance, Patient Experience, Healthcare Operations. Proficient with Power BI, Excel, Cerner, Epic. Strong background in process design, stakeholder communication, reporting, and performance optimization. They are passionate about turning business goals into action plans that deliver measurable results in fast-moving environments."
healthcare_administrator_099,Henry Johnson,Healthcare Administrator,Healthcare Administrator,4,"Henry Johnson is a Healthcare Administrator with 4 years of experience helping organizations improve care. At Nova Metrics, they partnered with business stakeholders to design and execute solutions that improved performance, workflow, and customer outcomes. led strategic initiatives impacting 14 teams and 7108 stakeholders. 4 years of experience delivering care across enterprise clients and remote-first teams. improved operational efficiency by 61%.

Core capabilities include Vendor Coordination, Clinical Workflow, Quality Improvement, EMR, Compliance, Patient Experience. Proficient with Epic, Power BI, Meditech, Cerner. Strong background in process design, stakeholder communication, reporting, and performance optimization. They are passionate about turning business goals into action plans that deliver measurable results in fast-moving environments."
sales_representative_000,Alexander Walker,Sales Representative,Sales Representative,2,"Alexander Walker is a Sales Representative with 2 years of experience helping organizations improve revenue. At Vertex Studios, they partnered with business stakeholders to design and execute solutions that improved performance, workflow, and customer outcomes. led strategic initiatives impacting 13 teams and 1865 stakeholders. 2 years of experience delivering revenue across cross-functional teams and remote-first teams. drove measurable impact across product, delivery, and customer experience.

Core capabilities include CRM, Negotiation, Closing, Lead Generation, Sales Strategy, Account Management. Proficient with Outlook, Salesforce, Excel, ZoomInfo. Strong background in process design, stakeholder communication, reporting, and performance optimization. They are passionate about turning business goals into action plans that deliver measurable results in fast-moving environments."
sales_representative_001,Sophia Wilson,Sales Representative,Business Development Manager,4,"Sophia Wilson is a Business Development Manager with 4 years of experience helping organizations improve customer. At EchoWorks, they partnered with business stakeholders to design and execute solutions that improved performance, workflow, and customer outcomes. led strategic initiatives impacting 13 teams and 12748 stakeholders. 4 years of experience delivering customer across cross-functional teams and regional partners. drove measurable impact across product, delivery, and customer experience.

Core capabilities include CRM, Pipeline Management, Presentation, Closing, Account Management, Sales Strategy. Proficient with Salesforce, Excel, ZoomInfo, LinkedIn Sales. Strong background in process design, stakeholder communication, reporting, and performance optimization. They are passionate about turning business goals into action plans that deliver measurable results in fast-moving environments."
sales_representative_002,Sophia Jackson,Sales Representative,Sales Representative,8,"Sophia Jackson is a Sales Representative with 8 years of experience helping organizations improve customer. At PrimeCore, they partnered with business stakeholders to design and execute solutions that improved performance, workflow, and customer outcomes. led strategic initiatives impacting 10 teams and 14825 stakeholders. 8 years of experience delivering customer across remote-first teams and enterprise clients. drove measurable impact across product, delivery, and customer experience.

Core capabilities include Account Management, Sales Strategy, Lead Generation, Presentation, Pipeline Management, Negotiation. Proficient with Outlook, Salesforce, Excel, ZoomInfo. Strong background in process design, stakeholder communication, reporting, and performance optimization. They are passionate about turning business goals into action plans that deliver measurable results in fast-moving environments."
sales_representative_003,Nora Johnson,Sales Representative,Business Development Manager,3,"Nora Johnson is a Business Development Manager with 3 years of experience helping organizations improve lead generation. At Summit Works, they partnered with business stakeholders to design and execute solutions that improved performance, workflow, and customer outcomes. 3 years of experience delivering lead generation across startup stakeholders and enterprise clients. led strategic initiatives impacting 23 teams and 6143 stakeholders. improved operational efficiency by 45%.

Core capabilities include Sales Strategy, Account Management, CRM, Negotiation, Lead Generation, Closing. Proficient with Outlook, HubSpot, Excel, Salesforce. Strong background in process design, stakeholder communication, reporting, and performance optimization. They are passionate about turning business goals into action plans that deliver measurable results in fast-moving environments."
sales_representative_004,Evelyn Martin,Sales Representative,Account Executive,11,"Evelyn Martin is a Account Executive with 11 years of experience helping organizations improve revenue. At PrimeCore, they partnered with business stakeholders to design and execute solutions that improved performance, workflow, and customer outcomes. drove measurable impact across product, delivery, and customer experience. improved operational efficiency by 44%. led strategic initiatives impacting 16 teams and 3154 stakeholders.

Core capabilities include Pipeline Management, Closing, Account Management, CRM, Presentation, Sales Strategy. Proficient with Excel, HubSpot, ZoomInfo, Outlook. Strong background in process design, stakeholder communication, reporting, and performance optimization. They are passionate about turning business goals into action plans that deliver measurable results in fast-moving environments."
sales_representative_005,Ethan Jackson,Sales Representative,Account Executive,3,"Ethan Jackson is a Account Executive with 3 years of experience helping organizations improve customer. At Signal Forge, they partnered with business stakeholders to design and execute solutions that improved performance, workflow, and customer outcomes. led strategic initiatives impacting 22 teams and 11878 stakeholders. 3 years of experience delivering customer across enterprise clients and cross-functional teams. drove measurable impact across product, delivery, and customer experience.

Core capabilities include CRM, Lead Generation, Negotiation, Closing, Sales Strategy, Presentation. Proficient with Excel, Salesforce, Outlook, HubSpot. Strong background in process design, stakeholder communication, reporting, and performance optimization. They are passionate about turning business goals into action plans that deliver measurable results in fast-moving environments."
sales_representative_006,Emma Thomas,Sales Representative,Business Development Manager,5,"Emma Thomas is a Business Development Manager with 5 years of experience helping organizations improve revenue. At Evergreen Consulting, they partnered with business stakeholders to design and execute solutions that improved performance, workflow, and customer outcomes. improved operational efficiency by 20%. drove measurable impact across product, delivery, and customer experience. 5 years of experience delivering revenue across regional partners and startup stakeholders.

Core capabilities include Account Management, Lead Generation, CRM, Pipeline Management, Negotiation, Presentation. Proficient with HubSpot, ZoomInfo, Salesforce, Excel. Strong background in process design, stakeholder communication, reporting, and performance optimization. They are passionate about turning business goals into action plans that deliver measurable results in fast-moving environments."
sales_representative_007,Evelyn Smith,Sales Representative,Account Executive,10,"Evelyn Smith is a Account Executive with 10 years of experience helping organizations improve account. At Summit Works, they partnered with business stakeholders to design and execute solutions that improved performance, workflow, and customer outcomes. led strategic initiatives impacting 19 teams and 14374 stakeholders. improved operational efficiency by 21%. 10 years of experience delivering account across remote-first teams and regional partners.

Core capabilities include Pipeline Management, Negotiation, CRM, Presentation, Lead Generation, Account Management. Proficient with LinkedIn Sales, ZoomInfo, HubSpot, Excel. Strong background in process design, stakeholder communication, reporting, and performance optimization. They are passionate about turning business goals into action plans that deliver measurable results in fast-moving environments."
sales_representative_008,Samuel Taylor,Sales Representative,Business Development Manager,11,"Samuel Taylor is a Business Development Manager with 11 years of experience helping organizations improve pipeline. At Summit Works, they partnered with business stakeholders to design and execute solutions that improved performance, workflow, and customer outcomes. 11 years of experience delivering pipeline across regional partners and remote-first teams. improved operational efficiency by 67%. drove measurable impact across product, delivery, and customer experience.

Core capabilities include Account Management, Sales Strategy, CRM, Lead Generation, Negotiation, Presentation. Proficient with Outlook, HubSpot, Salesforce, LinkedIn Sales. Strong background in process design, stakeholder communication, reporting, and performance optimization. They are passionate about turning business goals into action plans that deliver measurable results in fast-moving environments."
sales_representative_009,Lucas Scott,Sales Representative,Sales Representative,5,"Lucas Scott is a Sales Representative with 5 years of experience helping organizations improve sales. At Crestline Partners, they partnered with business stakeholders to design and execute solutions that improved performance, workflow, and customer outcomes. 5 years of experience delivering sales across startup stakeholders and regional partners. improved operational efficiency by 21%. drove measurable impact across product, delivery, and customer experience.

Core capabilities include Negotiation, Sales Strategy, Lead Generation, Pipeline Management, Account Management, Presentation. Proficient with Outlook, Salesforce, HubSpot, ZoomInfo. Strong background in process design, stakeholder communication, reporting, and performance optimization. They are passionate about turning business goals into action plans that deliver measurable results in fast-moving environments."
sales_representative_010,Harper Davis,Sales Representative,Business Development Manager,13,"Harper Davis is a Business Development Manager with 13 years of experience helping organizations improve sales. At NorthStar Labs, they partnered with business stakeholders to design and execute solutions that improved performance, workflow, and customer outcomes. drove measurable impact across product, delivery, and customer experience. 13 years of experience delivering sales across cross-functional teams and startup stakeholders. improved operational efficiency by 66%.

Core capabilities include CRM, Sales Strategy, Presentation, Negotiation, Pipeline Management, Lead Generation. Proficient with LinkedIn Sales, Outlook, Excel, Salesforce. Strong background in process design, stakeholder communication, reporting, and performance optimization. They are passionate about turning business goals into action plans that deliver measurable results in fast-moving environments."
sales_representative_011,Benjamin Johnson,Sales Representative,Business Development Manager,14,"Benjamin Johnson is a Business Development Manager with 14 years of experience helping organizations improve lead generation. At BrightPath Group, they partnered with business stakeholders to design and execute solutions that improved performance, workflow, and customer outcomes. 14 years of experience delivering lead generation across startup stakeholders and cross-functional teams. improved operational efficiency by 26%. drove measurable impact across product, delivery, and customer experience.

Core capabilities include Pipeline Management, Lead Generation, Account Management, Closing, CRM, Sales Strategy. Proficient with ZoomInfo, LinkedIn Sales, Salesforce, HubSpot. Strong background in process design, stakeholder communication, reporting, and performance optimization. They are passionate about turning business goals into action plans that deliver measurable results in fast-moving environments."
sales_representative_012,Lucas Garcia,Sales Representative,Account Executive,14,"Lucas Garcia is a Account Executive with 14 years of experience helping organizations improve revenue. At NorthStar Labs, they partnered with business stakeholders to design and execute solutions that improved performance, workflow, and customer outcomes. improved operational efficiency by 18%. 14 years of experience delivering revenue across cross-functional teams and enterprise clients. drove measurable impact across product, delivery, and customer experience.

Core capabilities include Negotiation, Sales Strategy, Presentation, Lead Generation, CRM, Pipeline Management. Proficient with Outlook, HubSpot, LinkedIn Sales, ZoomInfo. Strong background in process design, stakeholder communication, reporting, and performance optimization. They are passionate about turning business goals into action plans that deliver measurable results in fast-moving environments."
sales_representative_013,Alexander Nguyen,Sales Representative,Account Executive,11,"Alexander Nguyen is a Account Executive with 11 years of experience helping organizations improve lead generation. At Signal Forge, they partnered with business stakeholders to design and execute solutions that improved performance, workflow, and customer outcomes. improved operational efficiency by 52%. led strategic initiatives impacting 16 teams and 6670 stakeholders. drove measurable impact across product, delivery, and customer experience.

Core capabilities include Pipeline Management, Sales Strategy, Presentation, Closing, CRM, Lead Generation. Proficient with Outlook, Salesforce, HubSpot, LinkedIn Sales. Strong background in process design, stakeholder communication, reporting, and performance optimization. They are passionate about turning business goals into action plans that deliver measurable results in fast-moving environments."
sales_representative_014,Mason Nguyen,Sales Representative,Business Development Manager,8,"Mason Nguyen is a Business Development Manager with 8 years of experience helping organizations improve sales. At Summit Works, they partnered with business stakeholders to design and execute solutions that improved performance, workflow, and customer outcomes. drove measurable impact across product, delivery, and customer experience. 8 years of experience delivering sales across enterprise clients and startup stakeholders. led strategic initiatives impacting 19 teams and 8823 stakeholders.

Core capabilities include Sales Strategy, Closing, Lead Generation, Account Management, Presentation, CRM. Proficient with Salesforce, ZoomInfo, Outlook, LinkedIn Sales. Strong background in process design, stakeholder communication, reporting, and performance optimization. They are passionate about turning business goals into action plans that deliver measurable results in fast-moving environments."
sales_representative_015,Scarlett Walker,Sales Representative,Business Development Manager,13,"Scarlett Walker is a Business Development Manager with 13 years of experience helping organizations improve lead generation. At NorthStar Labs, they partnered with business stakeholders to design and execute solutions that improved performance, workflow, and customer outcomes. improved operational efficiency by 47%. led strategic initiatives impacting 17 teams and 13431 stakeholders. drove measurable impact across product, delivery, and customer experience.

Core capabilities include CRM, Account Management, Negotiation, Presentation, Closing, Pipeline Management. Proficient with Outlook, LinkedIn Sales, HubSpot, Salesforce. Strong background in process design, stakeholder communication, reporting, and performance optimization. They are passionate about turning business goals into action plans that deliver measurable results in fast-moving environments."
sales_representative_016,Ava Lee,Sales Representative,Sales Representative,12,"Ava Lee is a Sales Representative with 12 years of experience helping organizations improve pipeline. At Crestline Partners, they partnered with business stakeholders to design and execute solutions that improved performance, workflow, and customer outcomes. 12 years of experience delivering pipeline across enterprise clients and startup stakeholders. drove measurable impact across product, delivery, and customer experience. led strategic initiatives impacting 13 teams and 4010 stakeholders.

Core capabilities include Sales Strategy, Closing, Lead Generation, Negotiation, Account Management, Pipeline Management. Proficient with LinkedIn Sales, HubSpot, ZoomInfo, Salesforce. Strong background in process design, stakeholder communication, reporting, and performance optimization. They are passionate about turning business goals into action plans that deliver measurable results in fast-moving environments."
sales_representative_017,Hannah Brown,Sales Representative,Sales Representative,14,"Hannah Brown is a Sales Representative with 14 years of experience helping organizations improve account. At Oak & Pine, they partnered with business stakeholders to design and execute solutions that improved performance, workflow, and customer outcomes. led strategic initiatives impacting 5 teams and 11439 stakeholders. drove measurable impact across product, delivery, and customer experience. improved operational efficiency by 33%.

Core capabilities include Pipeline Management, CRM, Sales Strategy, Account Management, Closing, Presentation. Proficient with Salesforce, Outlook, Excel, LinkedIn Sales. Strong background in process design, stakeholder communication, reporting, and performance optimization. They are passionate about turning business goals into action plans that deliver measurable results in fast-moving environments."
sales_representative_018,Elijah Patel,Sales Representative,Sales Representative,3,"Elijah Patel is a Sales Representative with 3 years of experience helping organizations improve sales. At Signal Forge, they partnered with business stakeholders to design and execute solutions that improved performance, workflow, and customer outcomes. 3 years of experience delivering sales across regional partners and startup stakeholders. led strategic initiatives impacting 23 teams and 4048 stakeholders. improved operational efficiency by 38%.

Core capabilities include Presentation, Lead Generation, Closing, Negotiation, Pipeline Management, CRM. Proficient with Salesforce, LinkedIn Sales, Outlook, HubSpot. Strong background in process design, stakeholder communication, reporting, and performance optimization. They are passionate about turning business goals into action plans that deliver measurable results in fast-moving environments."
sales_representative_019,Leo Johnson,Sales Representative,Business Development Manager,2,"Leo Johnson is a Business Development Manager with 2 years of experience helping organizations improve account. At EchoWorks, they partnered with business stakeholders to design and execute solutions that improved performance, workflow, and customer outcomes. 2 years of experience delivering account across cross-functional teams and enterprise clients. drove measurable impact across product, delivery, and customer experience. led strategic initiatives impacting 19 teams and 8591 stakeholders.

Core capabilities include Lead Generation, Closing, Account Management, Negotiation, Sales Strategy, CRM. Proficient with HubSpot, ZoomInfo, LinkedIn Sales, Excel. Strong background in process design, stakeholder communication, reporting, and performance optimization. They are passionate about turning business goals into action plans that deliver measurable results in fast-moving environments."
sales_representative_020,Ava Thomas,Sales Representative,Sales Representative,3,"Ava Thomas is a Sales Representative with 3 years of experience helping organizations improve revenue. At Horizon One, they partnered with business stakeholders to design and execute solutions that improved performance, workflow, and customer outcomes. 3 years of experience delivering revenue across cross-functional teams and enterprise clients. drove measurable impact across product, delivery, and customer experience. improved operational efficiency by 40%.

Core capabilities include Account Management, Presentation, Negotiation, Closing, Sales Strategy, Lead Generation. Proficient with HubSpot, ZoomInfo, Excel, Salesforce. Strong background in process design, stakeholder communication, reporting, and performance optimization. They are passionate about turning business goals into action plans that deliver measurable results in fast-moving environments."
sales_representative_021,Ava Taylor,Sales Representative,Account Executive,3,"Ava Taylor is a Account Executive with 3 years of experience helping organizations improve negotiation. At Validus Capital, they partnered with business stakeholders to design and execute solutions that improved performance, workflow, and customer outcomes. led strategic initiatives impacting 19 teams and 12309 stakeholders. 3 years of experience delivering negotiation across enterprise clients and remote-first teams. drove measurable impact across product, delivery, and customer experience.

Core capabilities include Negotiation, Presentation, Sales Strategy, Pipeline Management, Lead Generation, Account Management. Proficient with Outlook, LinkedIn Sales, Excel, ZoomInfo. Strong background in process design, stakeholder communication, reporting, and performance optimization. They are passionate about turning business goals into action plans that deliver measurable results in fast-moving environments."
sales_representative_022,Ella Young,Sales Representative,Account Executive,2,"Ella Young is a Account Executive with 2 years of experience helping organizations improve lead generation. At Validus Capital, they partnered with business stakeholders to design and execute solutions that improved performance, workflow, and customer outcomes. improved operational efficiency by 50%. drove measurable impact across product, delivery, and customer experience. led strategic initiatives impacting 23 teams and 8857 stakeholders.

Core capabilities include Sales Strategy, Presentation, CRM, Negotiation, Lead Generation, Account Management. Proficient with Excel, Outlook, HubSpot, Salesforce. Strong background in process design, stakeholder communication, reporting, and performance optimization. They are passionate about turning business goals into action plans that deliver measurable results in fast-moving environments."
sales_representative_023,Jack Smith,Sales Representative,Sales Representative,12,"Jack Smith is a Sales Representative with 12 years of experience helping organizations improve sales. At Crestline Partners, they partnered with business stakeholders to design and execute solutions that improved performance, workflow, and customer outcomes. improved operational efficiency by 58%. 12 years of experience delivering sales across regional partners and cross-functional teams. led strategic initiatives impacting 12 teams and 3216 stakeholders.

Core capabilities include CRM, Negotiation, Account Management, Lead Generation, Presentation, Sales Strategy. Proficient with Salesforce, HubSpot, Outlook, LinkedIn Sales. Strong background in process design, stakeholder communication, reporting, and performance optimization. They are passionate about turning business goals into action plans that deliver measurable results in fast-moving environments."
sales_representative_024,Liam Wilson,Sales Representative,Business Development Manager,9,"Liam Wilson is a Business Development Manager with 9 years of experience helping organizations improve pipeline. At NorthStar Labs, they partnered with business stakeholders to design and execute solutions that improved performance, workflow, and customer outcomes. improved operational efficiency by 26%. 9 years of experience delivering pipeline across cross-functional teams and enterprise clients. led strategic initiatives impacting 6 teams and 11388 stakeholders.

Core capabilities include Lead Generation, Account Management, Negotiation, Pipeline Management, Sales Strategy, Closing. Proficient with ZoomInfo, LinkedIn Sales, HubSpot, Outlook. Strong background in process design, stakeholder communication, reporting, and performance optimization. They are passionate about turning business goals into action plans that deliver measurable results in fast-moving environments."
sales_representative_025,Mason Garcia,Sales Representative,Sales Representative,4,"Mason Garcia is a Sales Representative with 4 years of experience helping organizations improve lead generation. At EchoWorks, they partnered with business stakeholders to design and execute solutions that improved performance, workflow, and customer outcomes. drove measurable impact across product, delivery, and customer experience. improved operational efficiency by 39%. 4 years of experience delivering lead generation across enterprise clients and startup stakeholders.

Core capabilities include Closing, Lead Generation, CRM, Negotiation, Sales Strategy, Presentation. Proficient with LinkedIn Sales, HubSpot, Salesforce, ZoomInfo. Strong background in process design, stakeholder communication, reporting, and performance optimization. They are passionate about turning business goals into action plans that deliver measurable results in fast-moving environments."
sales_representative_026,Ava Nguyen,Sales Representative,Business Development Manager,13,"Ava Nguyen is a Business Development Manager with 13 years of experience helping organizations improve revenue. At Validus Capital, they partnered with business stakeholders to design and execute solutions that improved performance, workflow, and customer outcomes. 13 years of experience delivering revenue across cross-functional teams and regional partners. drove measurable impact across product, delivery, and customer experience. led strategic initiatives impacting 7 teams and 12203 stakeholders.

Core capabilities include Lead Generation, Presentation, Closing, Account Management, Pipeline Management, Negotiation. Proficient with ZoomInfo, Outlook, Salesforce, LinkedIn Sales. Strong background in process design, stakeholder communication, reporting, and performance optimization. They are passionate about turning business goals into action plans that deliver measurable results in fast-moving environments."
sales_representative_027,Avery Martin,Sales Representative,Business Development Manager,12,"Avery Martin is a Business Development Manager with 12 years of experience helping organizations improve revenue. At NorthStar Labs, they partnered with business stakeholders to design and execute solutions that improved performance, workflow, and customer outcomes. drove measurable impact across product, delivery, and customer experience. 12 years of experience delivering revenue across remote-first teams and cross-functional teams. improved operational efficiency by 65%.

Core capabilities include Negotiation, Lead Generation, CRM, Presentation, Sales Strategy, Pipeline Management. Proficient with Outlook, Excel, HubSpot, Salesforce. Strong background in process design, stakeholder communication, reporting, and performance optimization. They are passionate about turning business goals into action plans that deliver measurable results in fast-moving environments."
sales_representative_028,Samuel Johnson,Sales Representative,Sales Representative,11,"Samuel Johnson is a Sales Representative with 11 years of experience helping organizations improve sales. At Pioneer Enterprise, they partnered with business stakeholders to design and execute solutions that improved performance, workflow, and customer outcomes. improved operational efficiency by 47%. drove measurable impact across product, delivery, and customer experience. led strategic initiatives impacting 6 teams and 7277 stakeholders.

Core capabilities include Lead Generation, Sales Strategy, Closing, Account Management, Presentation, CRM. Proficient with Salesforce, LinkedIn Sales, ZoomInfo, Outlook. Strong background in process design, stakeholder communication, reporting, and performance optimization. They are passionate about turning business goals into action plans that deliver measurable results in fast-moving environments."
sales_representative_029,Mason Martin,Sales Representative,Account Executive,10,"Mason Martin is a Account Executive with 10 years of experience helping organizations improve revenue. At Summit Works, they partnered with business stakeholders to design and execute solutions that improved performance, workflow, and customer outcomes. drove measurable impact across product, delivery, and customer experience. led strategic initiatives impacting 11 teams and 12220 stakeholders. 10 years of experience delivering revenue across startup stakeholders and regional partners.

Core capabilities include Presentation, CRM, Closing, Sales Strategy, Account Management, Lead Generation. Proficient with LinkedIn Sales, Excel, Outlook, ZoomInfo. Strong background in process design, stakeholder communication, reporting, and performance optimization. They are passionate about turning business goals into action plans that deliver measurable results in fast-moving environments."
sales_representative_030,Harper Allen,Sales Representative,Business Development Manager,7,"Harper Allen is a Business Development Manager with 7 years of experience helping organizations improve sales. At Nova Metrics, they partnered with business stakeholders to design and execute solutions that improved performance, workflow, and customer outcomes. drove measurable impact across product, delivery, and customer experience. 7 years of experience delivering sales across startup stakeholders and enterprise clients. improved operational efficiency by 23%.

Core capabilities include Pipeline Management, Account Management, Closing, Lead Generation, Negotiation, Presentation. Proficient with HubSpot, Excel, Outlook, ZoomInfo. Strong background in process design, stakeholder communication, reporting, and performance optimization. They are passionate about turning business goals into action plans that deliver measurable results in fast-moving environments."
sales_representative_031,Sophia Davis,Sales Representative,Account Executive,10,"Sophia Davis is a Account Executive with 10 years of experience helping organizations improve lead generation. At Greenline Ventures, they partnered with business stakeholders to design and execute solutions that improved performance, workflow, and customer outcomes. improved operational efficiency by 65%. drove measurable impact across product, delivery, and customer experience. 10 years of experience delivering lead generation across regional partners and enterprise clients.

Core capabilities include Account Management, CRM, Closing, Negotiation, Sales Strategy, Presentation. Proficient with Outlook, Excel, Salesforce, LinkedIn Sales. Strong background in process design, stakeholder communication, reporting, and performance optimization. They are passionate about turning business goals into action plans that deliver measurable results in fast-moving environments."
sales_representative_032,Leo Martin,Sales Representative,Account Executive,11,"Leo Martin is a Account Executive with 11 years of experience helping organizations improve customer. At Pioneer Enterprise, they partnered with business stakeholders to design and execute solutions that improved performance, workflow, and customer outcomes. improved operational efficiency by 52%. led strategic initiatives impacting 12 teams and 4684 stakeholders. 11 years of experience delivering customer across enterprise clients and remote-first teams.

Core capabilities include Presentation, CRM, Negotiation, Account Management, Closing, Sales Strategy. Proficient with HubSpot, LinkedIn Sales, ZoomInfo, Salesforce. Strong background in process design, stakeholder communication, reporting, and performance optimization. They are passionate about turning business goals into action plans that deliver measurable results in fast-moving environments."
sales_representative_033,Mia Garcia,Sales Representative,Sales Representative,3,"Mia Garcia is a Sales Representative with 3 years of experience helping organizations improve lead generation. At CloudBridge, they partnered with business stakeholders to design and execute solutions that improved performance, workflow, and customer outcomes. led strategic initiatives impacting 15 teams and 14042 stakeholders. improved operational efficiency by 49%. drove measurable impact across product, delivery, and customer experience.

Core capabilities include Account Management, Presentation, Closing, Pipeline Management, Lead Generation, Negotiation. Proficient with Salesforce, LinkedIn Sales, Outlook, HubSpot. Strong background in process design, stakeholder communication, reporting, and performance optimization. They are passionate about turning business goals into action plans that deliver measurable results in fast-moving environments."
sales_representative_034,Jack Lee,Sales Representative,Business Development Manager,5,"Jack Lee is a Business Development Manager with 5 years of experience helping organizations improve negotiation. At Oak & Pine, they partnered with business stakeholders to design and execute solutions that improved performance, workflow, and customer outcomes. drove measurable impact across product, delivery, and customer experience. improved operational efficiency by 26%. led strategic initiatives impacting 7 teams and 3901 stakeholders.

Core capabilities include Account Management, Pipeline Management, Lead Generation, CRM, Closing, Negotiation. Proficient with Excel, Outlook, ZoomInfo, Salesforce. Strong background in process design, stakeholder communication, reporting, and performance optimization. They are passionate about turning business goals into action plans that deliver measurable results in fast-moving environments."
sales_representative_035,Lucas Young,Sales Representative,Account Executive,2,"Lucas Young is a Account Executive with 2 years of experience helping organizations improve customer. At Pioneer Enterprise, they partnered with business stakeholders to design and execute solutions that improved performance, workflow, and customer outcomes. led strategic initiatives impacting 14 teams and 14832 stakeholders. 2 years of experience delivering customer across regional partners and startup stakeholders. drove measurable impact across product, delivery, and customer experience.

Core capabilities include Account Management, Presentation, Pipeline Management, CRM, Sales Strategy, Negotiation. Proficient with HubSpot, ZoomInfo, Excel, Outlook. Strong background in process design, stakeholder communication, reporting, and performance optimization. They are passionate about turning business goals into action plans that deliver measurable results in fast-moving environments."
sales_representative_036,Elijah Patel,Sales Representative,Business Development Manager,6,"Elijah Patel is a Business Development Manager with 6 years of experience helping organizations improve account. At Summit Works, they partnered with business stakeholders to design and execute solutions that improved performance, workflow, and customer outcomes. 6 years of experience delivering account across remote-first teams and cross-functional teams. improved operational efficiency by 33%. drove measurable impact across product, delivery, and customer experience.

Core capabilities include Lead Generation, CRM, Account Management, Pipeline Management, Sales Strategy, Negotiation. Proficient with HubSpot, ZoomInfo, Salesforce, Excel. Strong background in process design, stakeholder communication, reporting, and performance optimization. They are passionate about turning business goals into action plans that deliver measurable results in fast-moving environments."
sales_representative_037,Leo Lee,Sales Representative,Account Executive,14,"Leo Lee is a Account Executive with 14 years of experience helping organizations improve sales. At BrightPath Group, they partnered with business stakeholders to design and execute solutions that improved performance, workflow, and customer outcomes. 14 years of experience delivering sales across startup stakeholders and remote-first teams. improved operational efficiency by 28%. drove measurable impact across product, delivery, and customer experience.

Core capabilities include Closing, Pipeline Management, Lead Generation, Negotiation, Account Management, Sales Strategy. Proficient with Salesforce, Excel, Outlook, LinkedIn Sales. Strong background in process design, stakeholder communication, reporting, and performance optimization. They are passionate about turning business goals into action plans that deliver measurable results in fast-moving environments."
sales_representative_038,Liam Young,Sales Representative,Business Development Manager,7,"Liam Young is a Business Development Manager with 7 years of experience helping organizations improve account. At Greenline Ventures, they partnered with business stakeholders to design and execute solutions that improved performance, workflow, and customer outcomes. improved operational efficiency by 49%. drove measurable impact across product, delivery, and customer experience. 7 years of experience delivering account across enterprise clients and regional partners.

Core capabilities include Lead Generation, CRM, Account Management, Presentation, Negotiation, Closing. Proficient with Outlook, ZoomInfo, LinkedIn Sales, HubSpot. Strong background in process design, stakeholder communication, reporting, and performance optimization. They are passionate about turning business goals into action plans that deliver measurable results in fast-moving environments."
sales_representative_039,Michael Jackson,Sales Representative,Business Development Manager,13,"Michael Jackson is a Business Development Manager with 13 years of experience helping organizations improve revenue. At Signal Forge, they partnered with business stakeholders to design and execute solutions that improved performance, workflow, and customer outcomes. 13 years of experience delivering revenue across startup stakeholders and cross-functional teams. improved operational efficiency by 30%. led strategic initiatives impacting 19 teams and 1055 stakeholders.

Core capabilities include CRM, Negotiation, Lead Generation, Account Management, Pipeline Management, Sales Strategy. Proficient with Outlook, ZoomInfo, Excel, LinkedIn Sales. Strong background in process design, stakeholder communication, reporting, and performance optimization. They are passionate about turning business goals into action plans that deliver measurable results in fast-moving environments."
sales_representative_040,Mia Taylor,Sales Representative,Sales Representative,9,"Mia Taylor is a Sales Representative with 9 years of experience helping organizations improve customer. At Mercury Systems, they partnered with business stakeholders to design and execute solutions that improved performance, workflow, and customer outcomes. led strategic initiatives impacting 10 teams and 6239 stakeholders. drove measurable impact across product, delivery, and customer experience. 9 years of experience delivering customer across cross-functional teams and enterprise clients.

Core capabilities include Negotiation, Sales Strategy, CRM, Account Management, Presentation, Lead Generation. Proficient with Salesforce, HubSpot, ZoomInfo, LinkedIn Sales. Strong background in process design, stakeholder communication, reporting, and performance optimization. They are passionate about turning business goals into action plans that deliver measurable results in fast-moving environments."
sales_representative_041,Ethan Jackson,Sales Representative,Sales Representative,11,"Ethan Jackson is a Sales Representative with 11 years of experience helping organizations improve pipeline. At Summit Works, they partnered with business stakeholders to design and execute solutions that improved performance, workflow, and customer outcomes. drove measurable impact across product, delivery, and customer experience. improved operational efficiency by 30%. 11 years of experience delivering pipeline across cross-functional teams and enterprise clients.

Core capabilities include Lead Generation, Pipeline Management, Account Management, Sales Strategy, Negotiation, Closing. Proficient with Outlook, Salesforce, ZoomInfo, Excel. Strong background in process design, stakeholder communication, reporting, and performance optimization. They are passionate about turning business goals into action plans that deliver measurable results in fast-moving environments."
sales_representative_042,Michael Moore,Sales Representative,Sales Representative,13,"Michael Moore is a Sales Representative with 13 years of experience helping organizations improve sales. At BluePeak Solutions, they partnered with business stakeholders to design and execute solutions that improved performance, workflow, and customer outcomes. led strategic initiatives impacting 9 teams and 11484 stakeholders. 13 years of experience delivering sales across cross-functional teams and regional partners. drove measurable impact across product, delivery, and customer experience.

Core capabilities include CRM, Pipeline Management, Account Management, Lead Generation, Negotiation, Presentation. Proficient with HubSpot, LinkedIn Sales, Outlook, ZoomInfo. Strong background in process design, stakeholder communication, reporting, and performance optimization. They are passionate about turning business goals into action plans that deliver measurable results in fast-moving environments."
sales_representative_043,Michael Scott,Sales Representative,Account Executive,4,"Michael Scott is a Account Executive with 4 years of experience helping organizations improve sales. At Lakeview Health, they partnered with business stakeholders to design and execute solutions that improved performance, workflow, and customer outcomes. 4 years of experience delivering sales across regional partners and remote-first teams. led strategic initiatives impacting 20 teams and 7506 stakeholders. improved operational efficiency by 20%.

Core capabilities include Pipeline Management, CRM, Lead Generation, Negotiation, Presentation, Sales Strategy. Proficient with HubSpot, Excel, ZoomInfo, Outlook. Strong background in process design, stakeholder communication, reporting, and performance optimization. They are passionate about turning business goals into action plans that deliver measurable results in fast-moving environments."
sales_representative_044,Mia Walker,Sales Representative,Sales Representative,8,"Mia Walker is a Sales Representative with 8 years of experience helping organizations improve customer. At Greenline Ventures, they partnered with business stakeholders to design and execute solutions that improved performance, workflow, and customer outcomes. improved operational efficiency by 43%. drove measurable impact across product, delivery, and customer experience. 8 years of experience delivering customer across enterprise clients and cross-functional teams.

Core capabilities include Closing, Presentation, Sales Strategy, Pipeline Management, Negotiation, Account Management. Proficient with ZoomInfo, Salesforce, Outlook, Excel. Strong background in process design, stakeholder communication, reporting, and performance optimization. They are passionate about turning business goals into action plans that deliver measurable results in fast-moving environments."
sales_representative_045,Liam Harris,Sales Representative,Account Executive,14,"Liam Harris is a Account Executive with 14 years of experience helping organizations improve revenue. At Evergreen Consulting, they partnered with business stakeholders to design and execute solutions that improved performance, workflow, and customer outcomes. improved operational efficiency by 31%. 14 years of experience delivering revenue across cross-functional teams and regional partners. drove measurable impact across product, delivery, and customer experience.

Core capabilities include Presentation, Account Management, CRM, Pipeline Management, Closing, Negotiation. Proficient with ZoomInfo, HubSpot, LinkedIn Sales, Outlook. Strong background in process design, stakeholder communication, reporting, and performance optimization. They are passionate about turning business goals into action plans that deliver measurable results in fast-moving environments."
sales_representative_046,Luna Patel,Sales Representative,Account Executive,3,"Luna Patel is a Account Executive with 3 years of experience helping organizations improve revenue. At Pioneer Enterprise, they partnered with business stakeholders to design and execute solutions that improved performance, workflow, and customer outcomes. drove measurable impact across product, delivery, and customer experience. 3 years of experience delivering revenue across startup stakeholders and enterprise clients. improved operational efficiency by 42%.

Core capabilities include Pipeline Management, CRM, Negotiation, Presentation, Account Management, Closing. Proficient with Excel, HubSpot, Outlook, LinkedIn Sales. Strong background in process design, stakeholder communication, reporting, and performance optimization. They are passionate about turning business goals into action plans that deliver measurable results in fast-moving environments."
sales_representative_047,Noah Moore,Sales Representative,Sales Representative,12,"Noah Moore is a Sales Representative with 12 years of experience helping organizations improve revenue. At Greenline Ventures, they partnered with business stakeholders to design and execute solutions that improved performance, workflow, and customer outcomes. drove measurable impact across product, delivery, and customer experience. 12 years of experience delivering revenue across remote-first teams and enterprise clients. improved operational efficiency by 33%.

Core capabilities include Closing, Presentation, Negotiation, Sales Strategy, Pipeline Management, CRM. Proficient with Salesforce, LinkedIn Sales, ZoomInfo, Outlook. Strong background in process design, stakeholder communication, reporting, and performance optimization. They are passionate about turning business goals into action plans that deliver measurable results in fast-moving environments."
sales_representative_048,Ethan Young,Sales Representative,Business Development Manager,4,"Ethan Young is a Business Development Manager with 4 years of experience helping organizations improve sales. At Vertex Studios, they partnered with business stakeholders to design and execute solutions that improved performance, workflow, and customer outcomes. 4 years of experience delivering sales across cross-functional teams and startup stakeholders. improved operational efficiency by 60%. drove measurable impact across product, delivery, and customer experience.

Core capabilities include Negotiation, Closing, Lead Generation, Presentation, Account Management, CRM. Proficient with Salesforce, Outlook, LinkedIn Sales, ZoomInfo. Strong background in process design, stakeholder communication, reporting, and performance optimization. They are passionate about turning business goals into action plans that deliver measurable results in fast-moving environments."
sales_representative_049,Scarlett Nguyen,Sales Representative,Business Development Manager,7,"Scarlett Nguyen is a Business Development Manager with 7 years of experience helping organizations improve pipeline. At PrimeCore, they partnered with business stakeholders to design and execute solutions that improved performance, workflow, and customer outcomes. 7 years of experience delivering pipeline across remote-first teams and regional partners. drove measurable impact across product, delivery, and customer experience. improved operational efficiency by 45%.

Core capabilities include Negotiation, Presentation, Closing, Sales Strategy, CRM, Pipeline Management. Proficient with ZoomInfo, LinkedIn Sales, Salesforce, Excel. Strong background in process design, stakeholder communication, reporting, and performance optimization. They are passionate about turning business goals into action plans that deliver measurable results in fast-moving environments."
sales_representative_050,Matthew Lee,Sales Representative,Account Executive,7,"Matthew Lee is a Account Executive with 7 years of experience helping organizations improve negotiation. At Oak & Pine, they partnered with business stakeholders to design and execute solutions that improved performance, workflow, and customer outcomes. led strategic initiatives impacting 24 teams and 11682 stakeholders. 7 years of experience delivering negotiation across cross-functional teams and enterprise clients. drove measurable impact across product, delivery, and customer experience.

Core capabilities include Closing, CRM, Negotiation, Sales Strategy, Lead Generation, Pipeline Management. Proficient with HubSpot, Salesforce, LinkedIn Sales, Outlook. Strong background in process design, stakeholder communication, reporting, and performance optimization. They are passionate about turning business goals into action plans that deliver measurable results in fast-moving environments."
sales_representative_051,Liam Brown,Sales Representative,Business Development Manager,3,"Liam Brown is a Business Development Manager with 3 years of experience helping organizations improve account. At Summit Works, they partnered with business stakeholders to design and execute solutions that improved performance, workflow, and customer outcomes. led strategic initiatives impacting 7 teams and 3702 stakeholders. improved operational efficiency by 31%. drove measurable impact across product, delivery, and customer experience.

Core capabilities include Lead Generation, Presentation, Account Management, Closing, Pipeline Management, Negotiation. Proficient with Outlook, Excel, ZoomInfo, HubSpot. Strong background in process design, stakeholder communication, reporting, and performance optimization. They are passionate about turning business goals into action plans that deliver measurable results in fast-moving environments."
sales_representative_052,Harper Martin,Sales Representative,Account Executive,14,"Harper Martin is a Account Executive with 14 years of experience helping organizations improve account. At Validus Capital, they partnered with business stakeholders to design and execute solutions that improved performance, workflow, and customer outcomes. drove measurable impact across product, delivery, and customer experience. 14 years of experience delivering account across startup stakeholders and remote-first teams. led strategic initiatives impacting 25 teams and 4407 stakeholders.

Core capabilities include CRM, Lead Generation, Account Management, Presentation, Sales Strategy, Negotiation. Proficient with LinkedIn Sales, Outlook, ZoomInfo, Excel. Strong background in process design, stakeholder communication, reporting, and performance optimization. They are passionate about turning business goals into action plans that deliver measurable results in fast-moving environments."
sales_representative_053,Avery Martin,Sales Representative,Account Executive,14,"Avery Martin is a Account Executive with 14 years of experience helping organizations improve negotiation. At Mercury Systems, they partnered with business stakeholders to design and execute solutions that improved performance, workflow, and customer outcomes. drove measurable impact across product, delivery, and customer experience. improved operational efficiency by 40%. led strategic initiatives impacting 5 teams and 13690 stakeholders.

Core capabilities include Account Management, CRM, Negotiation, Sales Strategy, Presentation, Pipeline Management. Proficient with HubSpot, Salesforce, Excel, Outlook. Strong background in process design, stakeholder communication, reporting, and performance optimization. They are passionate about turning business goals into action plans that deliver measurable results in fast-moving environments."
sales_representative_054,Henry Smith,Sales Representative,Account Executive,12,"Henry Smith is a Account Executive with 12 years of experience helping organizations improve negotiation. At Crestline Partners, they partnered with business stakeholders to design and execute solutions that improved performance, workflow, and customer outcomes. led strategic initiatives impacting 17 teams and 5878 stakeholders. drove measurable impact across product, delivery, and customer experience. improved operational efficiency by 49%.

Core capabilities include Pipeline Management, Lead Generation, Sales Strategy, Account Management, Closing, Presentation. Proficient with ZoomInfo, Outlook, Excel, HubSpot. Strong background in process design, stakeholder communication, reporting, and performance optimization. They are passionate about turning business goals into action plans that deliver measurable results in fast-moving environments."
sales_representative_055,Leo Martin,Sales Representative,Business Development Manager,5,"Leo Martin is a Business Development Manager with 5 years of experience helping organizations improve negotiation. At Pioneer Enterprise, they partnered with business stakeholders to design and execute solutions that improved performance, workflow, and customer outcomes. led strategic initiatives impacting 11 teams and 1616 stakeholders. improved operational efficiency by 48%. drove measurable impact across product, delivery, and customer experience.

Core capabilities include Account Management, Lead Generation, Closing, Sales Strategy, CRM, Negotiation. Proficient with Salesforce, Excel, ZoomInfo, Outlook. Strong background in process design, stakeholder communication, reporting, and performance optimization. They are passionate about turning business goals into action plans that deliver measurable results in fast-moving environments."
sales_representative_056,Isaac Johnson,Sales Representative,Business Development Manager,9,"Isaac Johnson is a Business Development Manager with 9 years of experience helping organizations improve sales. At BluePeak Solutions, they partnered with business stakeholders to design and execute solutions that improved performance, workflow, and customer outcomes. 9 years of experience delivering sales across enterprise clients and remote-first teams. led strategic initiatives impacting 19 teams and 12780 stakeholders. improved operational efficiency by 55%.

Core capabilities include Negotiation, Account Management, Pipeline Management, CRM, Closing, Presentation. Proficient with Excel, ZoomInfo, HubSpot, Outlook. Strong background in process design, stakeholder communication, reporting, and performance optimization. They are passionate about turning business goals into action plans that deliver measurable results in fast-moving environments."
sales_representative_057,Isabella Kim,Sales Representative,Sales Representative,10,"Isabella Kim is a Sales Representative with 10 years of experience helping organizations improve account. At Crestline Partners, they partnered with business stakeholders to design and execute solutions that improved performance, workflow, and customer outcomes. drove measurable impact across product, delivery, and customer experience. improved operational efficiency by 57%. led strategic initiatives impacting 17 teams and 6712 stakeholders.

Core capabilities include Closing, Lead Generation, Account Management, Negotiation, Presentation, Pipeline Management. Proficient with HubSpot, Salesforce, LinkedIn Sales, ZoomInfo. Strong background in process design, stakeholder communication, reporting, and performance optimization. They are passionate about turning business goals into action plans that deliver measurable results in fast-moving environments."
sales_representative_058,Elijah Smith,Sales Representative,Business Development Manager,14,"Elijah Smith is a Business Development Manager with 14 years of experience helping organizations improve pipeline. At PrimeCore, they partnered with business stakeholders to design and execute solutions that improved performance, workflow, and customer outcomes. drove measurable impact across product, delivery, and customer experience. improved operational efficiency by 66%. led strategic initiatives impacting 24 teams and 4972 stakeholders.

Core capabilities include Pipeline Management, Account Management, Negotiation, CRM, Closing, Sales Strategy. Proficient with LinkedIn Sales, Outlook, Salesforce, HubSpot. Strong background in process design, stakeholder communication, reporting, and performance optimization. They are passionate about turning business goals into action plans that deliver measurable results in fast-moving environments."
sales_representative_059,Abigail Garcia,Sales Representative,Account Executive,6,"Abigail Garcia is a Account Executive with 6 years of experience helping organizations improve negotiation. At Oak & Pine, they partnered with business stakeholders to design and execute solutions that improved performance, workflow, and customer outcomes. drove measurable impact across product, delivery, and customer experience. 6 years of experience delivering negotiation across cross-functional teams and startup stakeholders. led strategic initiatives impacting 11 teams and 10430 stakeholders.

Core capabilities include Pipeline Management, Sales Strategy, Closing, Account Management, Negotiation, Presentation. Proficient with HubSpot, Salesforce, LinkedIn Sales, ZoomInfo. Strong background in process design, stakeholder communication, reporting, and performance optimization. They are passionate about turning business goals into action plans that deliver measurable results in fast-moving environments."
sales_representative_060,Charlotte Kim,Sales Representative,Sales Representative,14,"Charlotte Kim is a Sales Representative with 14 years of experience helping organizations improve customer. At EchoWorks, they partnered with business stakeholders to design and execute solutions that improved performance, workflow, and customer outcomes. led strategic initiatives impacting 25 teams and 12628 stakeholders. improved operational efficiency by 36%. drove measurable impact across product, delivery, and customer experience.

Core capabilities include Closing, Negotiation, Sales Strategy, Presentation, Account Management, Pipeline Management. Proficient with Salesforce, ZoomInfo, LinkedIn Sales, HubSpot. Strong background in process design, stakeholder communication, reporting, and performance optimization. They are passionate about turning business goals into action plans that deliver measurable results in fast-moving environments."
sales_representative_061,Scarlett Allen,Sales Representative,Sales Representative,14,"Scarlett Allen is a Sales Representative with 14 years of experience helping organizations improve account. At Lakeview Health, they partnered with business stakeholders to design and execute solutions that improved performance, workflow, and customer outcomes. 14 years of experience delivering account across cross-functional teams and regional partners. led strategic initiatives impacting 6 teams and 14483 stakeholders. improved operational efficiency by 54%.

Core capabilities include Sales Strategy, Negotiation, Closing, Account Management, CRM, Presentation. Proficient with Outlook, ZoomInfo, LinkedIn Sales, HubSpot. Strong background in process design, stakeholder communication, reporting, and performance optimization. They are passionate about turning business goals into action plans that deliver measurable results in fast-moving environments."
sales_representative_062,Olivia Brown,Sales Representative,Sales Representative,5,"Olivia Brown is a Sales Representative with 5 years of experience helping organizations improve lead generation. At Greenline Ventures, they partnered with business stakeholders to design and execute solutions that improved performance, workflow, and customer outcomes. improved operational efficiency by 23%. 5 years of experience delivering lead generation across enterprise clients and startup stakeholders. led strategic initiatives impacting 23 teams and 10985 stakeholders.

Core capabilities include Closing, CRM, Lead Generation, Presentation, Account Management, Sales Strategy. Proficient with LinkedIn Sales, Outlook, Excel, ZoomInfo. Strong background in process design, stakeholder communication, reporting, and performance optimization. They are passionate about turning business goals into action plans that deliver measurable results in fast-moving environments."
sales_representative_063,Daniel Young,Sales Representative,Business Development Manager,5,"Daniel Young is a Business Development Manager with 5 years of experience helping organizations improve pipeline. At BluePeak Solutions, they partnered with business stakeholders to design and execute solutions that improved performance, workflow, and customer outcomes. improved operational efficiency by 30%. 5 years of experience delivering pipeline across remote-first teams and cross-functional teams. drove measurable impact across product, delivery, and customer experience.

Core capabilities include Account Management, Lead Generation, Presentation, Negotiation, Sales Strategy, Closing. Proficient with HubSpot, Outlook, LinkedIn Sales, Salesforce. Strong background in process design, stakeholder communication, reporting, and performance optimization. They are passionate about turning business goals into action plans that deliver measurable results in fast-moving environments."
sales_representative_064,Amelia Smith,Sales Representative,Business Development Manager,6,"Amelia Smith is a Business Development Manager with 6 years of experience helping organizations improve account. At Vertex Studios, they partnered with business stakeholders to design and execute solutions that improved performance, workflow, and customer outcomes. drove measurable impact across product, delivery, and customer experience. led strategic initiatives impacting 22 teams and 13967 stakeholders. 6 years of experience delivering account across regional partners and enterprise clients.

Core capabilities include Pipeline Management, Lead Generation, Negotiation, Sales Strategy, Closing, Account Management. Proficient with HubSpot, ZoomInfo, Outlook, LinkedIn Sales. Strong background in process design, stakeholder communication, reporting, and performance optimization. They are passionate about turning business goals into action plans that deliver measurable results in fast-moving environments."
sales_representative_065,Hannah Wilson,Sales Representative,Business Development Manager,14,"Hannah Wilson is a Business Development Manager with 14 years of experience helping organizations improve customer. At BluePeak Solutions, they partnered with business stakeholders to design and execute solutions that improved performance, workflow, and customer outcomes. improved operational efficiency by 31%. 14 years of experience delivering customer across enterprise clients and remote-first teams. led strategic initiatives impacting 15 teams and 1957 stakeholders.

Core capabilities include Sales Strategy, Negotiation, Account Management, Closing, Lead Generation, Presentation. Proficient with LinkedIn Sales, Salesforce, ZoomInfo, HubSpot. Strong background in process design, stakeholder communication, reporting, and performance optimization. They are passionate about turning business goals into action plans that deliver measurable results in fast-moving environments."
sales_representative_066,Noah Johnson,Sales Representative,Sales Representative,10,"Noah Johnson is a Sales Representative with 10 years of experience helping organizations improve customer. At Nova Metrics, they partnered with business stakeholders to design and execute solutions that improved performance, workflow, and customer outcomes. improved operational efficiency by 57%. 10 years of experience delivering customer across regional partners and cross-functional teams. drove measurable impact across product, delivery, and customer experience.

Core capabilities include Pipeline Management, Lead Generation, Presentation, CRM, Negotiation, Account Management. Proficient with LinkedIn Sales, HubSpot, Outlook, Salesforce. Strong background in process design, stakeholder communication, reporting, and performance optimization. They are passionate about turning business goals into action plans that deliver measurable results in fast-moving environments."
sales_representative_067,Jack Moore,Sales Representative,Account Executive,3,"Jack Moore is a Account Executive with 3 years of experience helping organizations improve account. At Lakeview Health, they partnered with business stakeholders to design and execute solutions that improved performance, workflow, and customer outcomes. 3 years of experience delivering account across enterprise clients and startup stakeholders. improved operational efficiency by 68%. drove measurable impact across product, delivery, and customer experience.

Core capabilities include Lead Generation, Sales Strategy, Negotiation, Presentation, Account Management, Pipeline Management. Proficient with LinkedIn Sales, ZoomInfo, Outlook, HubSpot. Strong background in process design, stakeholder communication, reporting, and performance optimization. They are passionate about turning business goals into action plans that deliver measurable results in fast-moving environments."
sales_representative_068,Mason Harris,Sales Representative,Account Executive,11,"Mason Harris is a Account Executive with 11 years of experience helping organizations improve pipeline. At Lakeview Health, they partnered with business stakeholders to design and execute solutions that improved performance, workflow, and customer outcomes. drove measurable impact across product, delivery, and customer experience. improved operational efficiency by 65%. 11 years of experience delivering pipeline across cross-functional teams and regional partners.

Core capabilities include Account Management, Negotiation, Closing, Sales Strategy, Presentation, Lead Generation. Proficient with Excel, LinkedIn Sales, HubSpot, Salesforce. Strong background in process design, stakeholder communication, reporting, and performance optimization. They are passionate about turning business goals into action plans that deliver measurable results in fast-moving environments."
sales_representative_069,Elijah Patel,Sales Representative,Sales Representative,6,"Elijah Patel is a Sales Representative with 6 years of experience helping organizations improve lead generation. At CloudBridge, they partnered with business stakeholders to design and execute solutions that improved performance, workflow, and customer outcomes. 6 years of experience delivering lead generation across cross-functional teams and regional partners. improved operational efficiency by 60%. led strategic initiatives impacting 9 teams and 5795 stakeholders.

Core capabilities include CRM, Sales Strategy, Negotiation, Pipeline Management, Closing, Account Management. Proficient with Salesforce, Outlook, Excel, ZoomInfo. Strong background in process design, stakeholder communication, reporting, and performance optimization. They are passionate about turning business goals into action plans that deliver measurable results in fast-moving environments."
sales_representative_070,Chloe Jackson,Sales Representative,Business Development Manager,12,"Chloe Jackson is a Business Development Manager with 12 years of experience helping organizations improve customer. At Horizon One, they partnered with business stakeholders to design and execute solutions that improved performance, workflow, and customer outcomes. improved operational efficiency by 21%. drove measurable impact across product, delivery, and customer experience. led strategic initiatives impacting 17 teams and 6894 stakeholders.

Core capabilities include Closing, Account Management, Sales Strategy, Lead Generation, Pipeline Management, Negotiation. Proficient with LinkedIn Sales, ZoomInfo, Salesforce, Excel. Strong background in process design, stakeholder communication, reporting, and performance optimization. They are passionate about turning business goals into action plans that deliver measurable results in fast-moving environments."
sales_representative_071,Mason Harris,Sales Representative,Account Executive,4,"Mason Harris is a Account Executive with 4 years of experience helping organizations improve pipeline. At Validus Capital, they partnered with business stakeholders to design and execute solutions that improved performance, workflow, and customer outcomes. led strategic initiatives impacting 9 teams and 5053 stakeholders. 4 years of experience delivering pipeline across remote-first teams and regional partners. drove measurable impact across product, delivery, and customer experience.

Core capabilities include Negotiation, Closing, Presentation, CRM, Sales Strategy, Pipeline Management. Proficient with Excel, LinkedIn Sales, ZoomInfo, HubSpot. Strong background in process design, stakeholder communication, reporting, and performance optimization. They are passionate about turning business goals into action plans that deliver measurable results in fast-moving environments."
sales_representative_072,Chloe Allen,Sales Representative,Sales Representative,14,"Chloe Allen is a Sales Representative with 14 years of experience helping organizations improve account. At Pioneer Enterprise, they partnered with business stakeholders to design and execute solutions that improved performance, workflow, and customer outcomes. 14 years of experience delivering account across regional partners and startup stakeholders. improved operational efficiency by 65%. led strategic initiatives impacting 24 teams and 1819 stakeholders.

Core capabilities include Negotiation, Closing, Sales Strategy, Account Management, Pipeline Management, Lead Generation. Proficient with Outlook, ZoomInfo, Salesforce, Excel. Strong background in process design, stakeholder communication, reporting, and performance optimization. They are passionate about turning business goals into action plans that deliver measurable results in fast-moving environments."
sales_representative_073,Joseph Smith,Sales Representative,Account Executive,2,"Joseph Smith is a Account Executive with 2 years of experience helping organizations improve revenue. At Pioneer Enterprise, they partnered with business stakeholders to design and execute solutions that improved performance, workflow, and customer outcomes. 2 years of experience delivering revenue across cross-functional teams and remote-first teams. led strategic initiatives impacting 8 teams and 9093 stakeholders. drove measurable impact across product, delivery, and customer experience.

Core capabilities include Lead Generation, Pipeline Management, Negotiation, CRM, Sales Strategy, Presentation. Proficient with Outlook, Excel, LinkedIn Sales, ZoomInfo. Strong background in process design, stakeholder communication, reporting, and performance optimization. They are passionate about turning business goals into action plans that deliver measurable results in fast-moving environments."
sales_representative_074,Mason Harris,Sales Representative,Business Development Manager,13,"Mason Harris is a Business Development Manager with 13 years of experience helping organizations improve pipeline. At Nova Metrics, they partnered with business stakeholders to design and execute solutions that improved performance, workflow, and customer outcomes. drove measurable impact across product, delivery, and customer experience. led strategic initiatives impacting 17 teams and 12126 stakeholders. improved operational efficiency by 29%.

Core capabilities include Lead Generation, Negotiation, Pipeline Management, Closing, Presentation, Sales Strategy. Proficient with Salesforce, LinkedIn Sales, Outlook, Excel. Strong background in process design, stakeholder communication, reporting, and performance optimization. They are passionate about turning business goals into action plans that deliver measurable results in fast-moving environments."
sales_representative_075,Matthew Moore,Sales Representative,Sales Representative,5,"Matthew Moore is a Sales Representative with 5 years of experience helping organizations improve lead generation. At Crestline Partners, they partnered with business stakeholders to design and execute solutions that improved performance, workflow, and customer outcomes. drove measurable impact across product, delivery, and customer experience. 5 years of experience delivering lead generation across regional partners and startup stakeholders. improved operational efficiency by 50%.

Core capabilities include Sales Strategy, Account Management, Pipeline Management, Negotiation, Presentation, Lead Generation. Proficient with LinkedIn Sales, Excel, ZoomInfo, Salesforce. Strong background in process design, stakeholder communication, reporting, and performance optimization. They are passionate about turning business goals into action plans that deliver measurable results in fast-moving environments."
sales_representative_076,David Patel,Sales Representative,Sales Representative,2,"David Patel is a Sales Representative with 2 years of experience helping organizations improve revenue. At CloudBridge, they partnered with business stakeholders to design and execute solutions that improved performance, workflow, and customer outcomes. led strategic initiatives impacting 10 teams and 7508 stakeholders. drove measurable impact across product, delivery, and customer experience. 2 years of experience delivering revenue across startup stakeholders and remote-first teams.

Core capabilities include Account Management, Pipeline Management, Closing, Lead Generation, CRM, Sales Strategy. Proficient with Outlook, LinkedIn Sales, HubSpot, Excel. Strong background in process design, stakeholder communication, reporting, and performance optimization. They are passionate about turning business goals into action plans that deliver measurable results in fast-moving environments."
sales_representative_077,Charlotte Scott,Sales Representative,Account Executive,7,"Charlotte Scott is a Account Executive with 7 years of experience helping organizations improve negotiation. At PrimeCore, they partnered with business stakeholders to design and execute solutions that improved performance, workflow, and customer outcomes. drove measurable impact across product, delivery, and customer experience. led strategic initiatives impacting 7 teams and 7543 stakeholders. 7 years of experience delivering negotiation across cross-functional teams and enterprise clients.

Core capabilities include Lead Generation, CRM, Negotiation, Closing, Pipeline Management, Account Management. Proficient with LinkedIn Sales, HubSpot, Outlook, ZoomInfo. Strong background in process design, stakeholder communication, reporting, and performance optimization. They are passionate about turning business goals into action plans that deliver measurable results in fast-moving environments."
sales_representative_078,Mason Scott,Sales Representative,Sales Representative,2,"Mason Scott is a Sales Representative with 2 years of experience helping organizations improve lead generation. At Oak & Pine, they partnered with business stakeholders to design and execute solutions that improved performance, workflow, and customer outcomes. drove measurable impact across product, delivery, and customer experience. led strategic initiatives impacting 23 teams and 6205 stakeholders. improved operational efficiency by 27%.

Core capabilities include Account Management, Pipeline Management, Closing, Negotiation, Presentation, CRM. Proficient with LinkedIn Sales, Salesforce, Outlook, HubSpot. Strong background in process design, stakeholder communication, reporting, and performance optimization. They are passionate about turning business goals into action plans that deliver measurable results in fast-moving environments."
sales_representative_079,Harper Jackson,Sales Representative,Sales Representative,9,"Harper Jackson is a Sales Representative with 9 years of experience helping organizations improve lead generation. At Lakeview Health, they partnered with business stakeholders to design and execute solutions that improved performance, workflow, and customer outcomes. drove measurable impact across product, delivery, and customer experience. 9 years of experience delivering lead generation across remote-first teams and regional partners. led strategic initiatives impacting 21 teams and 1443 stakeholders.

Core capabilities include CRM, Account Management, Lead Generation, Negotiation, Closing, Presentation. Proficient with HubSpot, Salesforce, ZoomInfo, Excel. Strong background in process design, stakeholder communication, reporting, and performance optimization. They are passionate about turning business goals into action plans that deliver measurable results in fast-moving environments."
sales_representative_080,Benjamin Kim,Sales Representative,Sales Representative,12,"Benjamin Kim is a Sales Representative with 12 years of experience helping organizations improve customer. At Nova Metrics, they partnered with business stakeholders to design and execute solutions that improved performance, workflow, and customer outcomes. drove measurable impact across product, delivery, and customer experience. led strategic initiatives impacting 7 teams and 7096 stakeholders. 12 years of experience delivering customer across enterprise clients and cross-functional teams.

Core capabilities include Sales Strategy, Closing, CRM, Pipeline Management, Negotiation, Account Management. Proficient with HubSpot, Salesforce, Outlook, ZoomInfo. Strong background in process design, stakeholder communication, reporting, and performance optimization. They are passionate about turning business goals into action plans that deliver measurable results in fast-moving environments."
sales_representative_081,Daniel Young,Sales Representative,Sales Representative,8,"Daniel Young is a Sales Representative with 8 years of experience helping organizations improve customer. At Signal Forge, they partnered with business stakeholders to design and execute solutions that improved performance, workflow, and customer outcomes. improved operational efficiency by 42%. drove measurable impact across product, delivery, and customer experience. 8 years of experience delivering customer across remote-first teams and enterprise clients.

Core capabilities include Presentation, Pipeline Management, Lead Generation, Account Management, CRM, Sales Strategy. Proficient with Salesforce, Outlook, Excel, LinkedIn Sales. Strong background in process design, stakeholder communication, reporting, and performance optimization. They are passionate about turning business goals into action plans that deliver measurable results in fast-moving environments."
sales_representative_082,Mia Moore,Sales Representative,Sales Representative,11,"Mia Moore is a Sales Representative with 11 years of experience helping organizations improve customer. At Vertex Studios, they partnered with business stakeholders to design and execute solutions that improved performance, workflow, and customer outcomes. 11 years of experience delivering customer across startup stakeholders and remote-first teams. drove measurable impact across product, delivery, and customer experience. improved operational efficiency by 43%.

Core capabilities include Closing, Lead Generation, Account Management, Pipeline Management, Presentation, Sales Strategy. Proficient with LinkedIn Sales, Outlook, Excel, ZoomInfo. Strong background in process design, stakeholder communication, reporting, and performance optimization. They are passionate about turning business goals into action plans that deliver measurable results in fast-moving environments."
sales_representative_083,Sophia Lee,Sales Representative,Business Development Manager,12,"Sophia Lee is a Business Development Manager with 12 years of experience helping organizations improve account. At Crestline Partners, they partnered with business stakeholders to design and execute solutions that improved performance, workflow, and customer outcomes. drove measurable impact across product, delivery, and customer experience. led strategic initiatives impacting 10 teams and 11022 stakeholders. 12 years of experience delivering account across enterprise clients and regional partners.

Core capabilities include Negotiation, Pipeline Management, Closing, Lead Generation, Account Management, Sales Strategy. Proficient with Salesforce, HubSpot, Outlook, Excel. Strong background in process design, stakeholder communication, reporting, and performance optimization. They are passionate about turning business goals into action plans that deliver measurable results in fast-moving environments."
sales_representative_084,Ethan Smith,Sales Representative,Account Executive,9,"Ethan Smith is a Account Executive with 9 years of experience helping organizations improve customer. At EchoWorks, they partnered with business stakeholders to design and execute solutions that improved performance, workflow, and customer outcomes. 9 years of experience delivering customer across enterprise clients and cross-functional teams. led strategic initiatives impacting 11 teams and 2816 stakeholders. drove measurable impact across product, delivery, and customer experience.

Core capabilities include Negotiation, Sales Strategy, Lead Generation, Pipeline Management, Account Management, Presentation. Proficient with ZoomInfo, Outlook, LinkedIn Sales, Excel. Strong background in process design, stakeholder communication, reporting, and performance optimization. They are passionate about turning business goals into action plans that deliver measurable results in fast-moving environments."
sales_representative_085,Alexander Jackson,Sales Representative,Business Development Manager,2,"Alexander Jackson is a Business Development Manager with 2 years of experience helping organizations improve lead generation. At Validus Capital, they partnered with business stakeholders to design and execute solutions that improved performance, workflow, and customer outcomes. 2 years of experience delivering lead generation across startup stakeholders and cross-functional teams. improved operational efficiency by 24%. led strategic initiatives impacting 5 teams and 6271 stakeholders.

Core capabilities include CRM, Account Management, Sales Strategy, Presentation, Pipeline Management, Negotiation. Proficient with HubSpot, Excel, LinkedIn Sales, Salesforce. Strong background in process design, stakeholder communication, reporting, and performance optimization. They are passionate about turning business goals into action plans that deliver measurable results in fast-moving environments."
sales_representative_086,Henry Garcia,Sales Representative,Account Executive,5,"Henry Garcia is a Account Executive with 5 years of experience helping organizations improve customer. At CloudBridge, they partnered with business stakeholders to design and execute solutions that improved performance, workflow, and customer outcomes. led strategic initiatives impacting 19 teams and 13390 stakeholders. 5 years of experience delivering customer across startup stakeholders and regional partners. drove measurable impact across product, delivery, and customer experience.

Core capabilities include Sales Strategy, CRM, Pipeline Management, Negotiation, Lead Generation, Presentation. Proficient with HubSpot, Outlook, Salesforce, ZoomInfo. Strong background in process design, stakeholder communication, reporting, and performance optimization. They are passionate about turning business goals into action plans that deliver measurable results in fast-moving environments."
sales_representative_087,James Young,Sales Representative,Sales Representative,10,"James Young is a Sales Representative with 10 years of experience helping organizations improve customer. At BrightPath Group, they partnered with business stakeholders to design and execute solutions that improved performance, workflow, and customer outcomes. 10 years of experience delivering customer across regional partners and startup stakeholders. led strategic initiatives impacting 17 teams and 8452 stakeholders. improved operational efficiency by 29%.

Core capabilities include Presentation, Account Management, Negotiation, Closing, Lead Generation, Pipeline Management. Proficient with Excel, Salesforce, LinkedIn Sales, ZoomInfo. Strong background in process design, stakeholder communication, reporting, and performance optimization. They are passionate about turning business goals into action plans that deliver measurable results in fast-moving environments."
sales_representative_088,Sebastian Smith,Sales Representative,Sales Representative,2,"Sebastian Smith is a Sales Representative with 2 years of experience helping organizations improve sales. At Validus Capital, they partnered with business stakeholders to design and execute solutions that improved performance, workflow, and customer outcomes. 2 years of experience delivering sales across regional partners and cross-functional teams. drove measurable impact across product, delivery, and customer experience. improved operational efficiency by 40%.

Core capabilities include Lead Generation, Negotiation, Account Management, Pipeline Management, Presentation, Sales Strategy. Proficient with HubSpot, Outlook, Excel, Salesforce. Strong background in process design, stakeholder communication, reporting, and performance optimization. They are passionate about turning business goals into action plans that deliver measurable results in fast-moving environments."
sales_representative_089,Nora Patel,Sales Representative,Business Development Manager,9,"Nora Patel is a Business Development Manager with 9 years of experience helping organizations improve negotiation. At Validus Capital, they partnered with business stakeholders to design and execute solutions that improved performance, workflow, and customer outcomes. 9 years of experience delivering negotiation across regional partners and enterprise clients. drove measurable impact across product, delivery, and customer experience. led strategic initiatives impacting 13 teams and 5052 stakeholders.

Core capabilities include Presentation, Sales Strategy, Account Management, Closing, Lead Generation, CRM. Proficient with Excel, LinkedIn Sales, HubSpot, Salesforce. Strong background in process design, stakeholder communication, reporting, and performance optimization. They are passionate about turning business goals into action plans that deliver measurable results in fast-moving environments."
sales_representative_090,David Scott,Sales Representative,Business Development Manager,8,"David Scott is a Business Development Manager with 8 years of experience helping organizations improve sales. At Crestline Partners, they partnered with business stakeholders to design and execute solutions that improved performance, workflow, and customer outcomes. improved operational efficiency by 29%. drove measurable impact across product, delivery, and customer experience. led strategic initiatives impacting 5 teams and 12734 stakeholders.

Core capabilities include Closing, Pipeline Management, Account Management, Sales Strategy, CRM, Lead Generation. Proficient with ZoomInfo, Outlook, HubSpot, LinkedIn Sales. Strong background in process design, stakeholder communication, reporting, and performance optimization. They are passionate about turning business goals into action plans that deliver measurable results in fast-moving environments."
sales_representative_091,Ella Taylor,Sales Representative,Account Executive,8,"Ella Taylor is a Account Executive with 8 years of experience helping organizations improve customer. At BluePeak Solutions, they partnered with business stakeholders to design and execute solutions that improved performance, workflow, and customer outcomes. drove measurable impact across product, delivery, and customer experience. led strategic initiatives impacting 15 teams and 4662 stakeholders. improved operational efficiency by 39%.

Core capabilities include Presentation, Closing, Negotiation, Pipeline Management, CRM, Lead Generation. Proficient with Salesforce, HubSpot, LinkedIn Sales, Outlook. Strong background in process design, stakeholder communication, reporting, and performance optimization. They are passionate about turning business goals into action plans that deliver measurable results in fast-moving environments."
sales_representative_092,Ava Thomas,Sales Representative,Account Executive,6,"Ava Thomas is a Account Executive with 6 years of experience helping organizations improve account. At CloudBridge, they partnered with business stakeholders to design and execute solutions that improved performance, workflow, and customer outcomes. 6 years of experience delivering account across regional partners and startup stakeholders. drove measurable impact across product, delivery, and customer experience. improved operational efficiency by 49%.

Core capabilities include Sales Strategy, Lead Generation, CRM, Presentation, Negotiation, Account Management. Proficient with ZoomInfo, Excel, LinkedIn Sales, Salesforce. Strong background in process design, stakeholder communication, reporting, and performance optimization. They are passionate about turning business goals into action plans that deliver measurable results in fast-moving environments."
sales_representative_093,Leo Harris,Sales Representative,Business Development Manager,10,"Leo Harris is a Business Development Manager with 10 years of experience helping organizations improve pipeline. At CloudBridge, they partnered with business stakeholders to design and execute solutions that improved performance, workflow, and customer outcomes. drove measurable impact across product, delivery, and customer experience. 10 years of experience delivering pipeline across cross-functional teams and remote-first teams. improved operational efficiency by 47%.

Core capabilities include Pipeline Management, Lead Generation, CRM, Sales Strategy, Negotiation, Account Management. Proficient with Outlook, LinkedIn Sales, Salesforce, HubSpot. Strong background in process design, stakeholder communication, reporting, and performance optimization. They are passionate about turning business goals into action plans that deliver measurable results in fast-moving environments."
sales_representative_094,Matthew Young,Sales Representative,Account Executive,3,"Matthew Young is a Account Executive with 3 years of experience helping organizations improve negotiation. At Mercury Systems, they partnered with business stakeholders to design and execute solutions that improved performance, workflow, and customer outcomes. 3 years of experience delivering negotiation across regional partners and startup stakeholders. led strategic initiatives impacting 15 teams and 3800 stakeholders. drove measurable impact across product, delivery, and customer experience.

Core capabilities include Pipeline Management, Presentation, Closing, Account Management, Sales Strategy, Negotiation. Proficient with LinkedIn Sales, Excel, Salesforce, Outlook. Strong background in process design, stakeholder communication, reporting, and performance optimization. They are passionate about turning business goals into action plans that deliver measurable results in fast-moving environments."
sales_representative_095,Samuel Brown,Sales Representative,Business Development Manager,2,"Samuel Brown is a Business Development Manager with 2 years of experience helping organizations improve negotiation. At Evergreen Consulting, they partnered with business stakeholders to design and execute solutions that improved performance, workflow, and customer outcomes. improved operational efficiency by 67%. drove measurable impact across product, delivery, and customer experience. 2 years of experience delivering negotiation across remote-first teams and enterprise clients.

Core capabilities include Presentation, CRM, Pipeline Management, Account Management, Sales Strategy, Lead Generation. Proficient with Outlook, HubSpot, LinkedIn Sales, ZoomInfo. Strong background in process design, stakeholder communication, reporting, and performance optimization. They are passionate about turning business goals into action plans that deliver measurable results in fast-moving environments."
sales_representative_096,Jack Harris,Sales Representative,Business Development Manager,12,"Jack Harris is a Business Development Manager with 12 years of experience helping organizations improve revenue. At Harbor Analytics, they partnered with business stakeholders to design and execute solutions that improved performance, workflow, and customer outcomes. 12 years of experience delivering revenue across enterprise clients and cross-functional teams. led strategic initiatives impacting 16 teams and 1208 stakeholders. drove measurable impact across product, delivery, and customer experience.

Core capabilities include Lead Generation, Pipeline Management, Presentation, Closing, CRM, Account Management. Proficient with Salesforce, Outlook, LinkedIn Sales, HubSpot. Strong background in process design, stakeholder communication, reporting, and performance optimization. They are passionate about turning business goals into action plans that deliver measurable results in fast-moving environments."
sales_representative_097,Mia Taylor,Sales Representative,Account Executive,8,"Mia Taylor is a Account Executive with 8 years of experience helping organizations improve revenue. At Crestline Partners, they partnered with business stakeholders to design and execute solutions that improved performance, workflow, and customer outcomes. led strategic initiatives impacting 23 teams and 4138 stakeholders. drove measurable impact across product, delivery, and customer experience. improved operational efficiency by 67%.

Core capabilities include Presentation, Sales Strategy, Pipeline Management, Account Management, CRM, Lead Generation. Proficient with HubSpot, Salesforce, LinkedIn Sales, Excel. Strong background in process design, stakeholder communication, reporting, and performance optimization. They are passionate about turning business goals into action plans that deliver measurable results in fast-moving environments."
sales_representative_098,Alexander Thomas,Sales Representative,Account Executive,2,"Alexander Thomas is a Account Executive with 2 years of experience helping organizations improve customer. At BluePeak Solutions, they partnered with business stakeholders to design and execute solutions that improved performance, workflow, and customer outcomes. improved operational efficiency by 62%. led strategic initiatives impacting 8 teams and 1779 stakeholders. drove measurable impact across product, delivery, and customer experience.

Core capabilities include Closing, Account Management, Sales Strategy, Presentation, Lead Generation, Pipeline Management. Proficient with ZoomInfo, Salesforce, Outlook, Excel. Strong background in process design, stakeholder communication, reporting, and performance optimization. They are passionate about turning business goals into action plans that deliver measurable results in fast-moving environments."
sales_representative_099,Leo Wilson,Sales Representative,Sales Representative,11,"Leo Wilson is a Sales Representative with 11 years of experience helping organizations improve customer. At Crestline Partners, they partnered with business stakeholders to design and execute solutions that improved performance, workflow, and customer outcomes. drove measurable impact across product, delivery, and customer experience. improved operational efficiency by 27%. led strategic initiatives impacting 9 teams and 2914 stakeholders.

Core capabilities include Sales Strategy, Lead Generation, Presentation, CRM, Pipeline Management, Negotiation. Proficient with Outlook, ZoomInfo, LinkedIn Sales, Salesforce. Strong background in process design, stakeholder communication, reporting, and performance optimization. They are passionate about turning business goals into action plans that deliver measurable results in fast-moving environments."
